pvm;pvm;;Omat sijoitukset ed. merk.;nordnet;OP osakkeet;TAPIOLA;S - sijoitus;osak-keet yht.;Kaikki Lainat;tulotili - visa ja jatkuva luotto;Tulotili;elatustili;tavoitetili;S - pankki;OP GOLD;Tilit yht;Tilit+ osakkeet yht;VISA;Jakuva luottotili;asuntolaina;asuntolaina (peruskorjaus);AUTOLAINA;ASUNTOLAINA yht;visa + OP GOLD + luottotili;lasten sijoitusrahastoon;;huom.;OsakeOstot;Myynti;Siirrto arvo-osuustilille;Siirto arvo-osuustililtä;Osinko;omaisuus - lainat;LAINALYHENNYS+KORKO KK;kulutus kuukaudessa;vuosikehitys %;vuosikehitys euroissa;kehitys 2017 asti;Tulotilin kk seu-ranta %;Tuohi-kortti;ASUNTOLAINA remontti;Tulotilin kuukausi seuranta;op osakekaupankäynti raha ei vielä tilillä;Isot hankinnat;OSINGOT nordnet;OSINGOT op;RAHASTOT;Autolaina tulotilillä;;;;;
2016;2016;;;;;;;;;0;;;;;;;0;;;;;;;;;;;;;;;;;;;;;;;;;;;;;;;;;;;;
06.09.16;06.09.16;;;;36 288;;;;;0;;;;;;;0;;;;;;;;;;;;;;;;;;;;;;;;;;;;;;7018;;;;;;
17.10.16;17.10.16;;;;37 096;;;44 028;;920;920;477;100;;;1 497;45 525;;;;;;;;;;;;;;;;;;;;;;;;;;;;;;6932;;;;;;
20.10.16;20.10.16;;-100,00 %;;;;;;;0;;;;;;0;0;;;;;;;;;;;;;;;;;;;;;;;;;;;;;;myynti delta kauppahinta 4640,19;;;;;;
;;;;;37 836;;;44 899;;903;903;477;100;;;1 480;46 379;;;;;;;;;;;;;;;;;;;;;;;;;;;;;;7063;;;;;;
14.11.16;14.11.16;;-7,00 %;2 944;36 476;;;41 754;;2 181;2 181;77;100;;;2 358;44 112;;;;;;;;;;;;;;;;;;;;;;;;;;;;;;2334;;;;;;
01.12.16;01.12.16;;1,35 %;3 028;36 916;;;42 319;;7 734;7 734;177;200;;;8 111;50 430;;;;;;;;;;;;;;;;;;;;;;;;;;;;;;2375;;;;;;
16.12.16;16.12.16;;5,77 %;3 043;39 239;;;44 759;;5 397;5 397;177;300;;;5 874;50 633;;;;;;;;;;;;;;;;;;;;;;;;;;;;;;2477;;;;;;
23.12.16;23.12.16;;-100,00 %;;;;;;;0;;;;;;0;0;;;;;;;;;;Osto -1690 piano;;;;;;;;;;;;;;;;;1690,00 €;piano;;;;;;;;
2017;2017;;;;;;;;;0;;;;;;0;0;;;;;;;;;;;;;;;;;;;;;;;;;;;;;;;;;;;;2017
04.01.17;04.01.17;;;3 194;39 750;;;45 477;;3 872;3 872;227;300;;;4 399;49 876;;;;;;;;;;;;;;;;;;;;;;;;;;;;;;2533;;;;;;
12.01.17;12.01.17;;0,00 %;3 194;39 750;;;45 477;;0;;;;;;0;45 477;;;;;;;;;;siirsin 8166e nordnettiin;;;;;;;;;0,0 %;0;;;;;;;;;;2533;;;;;;
12.01.17;12.01.17;;-2,08 %;8 385;36 145;;;44 530;;2 234;2 234;227;300;;;2 761;47 291;;;;;;;;;;;;;;;;;;;-2,1 %;-947;-2,13 %;;;;;;;;;0;;;;;;
25.01.17;25.01.17;;2,25 %;8 479;37 051;;;45 530;;1 039;1 039;727;400;;;2 166;47 696;;;;;;;;;;;;;;;;;;;0,1 %;53;0,12 %;;;;;;;;;0;;;;;;
30.01.17;30.01.17;;-100,00 %;;;;;;;0;;;;;;0;0;;;;;;;;;;Osto -1000e Genelec kaiuttimet;;;;;;;;;;-45 477;;;;;;;1000,00 €;kaiuttimet;;;;;;;;
01.02.17;01.02.17;;;8 275;36 819;;;45 094;;3 266;3 266;327;400;;;3 993;49 087;;;;;;;;;;;;;;;;;;;-0,8 %;-383;-0,85 %;;;;;;;;;0;;;;;;
01.03.17;01.03.17;;1,38 %;8 322;37 396;;;45 718;;2 106;2 106;527;500;;;3 133;48 851;;;;;;;;;;;;;;;;;;;0,5 %;241;0,53 %;;;;;;;;;;;;;;;
17.03.17;17.03.17;;0,95 %;8 412;37 739;;;46 151;;643;643;527;600;;;1 770;47 921;;;;;;;;;;;;;;;;;;;1,5 %;674;1,46 %;;;;;;;;;0;;;;;;
13.04.17;13.04.17;;-3,59 %;8 352;36 142;;;44 494;;2 380;2 380;452;600;;;3 432;47 926;;;;;;;;;;;;;;;;;;;-2,2 %;-983;-2,21 %;;;;;;;;;0;;;;;;
25.04.17;25.04.17;;2,82 %;8 480;37 268;;;45 748;;1 741;1 741;52;700;;;2 493;48 241;;;;;;;;;;;;;;;;;;;0,6 %;271;0,59 %;;;;;;;;;0;;;;;;
28.04.17;28.04.17;;2,70 %;8 344;38 639;;;46 983;;1 600;1 600;52;700;;;2 352;49 335;;;;;;;;;;;;;;;;;;;3,2 %;1 506;3,21 %;;;;;;;;;0;;;;;;
02.05.17;02.05.17;;1,00 %;8 380;39 072;;;47 452;0;1 820;1 820;502;700;;;3 022;50 474;;;;;;51 357;0;;;Osto -1216e sänky;;;;;;50 474;;;4,2 %;1 975;4,16 %;;;;;;1 216,00 €;sänky;;0;;;;;;
10.05.17;10.05.17;;0,71 %;8 480;39 311;;;47 791;0;789;789;502;700;;;1 991;49 782;;;;;;50 891;0;;;;;;;;;49 782;;;4,8 %;2 314;4,84 %;;;;;;;;;0;;;;;;
11.05.17;11.05.17;;-1,34 %;7 506;39 644;;;47 150;0;1 741;1 741;502;700;;;2 943;50 093;;;;;;50 891;0;;;;;;;Siirto 1000e nordnetistä op:iin;;50 093;;;3,5 %;1 673;3,55 %;;;;;;1000,00 €;käyttötilille;;0;;;;;;
12.05.17;12.05.17;;0,00 %;7 506;39 644;;;47 150;0;1 741;1 741;502;700;;;2 943;50 093;;;;;;50 891;0;;;;;osakemyynti: metso, asiakastieto, ramirent;;;;50 093;;;3,5 %;1 673;;;;;;;;;;;;;;;;
17.05.17;17.05.17;;-28,15 %;7 497;26 380;;;33 877;0;14 390;14 390;502;800;;;15 692;49 569;;;;;;50 891;0;;;;;;;;;49 569;;;-34,2 %;-11 600;-34,24 %;;;;;;;;;0;;;;;;
22.05.17;22.05.17;;1,59 %;7 460;26 955;;;34 415;0;14 154;14 154;502;800;;;15 456;49 871;;;;;;50 891;0;;;;;;;;;49 871;;;-32,1 %;-11 062;-32,14 %;;;;;;;;;;;;;;;
24.05.17;24.05.17;;-0,41 %;7 494;26 780;;;34 274;0;18 296;18 296;502;800;;;19 598;53 872;;;;;;50 891;0;;;;;;;;;53 872;;;-32,7 %;-11 203;-32,69 %;;;;;;;;;;;;;;;
26.06.17;26.06.17;;-1,90 %;7 504;26 120;;;33 624;0;15 550;15 550;152;900;;;16 602;50 226;;;;;;50 427;0;;;kesäkuussa makuuhuoneen vaatekaapit. Lontoon lento +hotelli maksu.;;;;;;50 226;;;-35,3 %;-11 853;-35,25 %;;;;;;;Lontoonreissu;;;;;;;;
07.07.17;07.07.17;;28,02 %;17 106;25 939;;;43 045;0;7 131;7 131;152;900;;;8 183;51 228;;;;;;49 960;0;;;;;;;;;51 228;;;-5,6 %;-2 432;-5,65 %;;;;;;;;;;;;;;;
16.07.17;16.07.17;;2,53 %;17 250;26 885;;;44 135;0;6 486;6 486;152;900;;;7 538;51 673;;;;;;49 960;0;;;;;;;;;51 673;;;-3,0 %;-1 342;-3,04 %;;;;;;;;;;;;;;;
19.07.17;19.07.17;;-0,39 %;17 321;26 643;;;43 964;0;6 186;6 186;152;1 000;;;7 338;51 302;;;;;;49 960;0;;;;;;;;;51 302;;;-3,4 %;-1 513;-3,44 %;;;;;;;;;;;;;;;
23.07.17;23.07.17;;-3,15 %;17 149;25 429;;;42 578;0;4 781;4 781;352;1 000;;;6 133;48 711;;;;;;49 960;0;;;elatusmaksu 600;;;;;;48 711;;;-6,8 %;-2 899;-6,81 %;;;;;;;;;;;;;;;
29.07.17;29.07.17;;-0,26 %;17 050;25 418;;;42 468;;;4 525;352;1 000;;;5 877;48 345;;;;;;49 960;;;;;;;;;;;;;-7,1 %;-3 009;-7,09 %;;;;;;;;;;;;;;;
07.08.17;07.08.17;;0,51 %;17 219;25 467;;;42 686;;;6 054;352;1 000;;;7 406;50 092;;;;;;49 494;;;;;;;;;;;;;-6,5 %;-2 791;-6,54 %;;;;;;;;;;;;;;;
08.08.17;08.08.17;;0,58 %;17 280;25 653;;;42 933;;;5 990;352;1 000;;;7 342;50 275;;;;;;49 494;;;;;;;;;;;;;-5,9 %;-2 544;-5,93 %;;;;;;500,00 €;tytöille puhellimet;;;;;;;;
16.08.17;16.08.17;;-0,62 %;17 071;25 597;;;42 668;;;5 562;352;1 100;;;7 014;49 682;;;;;;49 494;;;;;;;;;;;;;-6,6 %;-2 809;-6,58 %;;;;;;;;;;;;;;;
17.08.17;17.08.17;;0,66 %;17 166;25 785;;;42 951;;;4 894;352;1 100;;;6 346;49 297;;;;;;49 494;;;;;;;;;;;;;-5,9 %;-2 526;-5,88 %;;;;;;;;;;;;;;;
25.08.17;25.08.17;;0,91 %;17 221;26 119;;;43 340;;;4 330;352;1 100;;;5 782;49 122;;;;;;49 494;;;;;;;;;;;;;-4,9 %;-2 137;-4,93 %;;;;;;;;;;;;;;;
31.08.17;31.08.17;;0,43 %;17 240;26 286;;;43 526;;;3 549;652;1 100;;;5 301;48 827;;;;;;49 494;;;;;;;;;;;;;-4,5 %;-1 951;-4,48 %;;;;;;;;;;;;;;;
01.09.17;01.09.17;;0,09 %;17 261;26 306;;;43 567;;;5 911;652;1 100;;;7 663;51 230;;;;;;49 494;;;;;;;;;;;;;-4,4 %;-1 910;-4,38 %;;;;;;;;;;;;;;;
05.09.17;05.09.17;;-0,40 %;17 218;26 176;;;43 394;;;5 382;652;1 100;;;7 134;50 528;;;;;;49 028;;;;;;;;;;;;;-4,8 %;-2 083;-4,80 %;;;;;;;;;;;;;;;
07.09.17;07.09.17;;-0,33 %;17 160;26 092;;;43 252;;;5 370;652;1 100;;;7 122;50 374;;;;;;49 028;;;;;;;;;;;;;-5,1 %;-2 225;-5,14 %;;;;;;;;;;;;;;;
08.09.17;08.09.17;;0,03 %;17 165;26 102;;;43 267;;;5 370;652;1 100;;;7 122;50 389;;;;;;49 028;;;;;;;;;;;;;-5,1 %;-2 210;-5,11 %;;;;;;;;;;;;;;;
11.09.17;11.09.17;;0,49 %;17 300;26 177;;;43 477;;;4 994;652;1 100;;;6 746;50 223;;;;;;49 028;;;;;;;;;;;;;-4,6 %;-2 000;-4,60 %;;;;;;;;;;;;;;;
12.09.17;12.09.17;;0,51 %;17 427;26 273;;;43 700;;;4 970;652;1 100;;;6 722;50 422;;;;;;49 028;;;;;;;;;;;;;-4,1 %;-1 777;-4,07 %;;;;;;;;;;;;;;;
13.09.17;13.09.17;;0,14 %;17 390;26 369;;;43 759;;;4 962;652;1 100;;;6 714;50 473;;;;;;49 028;;;;;;;;;;;;;-3,9 %;-1 718;-3,93 %;;;;;;;;;;;;;;;
14.09.17;14.09.17;;-0,05 %;17 359;26 376;;;43 735;;;4 963;652;1 100;;;6 715;50 450;;;;;;49 028;;;;;;;;;;;;;-4,0 %;-1 742;-3,98 %;;;;;;;;;;;;;;;
15.09.17;15.09.17;;1,41 %;18 132;26 219;;;44 351;;;3 797;652;1 200;;;5 649;50 000;;;;;;49 028;;;;;;;Siirto Tililtä 1000e  Nordnettiin;;;;;;-2,5 %;-1 126;-2,54 %;;;;;;;;;;;;;;;
18.09.17;18.09.17;;1,97 %;18 725;26 500;;;45 225;;;3 188;252;1 200;;;4 640;49 865;;;;;;49 028;;;;elatusmaksu syyskuu 400e;;;Siirto Nordnettiin 500e, ;;;;;;-0,6 %;-252;-0,56 %;;;;;;;;;;;;;;;
19.09.17;19.09.17;;0,10 %;18 759;26 512;;;45 271;;;2 687;252;1 200;;;4 139;49 410;;;;;;49 028;;;;Rovio osakeanti 101 osaketta, sängyn uusiminen pehmeämpään -449, satulatuoli 45;;;;;;;;;-0,5 %;-206;-0,46 %;;;;;;;;;;;;;;;
20.09.17;20.09.17;;1,12 %;18 820;26 959;;;45 779;;;2 644;252;1 200;;;4 096;49 875;;;;;;49 028;;;;(Fortum aikoo ostaa saksalaisen Unipein) ;;;;;;;;;0,7 %;302;0,66 %;;;;;;;;;;;;;;;
21.09.17;21.09.17;;-0,37 %;18 788;26 823;;;45 611;;;2 561;252;1 200;;;4 013;49 624;;;;;;49 028;;;;(Fortum laskee);;;;;;;;;0,3 %;134;0,29 %;;;;;;;;;;;;;;;
25.09.17;25.09.17;;-0,44 %;18 733;26 678;;;45 411;;;2 561;252;1 200;;;4 013;49 424;;;;;;49 028;;;;;;FORTUM MYYNTI;;;;;;;-0,1 %;-66;-0,15 %;;;;;;;;;;;;;;;
26.09.17;26.09.17;;0,01 %;18 739;26 677;;;45 416;;;2 561;252;1 200;;;4 013;49 429;;;;;;49 028;;;;;;;;;;;;;-0,1 %;-61;-0,13 %;;;;;;;;;;;;;;;
27.09.17;27.09.17;;0,54 %;28 376;17 284;;;45 660;;;2 261;252;1 200;;;3 713;49 373;;;;;;49 028;;;;;;;TILISIIRTO NORDNETTIIN 9600 (fortum omistus opsta);;;;;;0,4 %;183;0,40 %;;;;;;;;;;;;;;;
28.09.17;28.09.17;;0,29 %;28 512;17 279;;;45 791;;;2 261;252;1 200;;;3 713;49 504;;;;;;49 028;;;;;;;;;;;;;0,7 %;314;0,69 %;;;;;;;;;;;;;;;
29.09.17;29.09.17;pe;0,18 %;28 502;17 370;;;45 872;;;2 179;252;1 200;;;3 631;49 503;;;;;;49 028;;;;;;Rovio prelistalla. MYYNTI TELIA;;;;;;;0,9 %;395;0,86 %;;;;;;;;;;;;;;;
02.10.17;02.10.17;ma;0,36 %;28 587;17 451;;;46 038;;;4 519;252;1 200;;;5 971;52 009;;;;;;49 028;;;;;;;;;;;;;1,2 %;561;1,22 %;;;;;;;;;;;;;;;
03.10.17;03.10.17;ti;0,43 %;30 092;16 146;;;46 238;;;3 981;252;1 200;;;5 433;51 671;;;;;;49 028;;;;;;;SIIRTO NORDNETTIIN 1400;;;;;;1,6 %;761;1,65 %;11,9 %;;;538;;;;;;;;;;;
04.10.17;04.10.17;ke;-0,22 %;29 980;16 154;;;46 134;;;3 905;252;1 200;;;5 357;51 491;;;;;;49 028;;;;;;;;;;;;;1,4 %;657;1,42 %;13,6 %;;;614;;;;;;;;;;;
05.10.17;05.10.17;to;0,51 %;30 147;16 224;;;46 371;;;3 391;252;1 200;;;4 843;51 214;;;;;;48 560;;;;;;;;;;;;;1,9 %;894;1,93 %;25,0 %;;;1 128;;;;;;;;;;;
06.10.17;06.10.17;pe;0,06 %;30 206;16 195;;;46 401;;;3 085;252;1 200;;;4 537;50 938;;;;;;48 560;;;;Tytöille 50/tyttö. Ostin B&Wkuulokkeet;;;;;;;;;2,0 %;924;1,99 %;31,7 %;;;1 434;;;;;;;;;;;
09.10.17;09.10.17;ma;0,17 %;30 226;16 256;;;46 482;;;2 900;252;1 200;;;4 352;50 834;;;;;;48 560;;;;;;;;;;;;;2,2 %;1 005;2,16 %;35,8 %;;;1 619;;;;;;;;;;;
10.10.17;10.10.17;ti;-0,17 %;30 204;16 197;;;46 401;;;2 636;252;1 200;;;4 088;50 489;;;;;;48 560;;;;;;;;;;;;;2,0 %;924;1,99 %;41,7 %;;;1 883;;;;;;;;;;;
11.10.17;11.10.17;ke;0,05 %;30 227;16 197;;;46 424;;;2 071;252;1 200;;;3 523;49 947;;;;;;48 560;;;;OSTO puhelin honor 8, Ikea petauspatja;;;;;;;;;2,0 %;947;2,04 %;54,2 %;;;2 448;;300,00 €;puhelin honor8;;;;;;;;
12.10.17;12.10.17;to;-0,36 %;30 270;15 987;;;46 257;;;2 020;252;1 200;;;3 472;49 729;;;;;;48 560;;;;;;;;;;;;;1,7 %;780;1,69 %;55,3 %;;;2 499;;;;;;;;;;;
16.10.17;16.10.17;MA;-0,23 %;30 317;15 834;;;46 151;;;1 013;302;1 300;;;2 615;48 766;;;;;;48 560;;;;;;;;;;;;;1,5 %;674;1,46 %;77,6 %;;;3 506;;;;;;;;;;;
17.10.17;17.10.17;ti;0,42 %;30 453;15 891;;;46 344;;;985;302;1 300;;;2 587;48 931;;;;;;48 560;;;;;;;;;;;;;1,9 %;867;1,87 %;78,2 %;;;3 534;;;;;;;;;;;
18.10.17;18.10.17;ke;0,51 %;30 608;15 974;;;46 582;;;950;302;1 300;;;2 552;49 134;;;;;;48 560;;;;;;;;;;;;;2,4 %;1 105;2,37 %;79,0 %;;;3 569;;;;;;;;;;;
19.10.17;19.10.17;to;-0,32 %;30 504;15 931;;;46 435;;;950;302;1 300;;;2 552;48 987;;;;;;48 560;;;;;;;;;;;;;2,1 %;958;2,06 %;79,0 %;;;3 569;;;;;;;;;;;
20.10.17;20.10.17;pe;0,96 %;30 724;16 159;;;46 883;;;827;302;1 300;;;2 429;49 312;;;;;;48 560;;;;;;;;;;;;;3,0 %;1 406;3,00 %;81,7 %;;;3 692;;;;;;;;;;;
23.10.17;23.10.17;MA;-0,40 %;30 676;16 020;;;46 696;;;766;302;1 300;;;2 368;49 064;;;;;;48 560;;;;;;;;;;;;;2,6 %;1 219;2,61 %;83,0 %;;;3 753;;;;;;;;;;;
24.10.17;24.10.17;ti;-0,40 %;30 611;15 898;;;46 509;;;725;302;1 300;;;2 327;48 836;;;;;;48 560;;;;;;;;;;;;;2,2 %;1 032;2,22 %;84,0 %;;;3 794;;;;;;;;;;;
25.10.17;25.10.17;ke;-0,40 %;30 541;15 781;;;46 322;;;643;302;1 300;;;2 245;48 567;;;;;;48 560;;;;;;;;;;;;;1,8 %;845;1,82 %;85,8 %;;;3 876;;;;;;;;;;;
26.10.17;26.10.17;to;-3,58 %;29 993;14 669;;;44 662;;;311;302;1 300;;;1 913;46 575;;;;;;48 560;;;;;;;;;;;;;-1,8 %;-815;-1,82 %;93,1 %;;;4 208;;;;;;;;;;;
27.10.17;27.10.17;pe;0,51 %;30 087;14 804;;;44 891;;;311;302;1 300;;;1 913;46 804;;;;;;48 560;;;;;;;;;;;;;-1,3 %;-586;-1,31 %;93,1 %;;;4 208;;;;;;;;;;;
30.10.17;30.10.17;MA;-1,06 %;29 772;14 642;;;44 414;;;245;302;1 300;;;1 847;46 261;;;;;;48 560;;;;;;;;;;;;;-2,4 %;-1 063;-2,39 %;94,6 %;;;4 274;;;;;;;;;;;
31.10.17;31.10.17;ti;0,14 %;29 848;14 629;;;44 477;;;245;302;1 300;;;1 847;46 324;;;;;;48 560;;;;;;MYYNTI Kemira;;;;;;;-2,2 %;-1 000;-2,25 %;;;;;;;;;;;;;;;
01.11.17;01.11.17;ke;0,67 %;30 068;14 706;;;44 774;;;2 664;302;1 300;;;4 266;49 040;;;;;;48 560;;;; ;;;;;;;;;-1,6 %;-703;-1,57 %;;;;;;;;;;;;;;;
02.11.17;02.11.17;to;0,71 %;30 249;14 841;;;45 090;;;2 664;302;1 300;;;4 266;49 356;;;;;;48 560;;;; ;;;;;;;;;-0,9 %;-387;-0,86 %;0,0 %;;;0;;;;;;;;;;;
03.11.17;03.11.17;pe;-0,02 %;30 277;14 806;;;45 083;;;2 664;302;1 300;;;4 266;49 349;;;;;;48 560;;;; ;;;;;;;;;-0,9 %;-394;-0,87 %;0,0 %;;;0;;;;;;;;;;;
07.11.17;07.11.17;ti;-1,14 %;29 983;14 586;;;44 569;;;1 756;302;1 300;;;3 358;47 927;;;;;;48 093;;;;Tahkon majoitus maksettu 558;;;Kemira talletustilille;;;;;;-2,0 %;-908;-2,04 %;34,1 %;;;908;;;;;;;;;;;
08.11.17;08.11.17;ke;-0,52 %;29 902;14 437;;;44 339;;;1 710;302;1 300;;;3 312;47 651;;;;;;48 093;;;;;;;;;;;;;-2,6 %;-1 138;-2,57 %;35,8 %;;;954;;;;;;;;;;;
09.11.17;09.11.17;to;-0,53 %;29 592;14 510;;;44 102;;;1 710;302;1 300;;;3 312;47 414;;;;;;48 093;;;;;;;;;;;;;-3,1 %;-1 375;-3,12 %;35,8 %;;;954;;;;;;;;;;;
13.11.17;13.11.17;ma;0,72 %;30 171;14 250;;;44 421;;;992;302;500;;;1 794;46 215;;;;;;48 093;;;;;;;Tilisiirto Nordnettiin 1000e;;;;;;-2,4 %;-1 056;-2,38 %;62,8 %;;;1 672;;;;;;;;;;;
14.11.17;14.11.17;ti;-0,74 %;29 844;14 250;;;44 094;;;992;302;500;;;1 794;45 888;;;;;;48 093;;;;;;;;;;;;;-3,1 %;-1 383;-3,14 %;62,8 %;;;1 672;;;;;;;;;;;
15.11.17;15.11.17;ke;1,24 %;30 757;13 883;;;44 640;;;992;302;500;;;1 794;46 434;;;;;;48 093;;;;;;;Siirto Jatkuva luottotililtä Nordnettiin 1000e;;;;;;-1,9 %;-837;-1,88 %;62,8 %;;;1 672;;;;;;;;;;;
16.11.17;16.11.17;to;1,41 %;30 999;14 272;;;45 271;;;872;202;600;;;1 674;46 945;;;;;;48 093;;;;;;;;;;;;;-0,5 %;-206;-0,46 %;67,3 %;;;1 792;;;;;;;;;;;
17.11.17;17.11.17;pe;-1,44 %;30 736;13 885;;;44 621;;;872;202;600;;;1 674;46 295;;;;;;48 093;;;;;;;;;;;;;-1,9 %;-856;-1,92 %;67,3 %;;;1 792;;;;;;;;;;;
20.11.17;20.11.17;MA;0,33 %;30 872;13 898;;;44 770;;;772;202;600;;;1 574;46 344;;;;;;48 093;;;;;;;;;;;;;-1,6 %;-707;-1,58 %;71,0 %;;;1 892;;;;;;;;;;;
21.11.17;21.11.17;ti;0,30 %;30 905;13 998;;;44 903;;;721;202;600;;;1 523;46 426;;;;;;48 093;;;;;;;;;;;;;-1,3 %;-574;-1,28 %;72,9 %;;;1 943;;;;;;;;;;;
22.11.17;22.11.17;ke;-0,05 %;30 949;13 932;;;44 881;;;687;202;600;;;1 489;46 370;;;;;;48 093;;;;;;;;;;;;;-1,3 %;-596;-1,33 %;74,2 %;;;1 977;;;;;;;;;;;
23.11.17;23.11.17;to;0,31 %;31 069;13 952;;;45 021;;;660;202;600;;;1 462;46 483;;;;;;48 093;;;;;;;;;;;;;-1,0 %;-456;-1,01 %;75,2 %;;;2 004;;;;;;;;;;;
24.11.17;24.11.17;pe;0,24 %;31 152;13 979;;;45 131;;;636;202;600;;;1 438;46 569;;;;;;48 093;;;;;;;;;;;;;-0,8 %;-346;-0,77 %;76,1 %;;;2 028;;;;;;;;;;;
27.11.17;27.11.17;MA;-1,30 %;30 695;13 850;;;44 545;;;405;202;600;;;1 207;45 752;;;;;;48 093;;;;;;;;;;;;;-2,1 %;-932;-2,09 %;84,8 %;;;2 259;;;;;;;;;;;
28.11.17;28.11.17;ti;0,12 %;30 691;13 906;;;44 597;;;380;202;600;;;1 182;45 779;;;;;;48 093;;;;;;;;;;;;;-2,0 %;-880;-1,97 %;85,7 %;;;2 284;;;;;;;;;;;
29.11.17;29.11.17;ke;0,43 %;30 774;14 014;;;44 788;;;364;202;200;;;766;45 554;;;;;;48 093;;;;maksoin veroa 317e;;;;;;;;;-1,5 %;-689;-1,54 %;86,3 %;;;2 300;;;;;;;;;;;
30.11.17;30.11.17;to;-0,07 %;30 703;14 053;;;44 756;;;244;202;200;;;646;45 402;;;;;;48 093;;;;;;;;;;;;;-1,6 %;-721;-1,61 %;90,8 %;;;2 420;;;;;;;;;;;
01.12.17;01.12.17;pe;-0,50 %;30 575;13 956;;;44 531;;;2 589;202;200;;;2 991;47 522;;;;;;48 093;;;;;;;;;;;;;-2,1 %;-946;-2,12 %;;;;;;;;;;;;;;;
04.12.17;04.12.17;ma;-0,37 %;30 560;13 808;;;44 368;;;2 403;202;200;;;2 805;47 173;;;;;;48 093;;;;;;;;;;;;;-2,5 %;-1 109;-2,50 %;7,2 %;;;186;;;;;;;;;;;
05.12.17;05.12.17;ti;0,03 %;30 583;13 798;;;44 381;;;1 810;202;200;;;2 212;46 593;;;;;;47 626;;;;;;;;;;;;;-2,5 %;-1 096;-2,47 %;30,1 %;;;779;;;;;;;;;;;
06.12.17;06.12.17;ke;0,00 %;30 583;13 798;;;44 381;;;1 810;202;200;;;2 212;46 593;;;;;;47 626;;;;itsenäisyyspäivä;;;;;;;;;-2,5 %;-1 096;-2,47 %;30,1 %;;;779;;;;;;;;;;;
07.12.17;07.12.17;to;-0,63 %;30 409;13 694;;;44 103;;;1 724;202;200;;;2 126;46 229;;;;;;47 626;;;;;;;;;;;;;-3,1 %;-1 374;-3,12 %;33,4 %;;;865;;;;;;;;;;;
08.12.17;08.12.17;pe;1,97 %;30 911;14 062;;;44 973;;;1 724;202;200;;;2 126;47 099;;;;;;47 626;;;;;;;;;;;;;-1,1 %;-504;-1,12 %;33,4 %;;;865;;;;;;;;;;;
11.12.17;11.12.17;MA;0,32 %;31 039;14 080;;;45 119;;;1 366;202;200;;;1 768;46 887;;;;;;47 626;;;;;;;;;;;;;-0,8 %;-358;-0,79 %;47,2 %;;;1 223;;;;;;;;;;;
12.12.17;12.12.17;ti;0,09 %;31 053;14 108;;;45 161;;;1 049;502;200;;;1 751;46 912;;;;;;47 626;;;;; osto nokia;myynti metsä board;;;;;;;-0,7 %;-316;-0,70 %;59,5 %;;;1 540;;;;;;;;;;;
13.12.17;13.12.17;ke;-3,60 %;31 076;12 460;;;43 536;;;1 045;502;200;;;1 747;45 283;;;;;;47 626;;;;;;myynti metsä board 250klp (kurssinousu tänään 5%);;;;;;;-4,5 %;-1 941;-4,46 %;59,6 %;;;1 544;1768,00 €;3716,00 €;yht;;;;;;;;
14.12.17;14.12.17;to;-1,00 %;30 709;12 390;;;43 099;;;1 045;502;200;;;1 747;44 846;;;;;;47 626;;;;;osto cargotec 47,71;;;;;;;;-5,5 %;-2 378;-5,52 %;59,6 %;;;1 544;1768,00 €;;;;;;;;;;
18.12.17;18.12.17;MA;1,13 %;31 026;12 559;;;43 585;;;2 636;103;300;;;3 039;46 624;;;;;;47 626;;;;;;;;Pluspäivä. 1768 käyttötilille ;;;;;-4,3 %;-1 892;-4,34 %;-1,8 %;;;-47;;;;;;;;;;;
19.12.17;19.12.17;ti;-0,18 %;31 019;12 487;;;43 506;;;2 636;103;300;;;3 039;46 545;;;;;;47 626;;;;outokumpu +4,5%;;;;;;;;;-4,5 %;-1 971;-4,53 %;-1,8 %;;;-47;;;;;;;;;;;
20.12.17;20.12.17;ke;-0,51 %;30 853;12 431;;;43 284;;;2 499;103;300;;;2 902;46 186;;;;;;47 626;;;;;;;;;;;;;-5,1 %;-2 193;-5,07 %;3,5 %;;;90;;;;;;;;;;;
21.12.17;21.12.17;to;1,40 %;31 245;12 647;;;43 892;;;2 487;103;300;;;2 890;46 782;;;;;;47 626;;;;;;;;;;;;;-3,6 %;-1 585;-3,61 %;3,9 %;;;102;;;;;;;;;;;
27.12.17;27.12.17;ke;-0,01 %;31 240;12 646;;;43 886;;;2 153;103;300;;;2 556;46 442;;;;;;47 626;;;;;;;;;;;;;-3,6 %;-1 591;-3,63 %;16,8 %;;;436;;;;;;;;;;;
29.12.17;29.12.17;pe;-0,77 %;31 132;12 415;;;43 547;;;2 056;103;300;;;2 459;46 006;;;;;;47 626;;;;;;;;;;;;;-4,4 %;-1 930;-4,43 %;20,6 %;;;533;;;;;;;;;;;
01.01.18;01.01.18;;0,00 %;31 132;12 415;;;43 547;;;2 056;103;300;;;2 459;46 006;;;;;;47 626;;;;;;;;;;;;;;;;;;;;;;;;;;;;;;2018
05.01.18;05.01.18;pe;3,40 %;32 296;12 731;;;45 027;;;3 306;103;300;;;3 709;48 736;;;;;;47 157;;;;Pörssit nousussa.  En ole tehnyt kauppoja.;;;;;;;;;;-450;-1,00 %;;;;;;;;;;;;;;;
08.01.18;08.01.18;MA;-0,02 %;32 365;12 654;;;45 019;;;2 620;602;301;;;3 523;48 542;;;;;;47 157;;;;;;;;;;;;;-0,0 %;-8;-1,02 %;20,8 %;;;686;;;;;;;;;;;
09.01.18;09.01.18;ti;0,88 %;32 610;12 806;;;45 416;;;2 281;602;301;;;3 184;48 600;;;;;;47 157;;;;veromätky -317e maksettu;;;;;;;;;0,9 %;389;-0,13 %;31,0 %;;;1 025;;;;;;;;;;;
10.01.18;10.01.18;ke;-0,16 %;32 460;12 882;;;45 342;;;1 730;602;301;;;2 633;47 975;;;;;;47 157;;;;visa maksu 317;;;;;;;;;0,7 %;315;-0,30 %;47,7 %;;;1 576;;;;;;;;;;;
11.01.18;11.01.18;to;-0,53 %;32 154;12 946;;;45 100;;;1 730;602;301;;;2 633;47 733;;;;;;47 157;;;;;;;;;;;;;0,2 %;73;-0,84 %;47,7 %;;;1 576;;;;;;;;;;;
12.01.18;12.01.18;pe;-0,22 %;32 217;12 785;;;45 002;;;1 507;602;301;;;2 410;47 412;;;;;;47 157;;;;;;;;;;;;;-0,1 %;-25;-1,06 %;54,4 %;;;1 799;;;;;;;;;;;
15.01.18;15.01.18;MA;-0,53 %;32 062;12 701;;;44 763;;;1 308;202;401;;;1 911;46 674;;;;;;47 157;;;;;;;;;;;;;-0,6 %;-264;-1,60 %;60,4 %;;;1 998;;;;;;;;;;;
16.01.18;16.01.18;ti;0,24 %;32 101;12 771;;;44 872;;;1 468;202;401;;;2 071;46 943;;;;;;47 157;;;;verohallinto palautti 160e liikaamaksettua veroa.;;;;;;;;;-0,3 %;-155;-1,35 %;55,6 %;;;1 838;;;;;;;;;;;
17.01.18;17.01.18;ke;0,04 %;32 120;12 769;;;44 889;;;1 430;202;401;;;2 033;46 922;;;;;;47 157;;;;;;;;;;;;;-0,3 %;-138;-1,31 %;56,7 %;;;1 876;;;;;;;;;;;
18.01.18;18.01.18;to;-0,58 %;32 000;12 630;;;44 630;;;1 430;202;401;;;2 033;46 663;;;;;;47 157;;;;nokia -2%;;;;;;;;;-0,9 %;-397;-1,90 %;56,7 %;;;1 876;;;;;;;;;;;
19.01.18;19.01.18;pe;0,22 %;32 142;12 587;;;44 729;;;1 418;202;401;;;2 021;46 750;;;;;;47 157;;;;;;;;;;;;;-0,7 %;-298;-1,67 %;57,1 %;;;1 888;;;;;;;;;;;
22.01.18;22.01.18;MA;0,46 %;32 293;12 641;;;44 934;;;1 311;202;401;;;1 914;46 848;;;;;;47 157;;;;;;;;;;;;;-0,2 %;-93;-1,21 %;60,3 %;;;1 995;;;;;;;;;;;
23.01.18;23.01.18;ti;0,04 %;32 141;12 813;;;44 954;;;1 303;202;401;;;1 906;46 860;;;;;;47 157;;;;cargotec -4,4%;;;;;;;;;-0,2 %;-73;-1,16 %;60,6 %;;;2 003;;;;;;;;;;;
24.01.18;24.01.18;ke;-1,16 %;31 818;12 614;;;44 432;;;1 182;202;401;;;1 785;46 217;;;;;;47 157;;;;cargotec -1,6%. nokia -1%.Nordea -1,4%, ;;;;;;;;;-1,3 %;-595;-2,35 %;64,2 %;;;2 124;;;;;;;;;;;
25.01.18;25.01.18;to;-2,23 %;31 276;12 163;;;43 439;;;1 182;202;401;;;1 785;45 224;;;;;;47 157;;;;;Nordea -3,4%,  OSTO nordea 180@9,905 ;;;;;;;;-3,7 %;-1 588;-4,69 %;64,2 %;;;2 124;;540 iphone 8;;;;;;;;;
26.01.18;26.01.18;pe;1,20 %;31 583;12 376;;;43 959;;;1 182;202;401;;;1 785;45 744;;;;;;47 157;;;;;;;;;;;;;-2,4 %;-1 068;-3,45 %;64,2 %;;;2 124;;;;;;;;;;;
29.01.18;29.01.18;MA;0,56 %;31 749;12 456;;;44 205;;;1 022;202;401;;;1 625;45 830;;;;;;47 157;;;;;;;;;;;;;-1,9 %;-822;-2,88 %;69,1 %;;;2 284;;;;;;;;;;;
30.01.18;30.01.18;ti;0,00 %;31 749;12 456;;;44 205;;;1 022;202;401;;;1 625;45 830;;;;;;47 157;;;;;;;;;;;;;-1,9 %;-822;-2,88 %;69,1 %;;;2 284;;;;;;;;;;;
31.01.18;31.01.18;ke;-2,13 %;30 806;12 456;;;43 262;;;974;202;401;;;1 577;44 839;;;;;;47 157;;;;;ostin nokia ja outokumpu. myin rahaston.;;;;;;;;-4,1 %;-1 765;-5,12 %;70,5 %;;;2 332;;;;;;;;;;;
01.02.18;01.02.18;to;1,80 %;31 417;12 625;;;44 042;;;3 328;202;401;;;3 931;47 973;;;;;;47 157;;;;Nokia +11,5%;;;;;;;;;-2,2 %;-985;-3,26 %;;;;;;;;;;;;;;;
02.02.18;02.02.18;pe;-0,64 %;31 267;12 494;;;43 761;;;3 352;202;401;;;3 955;47 716;;;;;;47 157;;;;;myynti nokia 1000e. osto nokian renkaat 40@37,85 ;;;;;;;;-2,9 %;-1 266;-3,92 %;-0,7 %;;;-24;;;;;;;;;;;
06.02.18;06.02.18;ti;-2,22 %;30 608;12 180;;;42 788;;;3 352;202;401;;;3 955;46 743;;;;;;46 687;;;;Indeksit tippui;;;;;;;;;-5,2 %;-2 239;-6,28 %;-0,7 %;;;-24;;;;;;;;;;;
07.02.18;07.02.18;ke;0,82 %;30 828;12 310;;;43 138;;;2 717;202;401;;;3 320;46 458;;;;;;46 687;;;;indeksit elpyy;;;;;;;;;-4,4 %;-1 889;-5,42 %;18,4 %;;;611;;;;;;;;;;;
08.02.18;08.02.18;to;-1,27 %;30 337;12 251;;;42 588;;;2 700;202;401;;;3 303;45 891;;;;;;46 687;;;;usa ja aasia indeksit notkahti jälleen;;;;;;;;;-5,7 %;-2 439;-6,78 %;18,9 %;;;628;;;;;;;;;;;
09.02.18;09.02.18;pe;-0,29 %;30 214;12 251;;;42 465;;;2 700;202;401;;;3 303;45 768;;;;;;46 687;;;;;;;;;;;;;-6,0 %;-2 562;-7,09 %;18,9 %;;;628;;;;;;;;;;;
12.02.18;12.02.18;MA;0,54 %;30 619;12 076;;;42 695;;;2 304;202;401;;;2 907;45 602;;;;;;46 687;;;;;;;;;;;;;-5,5 %;-2 332;-6,52 %;30,8 %;;;1 024;;;;;;;;;;;
13.02.18;13.02.18;ti;-0,96 %;30 331;11 954;;;42 285;;;1 804;302;401;;;2 507;44 792;;;;;;46 687;;;;;;;;;;;;;-6,5 %;-2 742;-7,55 %;45,8 %;;;1 524;;;;;;;;;;;
14.02.18;14.02.18;ke;1,08 %;30 657;12 085;;;42 742;;;1 078;302;401;;;1 781;44 523;;;;;;46 687;;;;Usa inflaatio mittari nousi;;;;;;;;;-5,3 %;-2 285;-6,40 %;67,6 %;;;2 250;;;;;;;;;;;
15.02.18;15.02.18;to;0,45 %;30 828;12 107;;;42 935;;;978;302;501;;;1 781;44 716;;;;;;46 687;;;;;;;;;;;;;-4,9 %;-2 092;-5,92 %;70,6 %;;;2 350;;;;;;;;;;;
16.02.18;16.02.18;pe;1,41 %;31 282;12 259;;;43 541;;;902;302;501;;;1 705;45 246;;;;;;46 687;;;;;;;;;;;;;-3,4 %;-1 486;-4,45 %;72,9 %;;;2 426;;;;;;;;;;;
19.02.18;19.02.18;MA;0,31 %;31 427;12 248;;;43 675;;;847;302;501;;;1 650;45 325;;;;;;46 687;;;;;;;;;;;;;-3,1 %;-1 352;-4,13 %;74,5 %;;;2 481;;;;;;;;;;;
20.02.18;20.02.18;ti;0,18 %;31 506;12 248;;;43 754;;;833;302;501;;;1 636;45 390;;;;;;46 687;;;;;;;;;;;;;-2,9 %;-1 273;-3,94 %;75,0 %;;;2 495;;;;;;;;;;;
21.02.18;21.02.18;ke;-0,41 %;31 432;12 141;;;43 573;;;794;302;501;;;1 597;45 170;;;;;;46 687;;;;;;;;;;;;;-3,3 %;-1 454;-4,37 %;76,1 %;;;2 534;;;;;;;;;;;
23.02.18;23.02.18;pe;-0,57 %;31 235;12 089;;;43 324;;;705;302;501;;;1 508;44 832;;;;;;46 687;;;;;;;;;;;;;-3,9 %;-1 703;-4,97 %;78,8 %;;;2 623;;;;;;;;;;;
26.02.18;26.02.18;MA;1,13 %;31 581;12 233;;;43 814;;;610;302;501;;;1 413;45 227;;;;;;46 687;;;;;;;;;;;;;-2,8 %;-1 213;-3,80 %;81,7 %;;;2 718;;;;;;;;;;;
27.02.18;27.02.18;ti;0,09 %;31 593;12 259;;;43 852;;;530;302;501;;;1 333;45 185;;;;;;46 687;;;;;;;;;;;;;-2,7 %;-1 175;-3,71 %;84,1 %;;;2 798;;;;;;;;;;;
28.02.18;28.02.18;ke;-0,62 %;31 426;12 152;;;43 578;;;530;302;501;;;1 333;44 911;;;;;;46 687;;;;;;;;;;;;;-3,3 %;-1 449;-4,36 %;84,1 %;;;2 798;;;;;;;;;;;
01.03.18;01.03.18;to;-0,63 %;31 225;12 077;;;43 302;;;2 893;302;501;;;3 696;46 998;;;;;;46 687;;;;;;;;;;;;;-4,0 %;-1 725;-5,02 %;;;;;;;;;;;;;;;
02.03.18;02.03.18;pe;-1,67 %;30 500;12 077;;;42 577;;;2 437;802;501;;;3 740;46 317;;;;;;46 687;;;;TRUMP ASETTI METALLIEN TUONTITULLIT;;;;;;;;;-5,8 %;-2 450;-6,81 %;15,8 %;;;456;;;;;;;;;;;
05.03.18;05.03.18;MA;0,22 %;30 716;11 954;;;42 670;;;1 837;802;501;;;3 140;45 810;;;;;;46 215;;;;;;;;;;;;;-5,5 %;-2 357;-6,58 %;36,5 %;;;1 056;;;;;;;;;;;
06.03.18;06.03.18;ti;0,41 %;30 879;11 964;;;42 843;;;1 837;802;501;;;3 140;45 983;;;;;;46 215;;;;;;;;;;;;;-5,1 %;-2 184;-6,15 %;36,5 %;;;1 056;;;;;;;;;;;
07.03.18;07.03.18;ke;0,57 %;31 076;12 010;;;43 086;;;1 837;802;501;;;3 140;46 226;;;;;;46 215;;;;;;;;;;;;;-4,5 %;-1 941;-5,55 %;36,5 %;;;1 056;;;;;;;;;;;
08.03.18;08.03.18;to;1,38 %;31 491;12 188;;;43 679;;;1 813;802;501;;;3 116;46 795;;;;;;46 215;;;;;;;;;;;;;-3,1 %;-1 348;-4,12 %;37,3 %;;;1 080;;;;;;;;;;;
09.03.18;09.03.18;pe;0,10 %;31 534;12 188;;;43 722;;;1 813;802;501;;;3 116;46 838;;;;;;46 215;;;;;;;;;;;;;-3,0 %;-1 305;-4,01 %;37,3 %;;;1 080;;;;;;;;;;;
12.03.18;12.03.18;MA;0,48 %;31 517;12 414;;;43 931;;;1 489;802;501;;;2 792;46 723;;;;;;46 215;;;;vastike -234€;;;;;;;;;-2,5 %;-1 096;-3,52 %;48,5 %;;;1 404;;;;;;;;;;;
13.03.18;13.03.18;ti;0,00 %;31 517;12 414;;;43 931;;;1 489;802;501;;;2 792;46 723;;;;;;46 215;;;;;;;;;;;;;-2,5 %;-1 096;-3,52 %;48,5 %;;;1 404;;johannalle kännykkä 160e;;;;;;;;;
14.03.18;14.03.18;ke;0,00 %;31 517;12 414;;;43 931;;;1 489;802;501;;;2 792;46 723;;;;;;46 215;;;;;;;;;;;;;-2,5 %;-1 096;-3,52 %;48,5 %;;;1 404;;;;;;;;;;;
15.03.18;15.03.18;to;-0,31 %;31 419;12 374;;;43 793;;;1 281;402;601;;;2 284;46 077;;;;;;46 215;;;;elatusmaksu 400;;;;;;;;;-2,8 %;-1 234;-3,85 %;55,7 %;;;1 612;;;;;;;;;;;
21.03.18;21.03.18;to;-5,74 %;29 862;11 416;;;41 278;;;1 061;402;601;;;2 064;43 342;;;;;;46 215;;;;;;;;;;;;;-9,1 %;-3 749;-10,17 %;63,3 %;;;1 832;;;;;;;;;;;
22.03.18;22.03.18;to;-1,77 %;29 397;11 149;;;40 546;;;1 041;402;601;;;2 044;42 590;;;;;;46 215;;;;;;;;;;;;;-11,1 %;-4 481;-12,16 %;64,0 %;;;1 852;;;;;;;;;;;
26.03.18;26.03.18;MA;-0,21 %;29 387;11 075;;;40 462;;;1 550;402;601;;;2 553;43 015;;;;;;46 215;;;;TOKMANNI. op osinko ei kk tulotililaskelmassa;;osinko nordea,;;;;;;;-11,3 %;-4 565;-12,39 %;66,4 %;;;1 921;;;711;578;;;;;;;
27.03.18;27.03.18;ti;0,75 %;29 542;11 223;;;40 765;;;1 500;402;601;;;2 503;43 268;;;;;;46 215;;;;;;;;;;;;;-10,5 %;-4 262;-11,56 %;68,1 %;;;1 971;;;;;;;;;;;
28.03.18;28.03.18;ti;-1,16 %;29 227;11 067;;;40 294;;;1 412;402;601;;;2 415;42 709;;;;;;46 215;;;;Mehiläinen vastaanotto Collan Lauri 114e;;;;;;;;;-11,7 %;-4 733;-12,86 %;71,2 %;;;2 059;;;;;;;;;;;
05.04.18;05.04.18;to;-0,57 %;29 075;10 988;;;40 063;;;3 204;402;601;;;4 207;44 270;;;;;;45 746;;;;USA Kiina Kauppasota;;;;;;;;;-12,4 %;-4 964;-13,51 %;9,2 %;;;;;;173;;;;;;;;
10.04.18;10.04.18;ti;-1,09 %;28 717;10 910;;;39 627;;;2 059;802;601;;;3 462;43 089;;;;;;45 746;;;;;;;;;;;;;-13,6 %;-5 400;-14,76 %;35,7 %;;;1 145;;;;;;;;;;;
11.04.18;11.04.18;ke;-0,59 %;28 606;10 789;;;39 395;;;2 016;802;601;;;3 419;42 814;;;;;;45 746;;;;;;;;;;;;;-14,3 %;-5 632;-15,44 %;37,1 %;;;1 188;;;;;;;;;;;
13.04.18;13.04.18;pe;0,82 %;28 923;10 795;;;39 718;;;2 016;802;601;;;3 419;43 137;;;;;;45 746;;;;;;;;;;;;;-13,4 %;-5 309;-14,50 %;37,1 %;;;1 188;;;;;;;;;;;
16.04.18;16.04.18;MA;0,09 %;28 859;10 894;;;39 753;;;1 644;402;701;;;2 747;42 500;;;;;;45 746;;;;;;;;;;;;;-13,3 %;-5 274;-14,40 %;48,7 %;;;1 560;;;;;;;;;;;
17.04.18;17.04.18;ti;1,86 %;29 390;11 102;;;40 492;;;1 637;402;701;;;2 740;43 232;;;;;;45 746;;;;;;;;;;;;;-11,2 %;-4 535;-12,31 %;48,9 %;;;1 567;;;;;;;;;;;
18.04.18;18.04.18;ke;0,63 %;29 644;11 102;;;40 746;;;1 637;402;701;;;2 740;43 486;;;;;;45 746;;;;;;;;;;;;;-10,5 %;-4 281;-11,61 %;48,9 %;;;1 567;;;;;;;;;;;
19.04.18;19.04.18;to;0,85 %;30 005;11 087;;;41 092;;;1 637;402;701;;;2 740;43 832;;;;;;45 746;;;;;;;;;;;;;-9,6 %;-3 935;-10,67 %;48,9 %;;;1 567;;;;;;;;;;;
20.04.18;20.04.18;to;0,84 %;30 160;11 278;;;41 438;;;1 542;402;701;;;2 645;44 083;;;;;;45 746;;;;;;;;;;;;;-8,7 %;-3 589;-9,75 %;51,9 %;;;1 662;;;;;;;;;;;
23.04.18;23.04.18;MA;0,14 %;30 184;11 311;;;41 495;;;1 408;402;701;;;2 511;44 006;;;;;;45 746;;;;;;;;;;;;;-8,5 %;-3 532;-9,60 %;56,1 %;;;1 796;;;;;;;;;;;
26.04.18;26.04.18;to;-1,40 %;29 605;11 311;;;40 916;;;1 408;402;701;;;2 511;43 427;;;;;;45 746;;;;OUTOKUMPU -10%;;;;;;;;;-10,0 %;-4 111;-11,15 %;56,1 %;;;1 796;;;;;;;;;;;
27.04.18;27.04.18;pe;0,63 %;29 742;11 432;;;41 174;;;1 163;402;701;;;2 266;43 440;;;;;;45 746;;;;;;;;;;;;;-9,4 %;-3 853;-10,45 %;63,7 %;;;2 041;;;;;;;;;;;
28.04.18;28.04.18;pe;0,19 %;29 905;11 347;;;41 252;;;473;402;701;;;1 576;42 828;;;;;;45 746;;;;Maksoin tanssileirin yht.580e;;;;;;;;;-9,2 %;-3 775;-10,24 %;85,2 %;;;2 731;;akkuporakone 200, saunan ovi 170;;;;;;;;;
02.05.18;02.05.18;ke;-0,82 %;29 810;11 103;;;40 913;;;2 786;402;701;;;3 889;44 802;;;;;;45 746;;;;;;;;;;;;;-10,1 %;-4 114;-11,16 %;23,7 %;;;;;;;;;;;;;;
03.05.18;03.05.18;to;-0,32 %;29 696;11 087;;;40 783;;;2 659;402;701;;;3 762;44 545;;;;;;45 746;;;;;;;;;;;;;-10,4 %;-4 244;-11,51 %;4,6 %;;;127;;;;;;;;;;;
04.05.18;04.05.18;pe;1,15 %;30 042;11 208;;;41 250;;;2 496;402;701;;;3 599;44 849;;;;;;45 746;;;;;;;;;;;;;-9,2 %;-3 777;-10,25 %;10,4 %;;;290;;;;;;;;;;;
07.05.18;07.05.18;Ma;1,65 %;30 553;11 376;;;41 929;;;1 483;902;701;;;3 086;45 015;;;;;;45 275;;;;;;;;;;;;;-7,4 %;-3 098;-8,46 %;46,8 %;;;1 303;;;;;;;;;;;
08.05.18;08.05.18;ti;0,88 %;30 851;11 445;;;42 296;;;1 443;902;701;;;3 046;45 342;;;;;;45 275;;;;;;;;;;;;;-6,5 %;-2 731;-7,52 %;48,2 %;;;1 343;;;;;;;;;;;
09.05.18;09.05.18;ke;0,52 %;30 942;11 574;;;42 516;;;1 428;902;701;;;3 031;45 547;;;;;;45 275;;;;;;;;;;;;;-5,9 %;-2 511;-6,96 %;48,7 %;;;1 358;;;;;;;;;;;
11.05.18;11.05.18;pe;2,03 %;31 504;11 873;;;43 377;;;1 124;902;701;;;2 727;46 104;;;;;;45 275;;;;Norda nousi 3%;;;;;;;;;-3,8 %;-1 650;-4,84 %;59,7 %;;;1 662;;;;;;;;;;;
15.05.18;15.05.18;ti;-1,30 %;31 079;11 732;;;42 811;;;464;502;801;;;1 767;44 578;;;;;;45 275;;;;Vakuutusmaksu Fennia 511e;;;;;;;;;-5,2 %;-2 216;-6,23 %;83,3 %;;;2 322;;;;;;;;;;;
16.05.18;16.05.18;ke;-0,52 %;31 025;11 565;;;42 590;;;441;502;801;;;1 744;44 334;;;;;;45 275;;;;;;;;;;;;;-5,7 %;-2 437;-6,78 %;84,2 %;;;2 345;;;;;;;;;;;
17.05.18;17.05.18;to;0,49 %;31 209;11 589;;;42 798;;;441;502;801;;;1 744;44 542;;;;;;45 275;;;;;;;;;;;;;-5,2 %;-2 229;-6,26 %;84,2 %;;;2 345;;;;;;;;;;;
18.05.18;18.05.18;pe;-0,32 %;31 127;11 533;;;42 660;;;437;502;801;;;1 740;44 400;;;;;;45 275;;;;;;;;;;;;;-5,5 %;-2 367;-6,60 %;84,3 %;;;2 349;;;;;;;;;;;
22.05.18;22.05.18;ti;1,70 %;31 652;11 734;;;43 386;;;311;502;801;;;1 614;45 000;;;;;;45 275;;;;Nordea nousi 2%. Maksoin visalaskun visalla;;;;;;;;;-3,8 %;-1 641;-4,82 %;88,8 %;;;2 475;;;;;;;;;;;
23.05.18;23.05.18;ke;-1,80 %;31 101;11 506;;;42 607;;;311;502;801;;;1 614;44 221;;;;;;45 275;;;;Trump Kiina droppi;;;;;;;;;-5,7 %;-2 420;-6,74 %;88,8 %;;;2 475;;;;;;;;;;;
24.05.18;24.05.18;to;0,44 %;31 288;11 506;;;42 794;;;311;502;801;;;1 614;44 408;;;;;;45 275;;;;;;;;;;;;;-5,2 %;-2 233;-6,27 %;88,8 %;;;2 475;;;;;;;;;;;
25.05.18;25.05.18;pe;-1,27 %;30 843;11 406;;;42 249;;;220;502;801;;;1 523;43 772;;;;;;45 275;;;;;;;;;;;;;-6,6 %;-2 778;-7,64 %;92,1 %;;;2 566;;;;;;;;;;;
31.05.18;31.05.18;to;-3,48 %;29 766;11 013;;;40 779;;;113;502;801;;;1 416;42 195;;;;;;45 275;;;;Italian hallituskriisi;;;;;;;;;-10,4 %;-4 248;-11,52 %;95,9 %;;;2 673;;;;;;;;;;;
01.06.18;01.06.18;pe;2,22 %;30 529;11 155;;;41 684;;;2 487;502;801;;;3 790;45 474;;;;;;45 275;;;;;;;;;;;;;-8,0 %;-3 343;-9,10 %;10,7 %;;;;;;;;;;;;;;
04.06.18;04.06.18;MA;0,31 %;30 566;11 246;;;41 812;;;1 871;502;801;;;3 174;44 986;;;;;;45 275;;;;Metsäyhtymästä 1000e;;;;;;;;;-7,7 %;-3 215;-8,77 %;24,8 %;;;616;;Rooma lennot 1130, Matleena kännykkä 379;;;;;;;;;
05.06.18;05.06.18;ti;-1,38 %;29 991;11 246;;;41 237;;;1 871;502;801;;;3 174;44 411;;;;;;45 275;;;;;;;;Nordnetistä 443e OPiin;;;;;-9,2 %;-3 790;-10,28 %;24,8 %;;;616;;;;;;;;;;;
06.06.18;06.06.18;ke;-0,31 %;29 991;11 120;;;41 111;;;1 788;1 002;801;;;3 591;44 702;;;;;;44 805;;;;;;;;;;;;;-9,5 %;-3 916;-10,62 %;28,1 %;;;699;;;;;;;;;;;
07.06.18;07.06.18;to;0,26 %;30 115;11 102;;;41 217;;;1 788;1 002;801;;;3 591;44 808;;;;;;44 805;;;;;;;;;;;;;-9,2 %;-3 810;-10,34 %;28,1 %;;;699;;;;;;;;;;;
08.06.18;08.06.18;pe;-0,11 %;30 151;11 022;;;41 173;;;1 788;1 002;801;;;3 591;44 764;;;;;;44 805;;;;;;;;;;;;;-9,4 %;-3 854;-10,45 %;28,1 %;;;699;;;;;;;;;;;
11.06.18;11.06.18;MA;0,73 %;30 301;11 171;;;41 472;;;1 541;1 002;801;;;3 344;44 816;;;;;;44 805;;;;;;;;;;;;;-8,6 %;-3 555;-9,66 %;38,0 %;;;946;;Rooma hotelli 612;;;;;;;;;
12.06.18;12.06.18;ti;0,05 %;30 275;11 218;;;41 493;;;1 541;1 002;801;;;3 344;44 837;;;;;;44 805;;;;Muutin taulukon merkintätapaa;;;;;;;;;-8,5 %;-3 534;-9,60 %;38,0 %;;;946;;;;;;;;;;;
13.06.18;13.06.18;ke;0,42 %;30 466;11 201;;;41 667;;;1 610;1 002;801;;;3 413;45 080;;;;;;44 805;;;;;nokia osinko;;;;;;;;-8,1 %;-3 360;-9,14 %;35,3 %;;;877;;;266;69;;;;;;;
14.06.18;14.06.18;to;0,90 %;30 636;11 408;;;42 044;;;1 794;677;801;;;3 272;45 316;;;;;;44 805;;;;Siirto nordnetistä opiin 190. Elatusmaksusta - Elisan kuoroliput 75e eli yht 325.;;;;;;;;;-7,1 %;-2 983;-8,17 %;27,9 %;;;693;;;;;;;;;;;
15.06.18;15.06.18;pe;-1,59 %;30 193;11 182;;;41 375;;;1 518;677;901;;;3 096;44 471;;;;;;44 805;;;;USA KIINA tullit;;;;;;;;;-8,8 %;-3 652;-9,91 %;39,0 %;;;969;;;;;;;;;;;
18.06.18;18.06.18;MA;-0,87 %;29 835;11 182;;;41 017;;;1 471;677;901;;;3 049;44 066;;;;;;44 805;;;;;;;;;;;;;-9,8 %;-4 010;-10,87 %;40,9 %;;;1 016;;;;;;;;;;;
19.06.18;19.06.18;ti;0,87 %;30 193;11 182;;;41 375;;;1 471;677;901;;;3 049;44 424;;;;;;44 805;;;;;;;;;;;;;-8,8 %;-3 652;-9,91 %;40,9 %;;;1 016;;;;;;;;;;;
21.06.18;21.06.18;to;-1,56 %;29 673;11 058;;;40 731;;;1 471;677;901;;;3 049;43 780;;;;;;44 805;;;;;;;;;;;;;-10,5 %;-4 296;-22,45 %;40,9 %;;;1 016;;;;;;;;;;;
25.06.18;25.06.18;MA;-1,52 %;29 120;10 992;;;40 112;;;1 278;677;901;;;2 856;42 968;;;;;;44 805;;;;;;;;;;;;;-12,3 %;-4 915;-24,34 %;48,6 %;;;1 209;;;;;;;;;;;
26.06.18;26.06.18;ti;0,30 %;29 194;11 037;;;40 231;;;1 262;677;901;;;2 840;43 071;;;;;;44 805;;;;;;;;;;;;;-11,9 %;-4 796;-23,97 %;49,3 %;;;1 225;;;;;;;;;;;
27.06.18;27.06.18;ke;0,34 %;29 295;11 071;;;40 366;;;1 220;677;901;;;2 798;43 164;;;;;;44 805;;;;;;;;;;;;;-11,5 %;-4 661;-23,56 %;50,9 %;;;1 267;;;;;;;;;;;
29.06.18;29.06.18;pe;-0,32 %;29 223;11 014;;;40 237;;;1 163;677;901;;;2 741;42 978;;;;;;44 805;;;;;;;;;;;;;-11,9 %;-4 790;-23,96 %;53,2 %;;;1 324;;;;;;;;;;;
06.07.18;06.07.18;pe;-0,52 %;28 900;11 127;;;40 027;;;1 580;1 177;901;;;3 658;43 685;;;;;;44 334;;;;;;;;;;;;;-12,5 %;-5 000;-24,61 %;36,5 %;;;907;;;;;;;;;;;
09.07.18;09.07.18;MA;1,16 %;29 288;11 205;;;40 493;;;1 580;1 177;901;;;3 658;44 151;;;;;;44 334;;;;;;;;;;;;;-11,2 %;-4 534;-23,17 %;0,0 %;;;0;;;;;;;;;;;
10.07.18;10.07.18;ti;0,74 %;29 509;11 282;;;40 791;;;1 275;1 177;901;;;3 353;44 144;;;;;;44 334;;;;;;;;;;;;;-10,4 %;-4 236;-22,27 %;19,3 %;;;305;;;;;;;;;;;
11.07.18;11.07.18;ke;-1,63 %;29 008;11 118;;;40 126;;;1 205;777;901;;;2 883;43 009;;;;;;44 334;;;;;;;;;;;;;-12,2 %;-4 901;-24,30 %;23,7 %;;;375;;;;;;;;;;;
13.07.18;13.07.18;pe;0,19 %;29 050;11 151;;;40 201;;;1 551;777;901;;;3 229;43 430;;;;;;44 334;;;;fennia vakuutusmaksu tasaus (vakuutukset taas opssa);;;;;;;;;-12,0 %;-4 826;-24,07 %;1,8 %;;;29;;;;;;;;;;;
16.07.18;16.07.18;MA;1,01 %;29 396;11 210;;;40 606;;;1 551;777;901;;;3 229;43 835;;;;;;44 334;;;;;;;;;;;;;-10,9 %;-4 421;-22,83 %;1,8 %;;;29;;;;;;;;;;;
17.07.18;17.07.18;ti;0,89 %;29 620;11 349;;;40 969;;;1 143;777;1 001;;;2 921;43 890;;;;;;44 334;;;;;;;;;;;;;-9,9 %;-4 058;-21,74 %;27,7 %;;;437;;Elisalle puhelin a6 349 osamaksulla;;;;;;;;;
18.07.18;18.07.18;ke;0,65 %;29 918;11 319;;;41 237;;;1 143;777;1 001;;;2 921;44 158;;;;;;44 334;;;;nokia +3%;;;;;;;;;-9,2 %;-3 790;-20,95 %;27,7 %;;;437;;;;;;;;;;;
19.07.18;19.07.18;to;-0,21 %;29 650;11 501;;;41 151;46 076;-693;1 049;777;1 001;;;2 827;43 978;1 127;615;;;;44 334;1 742;;;cargotec -4%, Outokumpu -5%, Nordea +2,5%;;;;;;42 236;;;-9,4 %;-3 876;-21,20 %;33,6 %;46;;531;;;;;;;;;;;
20.07.18;20.07.18;pe;-0,47 %;29 317;11 640;;;40 957;46 106;-789;983;777;1 001;;;2 761;43 718;1 157;615;;;;44 334;1 772;;;;;;;;;41 946;;;-9,9 %;-4 070;-21,78 %;37,8 %;46;;597;;Tytöt bussilla mummulaan;;;;;;;;;
23.07.18;23.07.18;MA;-0,12 %;29 222;11 685;;;40 907;46 106;-870;902;777;1 001;;;2 680;43 587;1 157;615;;;;44 334;1 772;;;;;;;;;41 815;;;-10,1 %;-4 120;-21,93 %;42,9 %;46;;678;;;;;;;;;;;
24.07.18;24.07.18;ti;2,67 %;30 078;11 923;;;42 001;45 101;-369;398;277;1 001;;;1 676;43 677;202;565;;;;44 334;767;;;OUTOKUMPU +8% tulos ylitti ennusteet, NORDEA +2%, CARGOTEC +4%;;;;;;42 910;;;-7,2 %;-3 026;-18,75 %;74,8 %;;;1 182;;;;;;;;;;;
25.07.18;25.07.18;ke;-0,22 %;30 013;11 897;;;41 910;45 101;-474;293;277;1 001;;;1 571;43 481;202;565;;;;44 334;767;;;;;;;;;42 714;;;-7,4 %;-3 117;-19,01 %;81,5 %;;;1 287;;;;;;;;;;;
27.07.18;27.07.18;pe;-0,45 %;29 958;11 763;;;41 721;45 116;-665;117;277;1 001;;;1 395;43 116;217;565;;;;44 334;782;;;;;;;;;42 334;;;-7,9 %;-3 306;-19,55 %;92,6 %;;;1 463;;;;;;;;;;;
30.07.18;30.07.18;MA;0,23 %;30 023;11 796;;;41 819;45 116;-679;103;277;1 001;;;1 381;43 200;217;565;;;;44 334;782;;;;;;;;;42 418;;;-7,7 %;-3 208;-19,27 %;93,5 %;;;1 477;;;;;;;;;;;
31.07.18;31.07.18;ti;-0,11 %;30 043;11 732;;;41 775;45 116;-706;76;277;1 001;;;1 354;43 129;217;565;;;;44 334;782;;;;;;;;;42 347;;;-7,8 %;-3 252;-19,39 %;95,2 %;;;1 504;;;;;;;;;;;
01.08.18;01.08.18;ke;-0,28 %;29 961;11 697;;;41 658;45 133;1 693;2 492;277;1 001;;;3 770;45 428;234;565;;;;44 334;799;;;;;;;;;44 629;;;-8,1 %;-3 369;-19,73 %;-57,7 %;;;;;OSTIN samsung S9 plus;;;;;;;;;
02.08.18;02.08.18;to;-1,04 %;29 636;11 587;;;41 223;45 579;1 633;2 878;277;1 001;;;4 156;45 379;680;565;;;;44 334;1 245;;;;;;;;;44 134;;;-9,2 %;-3 804;-20,99 %;-82,2 %;;;-386;;ostin Villelle lavier mikit;;;;;;;;;
03.08.18;03.08.18;pe;0,30 %;29 699;11 648;;;41 347;45 579;1 885;3 130;277;1 001;;;4 408;45 755;680;565;;;;44 334;1 245;;;fennia vakuutusmaksu tasaus (vakuutukset taas opssa);;;;;;44 510;;;-8,9 %;-3 680;-20,63 %;-98,1 %;;;-638;;ville maksoi lavalierit ja piuhat;;;;;;;;;
06.08.18;06.08.18;MA;-0,39 %;29 607;11 580;;;41 187;45 433;-270;1 300;777;1 001;;;3 078;44 265;1 005;565;;;;43 863;1 570;;;;;;;;;42 695;;;-9,3 %;-3 840;-21,10 %;17,7 %;;;1 192;;;;;;;;;;;
07.08.18;07.08.18;ti;1,11 %;30 029;11 614;;;41 643;45 433;-187;1 383;777;1 001;;;3 161;44 804;1 005;565;;;;43 863;1 570;;;OUTOKUMPU +4, CARGOTEC +3;;;;;;43 234;;;-8,1 %;-3 384;-19,77 %;12,5 %;;;1 109;;;;;;;;;;;
08.08.18;08.08.18;ke;-0,22 %;30 009;11 544;;;41 553;45 433;-287;1 283;777;1 001;;;3 061;44 614;1 005;565;;;;43 863;1 570;;;NOKIAN RENKAAT +4;;;;;;43 044;;;-8,4 %;-3 474;-20,03 %;18,8 %;;;1 209;;;;;;;;;;;
09.08.18;09.08.18;to;0,61 %;30 203;11 605;;;41 808;45 433;-287;1 283;777;1 001;;;3 061;44 869;1 005;565;;;;43 863;1 570;;;TOKMANNI +6;;;;;;43 299;;;-7,7 %;-3 219;-19,30 %;18,8 %;;;1 209;;;;;;;;;;;
10.08.18;10.08.18;pe;-1,13 %;29 882;11 453;;;41 335;45 433;-521;1 049;777;1 001;;;2 827;44 162;1 005;565;;;;43 863;1 570;;;;;;;;;42 592;;;-8,9 %;-3 692;-20,66 %;33,6 %;;;1 443;;;;;;;;;;;
13.08.18;13.08.18;MA;-0,85 %;29 571;11 411;;;40 982;45 500;-661;976;777;1 001;;;2 754;43 736;1 072;565;;;;43 863;1 637;;;;;;;;;42 099;;;-9,9 %;-4 045;-21,70 %;38,2 %;;;1 516;;;;;;;;;;;
14.08.18;14.08.18;ti;-0,74 %;29 307;11 370;;;40 677;45 500;-661;976;377;1 001;;;2 354;43 031;1 072;565;;;;43 863;1 637;;;OUTOKUMPU -4;;;;;;41 394;;;-10,7 %;-4 350;-22,61 %;38,2 %;;;1 516;;;;;;;;;;;
15.08.18;15.08.18;ke;-1,26 %;28 875;11 290;;;40 165;45 500;-810;827;377;1 101;;;2 305;42 470;1 072;565;;;;43 863;1 637;;;OUTOKUMPU -5;;;;;;40 833;;;-12,1 %;-4 862;-24,18 %;47,7 %;;;1 665;;;;;;;;;;;
16.08.18;16.08.18;to;0,67 %;29 011;11 423;;;40 434;45 500;-810;827;377;1 101;;;2 305;42 739;1 072;565;;;;43 863;1 637;;;;;;;;;41 102;;;-11,4 %;-4 593;-23,35 %;47,7 %;;;1 665;;;;;;;;;;;
17.08.18;17.08.18;pe;0,35 %;29 088;11 489;;;40 577;45 500;-810;827;377;1 101;;;2 305;42 882;1 072;565;;;;43 863;1 637;;;;;;;;;41 245;;;-11,0 %;-4 450;-22,92 %;47,7 %;;;1 665;;;;;;;;;;;
20.08.18;20.08.18;MA;0,47 %;29 264;11 504;;;40 768;45 679;-1 167;649;377;1 101;;;2 127;42 895;1 251;565;;;;43 863;1 816;;;;;;;;;41 079;;;-10,4 %;-4 259;-22,34 %;58,9 %;;;1 843;;;;;;;;;;;
21.08.18;21.08.18;ti;0,42 %;29 404;11 537;;;40 941;45 679;-1 167;649;377;1 101;;;2 127;43 068;1 251;565;;;;43 863;1 816;;;;;;;;;41 252;;;-10,0 %;-4 086;-21,82 %;58,9 %;;;1 843;;;;;;;;;;;
22.08.18;22.08.18;ke;0,69 %;29 531;11 691;;;41 222;45 821;-1 349;609;377;1 101;;;2 087;43 309;1 393;565;;;;43 863;1 958;;;;;;;;;41 351;;;-9,2 %;-3 805;-20,99 %;61,5 %;;;1 883;;kävin tampereella ja jyväskylässä;;;;;;;;;
23.08.18;23.08.18;to;0,69 %;29 744;11 764;;;41 508;45 821;-1 349;609;377;1 101;;;2 087;43 595;1 393;565;;;;43 863;1 958;;;;;;;;;41 637;;;-8,5 %;-3 519;-20,16 %;61,5 %;;;1 883;;;;;;;;;;;
24.08.18;24.08.18;pe;-0,01 %;29 755;11 747;;;41 502;45 963;-1 381;719;377;1 101;;;2 197;43 699;1 585;515;;;;43 863;2 100;;;;;;;;;41 599;;;-8,5 %;-3 525;-20,18 %;54,5 %;;;1 773;;;;;;;;;;;
27.08.18;27.08.18;MA;0,37 %;29 909;11 747;;;41 656;45 963;-1 381;719;377;1 101;;;2 197;43 853;1 585;515;;;;43 863;2 100;;;;;;;;;41 753;;;-8,1 %;-3 371;-19,73 %;54,5 %;;;1 773;;;;;;;;;;;
28.08.18;28.08.18;ti;1,06 %;30 232;11 866;;;42 098;46 190;-1 116;1 211;0;901;;;2 112;44 210;1 812;515;;;;43 863;2 327;;;;;;;;;41 883;;;-7,0 %;-2 929;-18,48 %;23,4 %;;;1 281;;;;;;;;;;;
29.08.18;29.08.18;ke;-0,09 %;30 144;11 916;;;42 060;46 193;-1 165;1 165;0;901;;;2 066;44 126;1 815;515;;;;43 863;2 330;;;;;;;;;41 796;;;-7,1 %;-2 967;-18,58 %;26,3 %;;;1 327;;;;;;;;;;;
30.08.18;30.08.18;to;-0,28 %;30 032;11 912;;;41 944;46 267;-1 239;1 165;0;901;;;2 066;44 010;1 889;515;;;;43 863;2 404;;;;;;;;;41 606;;;-7,4 %;-3 083;-18,91 %;26,3 %;;;1 327;;;;;;;;;;;
31.08.18;31.08.18;pe;-0,25 %;29 917;11 924;;;41 841;45 364;-1 341;160;0;901;;;1 061;42 902;986;515;;;;43 863;1 501;;;;;;;;;41 401;;;-7,6 %;-3 186;-19,20 %;89,9 %;;;2 332;;;;;;;;;;;
03.09.18;03.09.18;MA;-0,43 %;29 786;11 876;;;41 662;45 380;1 018;2 535;0;901;;;3 436;45 098;1 002;515;;;;43 863;1 517;;;;;;;;;43 581;;;-8,1 %;-3 365;-19,72 %;-60,4 %;;;-43;;;;;;;;;;;
04.09.18;04.09.18;ti;-1,07 %;29 402;11 816;;;41 218;45 380;1 018;2 535;0;901;;;3 436;44 654;1 002;515;;;;43 863;1 517;;;;;;;;;43 137;;;-9,2 %;-3 809;-21,01 %;-60,4 %;;;-43;;;;;;;;;;;
10.09.18;10.09.18;MA;-2,42 %;28 529;11 691;;;40 220;45 107;3 060;4 774;500;901;;;6 175;46 395;1 199;515;;;;43 393;1 714;;;Bratislavankadun kattoLAINA TILILLE;;;;;;44 681;;;-12,0 %;-4 807;-24,01 %;-202,2 %;;3 750;-2 282;;;;;;;;;;;
11.09.18;11.09.18;ti;0,40 %;28 678;11 702;;;40 380;45 107;2 960;4 674;500;901;;;6 075;46 455;1 199;515;;;;43 393;1 714;;;;;;;;;44 741;;;-11,5 %;-4 647;-23,52 %;-195,8 %;;3 750;;;;;;;;;;;;
12.09.18;12.09.18;ke;0,56 %;28 839;11 767;;;40 606;45 107;2 960;4 674;500;901;;;6 075;46 681;1 199;515;;;;43 393;1 714;;;;;;;;;44 967;;;-10,9 %;-4 421;-22,83 %;-195,8 %;;3 750;;;;;;;;;;;;
13.09.18;13.09.18;to;0,34 %;28 957;11 789;;;40 746;45 149;2 760;4 516;500;901;;;5 917;46 663;1 241;515;;;;43 393;1 756;;;;;;;;;44 907;;;-10,5 %;-4 281;-22,41 %;-185,8 %;;3 750;;;;;;;;;;;;
14.09.18;14.09.18;pe;0,05 %;28 955;11 810;;;40 765;45 149;2 686;4 442;100;901;;;5 443;46 208;1 241;515;;;;43 393;1 756;;;;;;;;;44 452;;;-10,5 %;-4 262;-22,35 %;-181,1 %;;3 750;;;;;;;;;;;;
17.09.18;17.09.18;MA;0,46 %;29 103;11 850;;;40 953;43 908;2 551;3 066;100;1 001;;;4 167;45 120;0;515;;;;43 393;515;;;;;;;;;44 605;;;-9,9 %;-4 074;-21,79 %;-94,1 %;;3 750;;;;;;;;;;;;
18.09.18;18.09.18;ti;0,22 %;29 271;11 772;;;41 043;43 908;2 488;3 003;100;1 001;;;4 104;45 147;0;515;;;;43 393;515;;;;;;;;;44 632;;;-9,7 %;-3 984;-21,52 %;-90,1 %;;3 750;;;;;;;;;;;;
19.09.18;19.09.18;ke;0,00 %;29 271;11 772;;;41 043;43 908;2 488;3 003;100;1 001;;;4 104;45 147;0;515;;;;43 393;515;;;;;;;;;44 632;;;-9,7 %;-3 984;-21,52 %;-90,1 %;;3 750;;;;;;;;;;;;
20.09.18;20.09.18;to;0,84 %;29 529;11 858;;;41 387;43 948;2 329;2 884;100;1 001;;;3 985;45 372;40;515;;;;43 393;555;;;;;;;;;44 817;;;-8,8 %;-3 640;-20,51 %;-82,5 %;;3 750;;;;;;;;;;;;
21.09.18;21.09.18;pe;0,84 %;29 737;11 997;;;41 734;43 951;812;1 370;100;1 001;;;2 471;44 205;43;515;;;;43 393;558;;;taloyhtiön kattoremontin maksu;;;;;;43 647;;;-7,9 %;-3 293;-19,51 %;13,3 %;;3 750;;;;;;;;;;;;
12.10.18;12.10.18;pe;-9,31 %;27 011;10 836;;;37 847;43 684;811;1 575;600;1 001;;;3 176;41 023;298;466;;;;42 920;764;;;USA koronnosto uhka;;;;;;40 259;;;-19,0 %;-7 180;-31,78 %;0,3 %;;3 750;;;;;;;;;;;;
13.10.18;13.10.18;ti;3,58 %;27 980;11 223;;;39 203;43 700;646;1 426;200;1 101;;;2 727;41 930;314;466;;;;42 920;780;;;nousupäivä;;;;;;41 150;;;-14,9 %;-5 824;-27,22 %;9,7 %;;3 603;;;;;;;;;;;;
19.10.18;19.10.18;pe;-3,39 %;27 096;10 777;;;37 873;43 731;172;983;200;1 101;;;2 284;40 157;345;466;;;;42 920;811;;;nordea lasku rahanpesuepäily;;;;;;39 346;;;-18,9 %;-7 154;-31,69 %;37,8 %;;3 603;;;maksoin tyttöjen tanssileirin yht 200;;;;;;;;;
22.10.18;22.10.18;MA;-0,24 %;27 047;10 734;;;37 781;43 731;131;942;200;1 101;;;2 243;40 024;345;466;;;;42 920;811;;;;;;;;;39 213;;;-19,2 %;-7 246;-32,01 %;40,4 %;;3 603;;;;;;;;;;;;
23.10.18;23.10.18;ti;-1,84 %;26 477;10 610;;;37 087;43 746;106;932;200;1 101;;;2 233;39 320;360;466;;;;42 920;826;;;;OSTO FORTUM 182@19,1;MYYNTI OUTOKUMPU805@4,16, MYYNTI NOKIAN_RENKAAT40@30,92, NORDEA963@8,028, ;;;;38 494;;;-21,4 %;-7 940;-34,48 %;41,0 %;;3 603;;;;;;;;;;;;
24.10.18;24.10.18;ke;-1,68 %;26 075;10 388;;;36 463;43 766;-4;842;200;1 101;;;2 143;38 606;380;466;;;;42 920;846;;;;OSTO NORDEA 500@7,821;;;;;37 760;;;-23,5 %;-8 564;-36,79 %;46,7 %;;3 603;;;;;;;;;;;;
25.10.18;25.10.18;to;0,00 %;26 075;10 388;;;36 463;43 766;-4;842;200;1 101;;;2 143;38 606;380;466;;;;42 920;846;;;;;;;;;37 760;;;-23,5 %;-8 564;-36,79 %;46,7 %;;3 603;;;;;;;;;;;;
26.10.18;26.10.18;pe;0,69 %;26 567;10 148;;;36 715;43 766;-4;842;200;1 101;;;2 143;38 858;380;466;;;;42 920;846;;;;;;;;;38 012;;;-22,6 %;-8 312;-35,85 %;46,7 %;;3 603;;;;;;;;;;;;
29.10.18;29.10.18;MA;0,00 %;26 567;10 148;;;36 715;43 766;-4;842;200;1 101;;;2 143;38 858;380;466;;;;42 920;846;;;;;;;;;38 012;;;-22,6 %;-8 312;-35,85 %;46,7 %;;3 603;;;;;;;;;;;;
30.10.18;30.10.18;ti;0,39 %;26 492;10 368;;;36 860;43 735;-519;296;200;1 101;;;1 597;38 457;399;416;;;;42 920;815;;;;;;;;;37 642;;;-22,2 %;-8 167;-35,31 %;81,3 %;;3 603;;;;;;;;;;;;
31.10.18;31.10.18;ke;1,49 %;26 999;10 409;;;37 408;43 735;-519;296;200;1 101;;;1 597;39 005;399;416;;;;42 920;815;;;;;;;;;38 190;;;-20,4 %;-7 619;-33,33 %;81,3 %;;3 603;;;;;;;;;;;;
01.11.18;01.11.18;to;0,60 %;27 177;10 454;;;37 631;43 336;1 904;2 320;200;1 101;;;3 621;41 252;0;416;;;;42 920;416;;;;OSTO NORDEA 250@7,67, OUTOKUMPU 250@3,65;;;;;40 836;;;-19,7 %;-7 396;-32,54 %;-46,8 %;;3 603;;;Aloin maksamaan VIIKKORAHAA 5e/kk;;;;;;;;;
02.11.18;02.11.18;pe;1,86 %;27 735;10 596;;;38 331;43 356;1 812;2 248;200;1 101;;;3 549;41 880;20;416;;;;42 920;436;;;;;;;;;41 444;;;-17,5 %;-6 696;-30,12 %;-42,3 %;;3 603;;;;;;;;;;;;
05.11.18;05.11.18;MA;-0,39 %;27 607;10 573;;;38 180;42 885;618;1 054;700;1 101;;;2 855;41 035;20;416;;;;42 449;436;;;;;;;;;40 599;;;-17,9 %;-6 847;-30,63 %;33,3 %;;3 455;;;;;;;;;;;;
06.11.18;06.11.18;ti;0,21 %;27 573;10 586;100;;38 259;43 317;55;923;700;1 101;;;2 724;40 983;452;416;;;;42 449;868;;;;;;;;;40 115;;;-17,7 %;-6 768;-30,36 %;41,6 %;;3 455;;;;;;;;;;;;
07.11.18;07.11.18;ke;0,69 %;27 786;10 638;100;;38 524;43 317;22;890;700;1 101;;;2 691;41 215;452;416;;;;42 449;868;;;;;;;;;40 347;;;-16,9 %;-6 503;-29,47 %;43,7 %;;3 455;;;;;;;;;;;;
08.11.18;08.11.18;to;0,04 %;27 773;10 668;100;;38 541;43 337;-49;839;700;1 101;;;2 640;41 181;472;416;;;;42 449;888;;;;;;;;;40 293;;;-16,8 %;-6 486;-29,41 %;46,9 %;;3 455;;;;;;;;;;;;
09.11.18;09.11.18;pe;-0,25 %;27 679;10 664;100;;38 443;43 337;-431;457;700;1 101;;;2 258;40 701;472;416;;;;42 449;888;;;;;;;;;39 813;;;-17,1 %;-6 584;-29,74 %;71,1 %;;3 455;;;;;;;;;;;;
12.11.18;12.11.18;MA;-0,06 %;27 660;10 661;100;;38 421;43 337;-149;739;700;1 101;;;2 540;40 961;472;416;;;;42 449;888;;;;;;;;;40 073;;;-17,2 %;-6 606;-29,81 %;53,2 %;;3 455;op vakuutuksesta tasausraha kun vaihdoin tlähitapiolaan;;;;;;;;;;;
13.11.18;13.11.18;ti;1,41 %;27 873;10 991;100;;38 964;43 353;-135;769;700;1 101;;;2 570;41 534;488;416;;;;42 449;904;;;;;;;;;40 630;;;-15,6 %;-6 063;-28,01 %;51,3 %;;3 455;;;;;;;;;;;;
14.11.18;14.11.18;ke;0,00 %;27 873;10 991;100;;38 964;43 353;-135;769;700;1 101;;;2 570;41 534;488;416;;;;42 449;904;;;;;;;;;40 630;;;-15,6 %;-6 063;-28,01 %;51,3 %;;3 455;;;;;;;;;;;;
15.11.18;15.11.18;to;-1,92 %;27 346;10 768;100;;38 214;43 353;-135;769;700;1 101;;;2 570;40 784;488;416;;;;42 449;904;;;;;;;;;39 880;;;-17,8 %;-6 813;-30,52 %;51,3 %;;3 455;;;;;;;;;;;;
28.12.18;28.12.18;;0,00 %;27 346;10 768;100;;38 214;43 353;-135;769;700;1 101;;;2 570;40 784;488;416;;;;42 449;904;;;;;;;;;1000e nordnetistä op:iin;;;-17,8 %;-6 813;-30,52 %;51,3 %;;3 455;;;;;;;;;;;;
;;;0,00 %;27 346;10 768;100;;38 214;43 353;-135;769;700;1 101;;;2 570;40 784;488;416;;;;42 449;904;;;;;;;;;;;;-17,8 %;-6 813;-30,52 %;51,3 %;;3 455;;;;;;;;;;;;
22.01.19;22.01.19;ti;-1,90 %;26 344;10 843;301;;37 488;45 110;-1 297;1 364;200;202;;;1 766;39 254;1 031;1 630;;;;42 449;2 661;;;;;;;;;36 593;;;-20,1 %;-7 539;-33,05 %;13,7 %;;3 455;;;;;;;;;;;;2019
20.02.19;20.02.19;ke;2,91 %;27 100;11 069;410;;38 579;44 048;-2 727;288;0;202;;;490;39 069;1 057;1 958;;;;41 033;3 015;;;;;MYYNTI NOKIA 400@5,292, MYYNTI NOKIA 600@5,376,;;SIIRTO TOP KÄYTTÖTILILLE 2000;;36 054;;;2,8 %;1 091;-29,28 %;81,8 %;;3 012;;;;;;;;;;;;
01.03.19;01.03.19;pe;-12,60 %;25 047;8 259;411;;33 717;43 074;1 275;3 316;0;202;;;3 518;37 235;605;1 436;;;;41 033;2 041;;;;;MYYNTI NOKIA 488@5,34;;;;35 194;;;-11,2 %;-3 771;-47,93 %;-109,9 %;;3 012;;;;;;;;;;;;
04.03.19;04.03.19;MA;-1,48 %;24 856;7 949;412;;33 217;43 080;472;2 519;500;202;;;3 221;36 438;611;1 436;;;;41 033;2 047;;;;osto NORDEA 270@7,599;;;;;34 391;;;-12,9 %;-4 271;-50,15 %;-59,4 %;;3 012;;;;;;;;;;;;
15.03.19;15.03.19;pe;3,40 %;25 599;8 230;516;;34 345;43 479;882;3 802;140;202;;;4 144;38 489;1 484;1 436;;;;40 559;2 920;;;;;;;;;35 569;;;-9,2 %;-3 143;-45,22 %;-140,6 %;;2 864;;;Televisio LG 799;;;;;;;;;
18.03.19;18.03.19;MA;0,00 %;25 599;8 230;516;;34 345;43 479;882;3 802;140;202;;;4 144;38 489;1 484;1 436;;;;40 559;2 920;;;;;;;;;35 569;;;-9,2 %;-3 143;-45,22 %;-140,6 %;;2 864;;;;;;;;;;;;
20.03.19;20.03.19;ke;0,73 %;25 700;8 377;518;;34 595;41 995;1 347;2 783;140;202;;;3 125;37 720;0;1 436;;;;40 559;1 436;;;;;;;;;36 284;;;-8,4 %;-2 893;-44,17 %;-76,1 %;;2 864;;;;;;;;;;;;
29.03.19;29.03.19;pe;-7,66 %;23 551;7 876;517;;31 944;42 037;894;2 372;140;202;;;2 714;34 658;90;1 388;;;;40 559;1 478;;;;osto nordea 150 @6.863 EUR;;;;;33 180;;;-17,4 %;-5 544;-56,14 %;-50,1 %;;2 864;;;television vaihto LG maksoi +100e;;;;;;;;;
03.04.19;03.04.19;ke;1,89 %;24 633;7 399;517;;32 549;42 055;2 320;3 816;140;202;;;4 158;36 707;108;1 388;;;;40 559;1 496;;;;;;;;;35 211;;;-15,2 %;-4 939;-53,23 %;-141,5 %;;2 864;;;;;;;;;;;;
04.04.19;04.04.19;to;3,22 %;25 262;7 611;723;;33 596;42 055;1 880;3 376;640;202;;;4 218;37 814;108;1 388;;;;40 559;1 496;;;;;;;;;36 318;;;-11,6 %;-3 892;-48,46 %;-113,7 %;;2 864;;;;;;;;;;;;
05.04.19;05.04.19;pe;-0,12 %;25 223;7 611;723;;33 557;41 584;1 026;2 524;640;202;;;3 366;36 923;110;1 388;;;;40 086;1 498;;;;;;;;;35 425;;;-11,7 %;-3 931;-48,63 %;-59,7 %;;2 716;;;;;;;;;;;;
16.04.19;16.04.19;ti;3,05 %;26 063;7 793;724;;34 580;42 800;-654;2 060;240;202;;;2 502;37 082;1 326;1 388;27 192;12 894;;40 086;2 714;;;;;;;;;34 368;;;-8,4 %;-2 908;-44,23 %;-30,4 %;;2 716;;;Kitara Takamine 999e;;;;;;;;;
16.04.19;16.04.19;ke;0,30 %;26 154;7 806;724;;34 684;42 800;-654;2 060;240;202;;;2 502;37 186;1 326;1 388;27 192;12 894;;40 086;2 714;;;;;;;;;34 472;;;-8,1 %;-2 804;-43,80 %;-30,4 %;;2 716;;;;;;;;;;;;
02.05.19;02.05.19;to;-5,05 %;24 994;7 208;730;;32 932;42 858;92;2 864;240;202;;;3 306;36 238;1 433;1 339;27 192;12 894;;40 086;2 772;;;;;;;;;33 466;;;-13,8 %;-4 556;-51,45 %;-81,3 %;;2 716;;;;;;;;;;;;
06.05.19;06.05.19;MA;1,32 %;24 994;7 446;928;;33 368;42 385;92;2 864;240;202;;;3 306;36 674;1 433;1 339;26 833;12 780;;39 613;2 772;;;;;;;;;33 902;;;-12,3 %;-4 120;-49,47 %;-81,3 %;;2 568;;;;;;;;;;;;
09.05.19;09.05.19;to;-3,55 %;23 810;7 446;928;;32 184;42 385;92;2 864;240;202;;;3 306;35 490;1 433;1 339;26 833;12 780;;39 613;2 772;;;;;;;;;32 718;;;-16,5 %;-5 304;-54,97 %;-81,3 %;;2 568;;;;;;;;;;;;
26.05.19;26.05.19;su;-4,58 %;22 353;7 446;912;;30 711;42 730;-2 429;688;40;2;;;730;31 441;1 120;1 997;26 833;12 780;;39 613;3 117;;;;;;;;;28 324;;;-22,1 %;-6 777;-62,40 %;56,5 %;;2 568;;;;;;;;;;;;
29.07.19;29.07.19;MA;-4,79 %;21 952;6 241;1 048;;29 241;40 058;3 622;5 013;190;2;;;5 205;34 446;1 391;0;26 115;12 552;;38 667;1 391;;;;;;;;;33 055;;;-28,2 %;-8 247;-70,57 %;-217,3 %;;2 568;;;;;;;;;;;;
28.08.19;28.08.19;ke;-2,76 %;21 202;5 902;1 329;;28 433;38 483;2 421;2 710;240;2;;;2 952;31 385;289;0;25 756;12 438;;38 194;289;;;;;;;;;31 096;;;-31,8 %;-9 055;-75,42 %;-71,5 %;;2 123;;;;;;;;;;;;
09.09.19;09.09.19;MA;8,85 %;22 950;6 545;1 454;;30 949;38 075;3 786;4 142;240;2;;;4 384;35 333;356;0;25 396;12 323;;37 719;356;;;;;;;;;34 977;;;-21,1 %;-6 539;-61,16 %;-162,2 %;;1 975;;;;;;;;;;;;
12.09.19;12.09.19;to;8,87 %;25 447;6 792;1 454;;33 693;37 883;1 688;1 852;240;2;;;2 094;35 787;164;0;25 396;12 323;;37 719;164;;;;;;2000e nordnettiin;;;35 623;;;-11,3 %;-3 795;-48,03 %;-17,2 %;;1 975;;;;;;;;;;;;
13.09.19;13.09.19;pe;1,31 %;25 854;6 827;1 454;;34 135;37 896;1 465;1 642;240;2;;;1 884;36 019;177;0;25 396;12 323;;37 719;177;;;;OSTO SAMPO A 40@38,21;;;;;35 842;;;-9,8 %;-3 353;-46,11 %;-3,9 %;;1 975;;;;;;;;;;;;
14.10.19;14.10.19;MA;-2,06 %;25 085;6 796;1 552;;33 433;37 618;490;863;290;2;;;1 155;34 588;18;355;25 036;12 209;;37 245;373;;;;;;;;;34 215;;;-12,1 %;-4 055;-49,18 %;45,4 %;;1 826;;;;;;;;;;;;
17.10.19;17.10.19;to;1,73 %;25 645;6 814;1 552;;34 011;37 714;93;562;190;2;;;754;34 765;114;355;25 036;12 209;;37 245;469;;;;;;;;;34 296;;;-10,2 %;-3 477;-46,65 %;64,4 %;;1 826;;;;;;;;;;;;
08.11.19;08.11.19;pe;4,23 %;26 578;7 168;1 704;;35 450;37 766;349;1 345;190;2;;;1 537;36 987;186;810;24 676;12 094;;36 770;996;;;;;;;;;35 991;;;-5,7 %;-2 038;-40,69 %;14,9 %;;1 677;;;Teneriffalla all inclusive hotellissa tyttöjen kanssa 1viikko. n 3000e+kulut. Maksoin myös elatusmaksun. Johannalta ei tytöille matkarahaa.;;;;;;;;;
11.11.19;11.11.19;MA;-0,03 %;26 594;7 140;1 704;;35 438;38 039;-245;1 024;190;2;;;1 216;36 654;459;810;24 676;12 094;;36 770;1 269;;;;;;;;;35 385;;;-5,8 %;-2 050;-40,74 %;35,2 %;;1 677;;;;;;;;;;;;
20.11.19;20.11.19;ke;-7,27 %;24 299;6 849;1 712;;32 860;38 097;941;2 268;40;2;;;2 310;35 170;517;810;24 676;12 094;;36 770;1 327;;;1500 mordent - open;;;;;;33 843;;;-14,1 %;-4 628;-51,78 %;-43,5 %;;1 677;;;;;;;;;;;;
21.11.19;21.11.19;to;-0,01 %;24 307;6 838;1 711;;32 856;36 827;886;943;40;2;;;985;33 841;57;0;24 676;12 094;;36 770;57;120;;;;;;;;33 784;;;-14,1 %;-4 632;-51,80 %;40,3 %;;1 677;;;;;;;;;;;;
04.12.19;04.12.19;ke;-1,32 %;24 026;6 686;1 711;;32 423;38 739;732;2 701;40;2;;;2 743;35 166;1 564;405;24 676;12 094;;36 770;1 969;240;;;;;;;;33 197;;;-15,6 %;-5 065;-53,83 %;-70,9 %;;1 677;;;Ostin iPhone 8 Matleenalle 399 ja Elisalle 440 yht 839;;;;;;;;;
10.12.19;10.12.19;ti;1,90 %;24 350;6 879;1 809;;33 038;38 208;-405;1 507;40;2;;;1 549;34 587;1 507;405;24 316;11 980;;36 296;1 912;240;;Avasin kuukausitalletukset rahastoihin tytöille.;;;;;;32 675;;;-13,5 %;-4 450;-50,97 %;4,6 %;;1 528;;;Johannalle matkarahaa Ruotsin kisoihin 100e lapsille 40e.;;;;;;;;;
19.12.19;19.12.19;to;5,28 %;25 432;7 519;1 833;;34 784;37 985;-1 192;497;40;2;;;539;35 323;1 284;405;24 316;11 980;;36 296;1 689;240;;;;;;NORDNET 4000;;33 634;;;-7,8 %;-2 704;-43,39 %;68,5 %;;1 528;;;;;;;;;;;;
30.12.19;30.12.19;;0,00 %;25 432;7 519;1 833;;34 784;63 105;-1 192;497;40;2;;;539;35 323;1 284;405;24 316;11 980;25 120;36 296;1 689;240;;AUTOLAINA 25000;;;;;;33 634;;;-7,8 %;-2 704;-43,39 %;68,5 %;;1 528;;;;;;;;;;;;
03.01.20;03.01.20;pe;-9,02 %;22 028;7 781;1 838;;31 647;61 641;2 525;2 750;90;2;;;2 842;34 489;225;0;24 316;11 980;25 120;36 296;225;360;;;;;;;;34 264;;;-18,5 %;-13 380;-57,60 %;-1 663,9 %;;;;;;;;;25 120;27 870;;;;2 020
07.01.20;07.01.20;ti;-1,40 %;21 700;7 657;1 847;;31 204;61 163;1 336;1 561;490;26;;;2 077;33 281;225;0;23 953;11 865;25 120;35 818;225;360;;;;;;;;33 056;;;-1,4 %;-443;-59,84 %;-1 588,7 %;;;;;;;;;25 120;26 681;;;;
16.01.20;16.01.20;to;1,50 %;22 213;7 606;1 854;;31 673;61 089;361;512;490;26;;;1 028;32 701;151;0;23 953;11 865;25 120;35 818;151;360;;usa kiina kauppasopim. alustava;;;;;;32 550;;;0,1 %;26;-57,47 %;-1 522,3 %;;;;;Johannalle 500e lainaa;;;;25 120;25 632;;;;
20.01.20;20.01.20;MA;0,92 %;22 442;7 668;1 854;;31 964;61 230;220;512;490;26;;;1 028;32 992;292;0;23 953;11 865;25 120;35 818;292;360;;;;;;;;32 700;;;1,0 %;317;-56,04 %;-1 522,3 %;;;;;;;;;25 120;25 632;;;;
22.01.20;22.01.20;ke;-0,65 %;22 303;7 599;1 854;;31 756;61 276;174;512;490;26;;;1 028;32 784;338;0;23 953;11 865;25 120;35 818;338;360;;;;;;;;32 446;;;0,3 %;109;-57,06 %;-1 522,3 %;;;;;;;;;25 120;25 632;;;;
26.01.20;26.01.20;su;0,44 %;22 393;7 635;1 868;;31 896;61 361;59;482;490;26;;;998;32 894;423;0;23 953;11 865;25 120;35 818;423;360;;;;;;;;32 471;;;0,8 %;249;-56,37 %;-1 520,4 %;;;;;;;;;25 120;25 602;;;;
28.01.20;28.01.20;ti;-0,08 %;22 365;7 639;1 868;;31 872;61 503;-193;372;490;26;;;888;32 760;565;0;23 953;11 865;25 120;35 818;565;360;;;;;;;;32 195;;;0,7 %;225;-56,49 %;-1 513,4 %;;;;;;;;;25 120;25 492;;;;
02.02.20;02.02.20;su;-1,81 %;21 935;7 493;1 868;;31 296;61 588;-12;638;490;26;;;1 154;32 450;650;0;23 953;11 865;25 120;35 818;650;480;;CORONA VIRUS;;;;;;31 800;;;-1,1 %;-351;-59,37 %;-1 510,0 %;;;;;;;;;24 800;25 438;;;;
05.02.20;05.02.20;ke;3,28 %;22 799;7 685;1 840;;32 324;60 976;1 582;2 350;490;26;;;2 866;35 190;768;0;23 591;11 750;24 867;35 341;768;480;;Outokumpu nousi 20%;;;;;;34 422;;;2,1 %;677;-54,30 %;-1 618,4 %;;;;;;;;;24 800;27 150;;;;
06.02.20;06.02.20;to;3,59 %;23 365;8 263;1 855;;33 483;60 976;1 508;2 276;490;26;;;2 792;36 275;768;0;23 591;11 750;24 867;35 341;768;480;;Outokumpu +7, Nordea +7, Sampo +3, Nokia +2;;;;;;35 507;;;5,5 %;1 836;-48,96 %;-1 613,7 %;;;;;;;;;24 800;27 076;;;;
11.02.20;11.02.20;ti;1,72 %;23 733;8 446;1 880;;34 059;60 275;1 081;1 148;490;52;;;1 690;35 749;67;0;23 591;11 750;24 867;35 341;67;480;;;;;;;;35 682;;;7,1 %;2 412;-46,44 %;-1 542,3 %;;;;;;;;;24 800;25 948;;;;
13.02.20;13.02.20;ke;0,19 %;23 756;8 488;1 880;;34 124;60 275;1 081;1 148;490;67;;;1 705;35 829;67;0;23 591;11 750;24 867;35 341;67;480;;;Osto Investor AB ser B 18@559SEK;;;;;35 762;;;7,3 %;2 477;-46,16 %;-1 542,3 %;;;;;;;;;24 800;25 948;;;;
24.02.20;24.02.20;MA;-5,10 %;22 304;8 199;1 880;;32 383;60 699;518;1 009;90;52;;;1 151;33 534;491;0;23 591;11 750;24 867;35 341;491;480;;KORONAVIRUS iski;;;;;;33 043;;;2,3 %;736;-54,02 %;-1 533,5 %;;;;;;;;;24 800;25 809;;;;
26.02.20;26.02.20;ke;-2,46 %;21 775;7 932;1 880;;31 587;60 789;418;999;90;52;;;1 141;32 728;581;0;23 591;11 750;24 867;35 341;581;480;;KORONAVIRUS ;;;;;;32 147;;;-0,2 %;-60;-57,90 %;-1 532,8 %;;;;;;;;;24 800;25 799;;;;
06.03.20;06.03.20;pe;-9,14 %;19 653;7 168;1 880;;28 701;60 499;1 453;2 487;90;77;;;2 654;31 355;1 034;0;23 227;11 634;24 604;34 861;1 034;600;;KORONAVIRUS  ;;;;;;30 321;;;-10,3 %;-2 946;-73,78 %;-1 614,4 %;;;;;;;;;24 600;27 087;;;;
09.03.20;09.03.20;MA;-2,94 %;18 808;7 168;1 880;;27 856;60 499;1 453;2 487;90;77;;;2 654;30 510;1 034;0;23 227;11 634;24 604;34 861;1 034;600;;KORONAVIRUS ;;;;;;29 476;;;-13,6 %;-3 791;-79,05 %;-1 614,4 %;;;;;;;;;24 600;27 087;;;;
11.03.20;11.03.20;ke;-7,46 %;17 587;6 355;1 837;;25 779;60 393;-570;358;90;77;;;525;26 304;928;0;23 227;11 634;24 604;34 861;928;600;;KORONAVIRUS , Toyota Corolla 26500,e;;;;;;25 376;;;-22,8 %;-5 868;-93,48 %;77,3 %;;;;;;;;;;;;;;
18.03.20;18.03.20;ke;-24,39 %;12 921;4 888;1 682;;19 491;60 481;-560;456;140;77;;;673;20 164;1 016;0;23 227;11 634;24 604;34 861;1 016;600;;KORONAVIRUS , poikkeuslait voimaan;;;;;;19 148;;;-62,4 %;-12 156;-155,89 %;71,1 %;;;;;;;;;;;;;;
19.03.20;19.03.20;to;3,40 %;13 565;4 906;1 682;;20 153;60 598;-687;446;140;77;;;663;20 816;1 133;0;23 227;11 634;24 604;34 861;1 133;600;;;;;;;;19 683;;;-57,0 %;-11 494;-147,49 %;71,8 %;;;;;;;;;;;;;;
20.03.20;20.03.20;pe;-3,28 %;12 921;4 888;1 682;;19 491;60 481;-560;456;140;77;;;673;20 164;1 016;0;23 227;11 634;24 604;34 861;1 016;600;;;;;;;;19 148;;;-62,4 %;-12 156;-155,89 %;71,1 %;;;;;;;;;;;;;;
20.04.20;20.04.20;la;14,64 %;15 069;5 454;1 821;;22 344;60 137;-616;433;90;102;;;625;22 969;1 049;0;23 227;11 518;24 343;34 745;1 049;720;;;;;;;;21 920;;;-41,6 %;-9 303;-123,22 %;72,6 %;;;;;;;;;;;;;;
21.04.20;21.04.20;su;2,52 %;15 343;5 689;1 874;;22 906;59 007;515;812;441;127;;;1 380;24 286;297;0;23 227;11 403;24 080;34 630;297;720;;;;;;;;23 989;;;-38,2 %;-8 741;-117,74 %;48,6 %;;;;;;;;;;;;;;
08.06.20;08.06.20;ma;22,12 %;18 807;7 182;1 984;;27 973;59 891;-420;1 139;500;152;;;1 791;29 764;800;759;23 227;11 287;23 818;34 514;1 559;960;;;;;;;;28 205;;;-13,1 %;-3 674;-78,30 %;27,9 %;;;;;Ostin tytöille Tunturi Parkway vaihdepyörät 2x400e yht.800;;;;;;;;;
02.07.20;02.07.20;to;-6,07 %;17 754;6 540;1 981;;26 275;59 919;934;2 521;150;152;;;2 823;29 098;878;709;23 227;11 287;23 818;34 514;1 587;1 080;;;;;;;;27 511;;0,0;-20,4 %;-5 372;-89,82 %;-59,6 %;;;;;;;;;;;;;;
06.07.20;06.07.20;MA;2,63 %;18 225;6 616;2 004;120;26 965;59 562;443;2 052;150;152;52;;2 406;29 371;900;709;23 227;11 171;23 555;34 398;1 609;1 080;;;;;;;;27 762;;417,0;-17,4 %;-4 682;-84,97 %;-29,9 %;;;;;;;;;;;120;120;120;
10.07.20;10.07.20;pe;-2,25 %;17 650;6 579;2 009;120;26 358;59 362;-568;841;150;177;85;;1 253;27 611;700;709;23 227;11 171;23 555;34 398;1 409;1 080;;;;;;;;26 202;;1570,0;-20,1 %;-5 289;-89,23 %;46,8 %;;;;;Ostin Matleenalle tietokoneen (Asus Zenbook 14). 749e;;;;;;121;120;120,65;
13.07.20;13.07.20;MA;1,55 %;18 057;6 579;2 009;121;26 766;59 353;-881;519;450;177;85;;1 231;27 997;691;709;23 227;11 171;23 555;34 398;1 400;1 080;;;;;;;;26 597;;1592,0;-18,2 %;-4 881;-86,34 %;67,2 %;;;;;;;;;;;122;120;121,3;
14.07.20;14.07.20;ti;2,71 %;18 418;6 941;2 011;121;27 491;59 353;-913;487;100;177;85;;849;28 340;691;709;23 227;11 171;23 555;34 398;1 400;1 080;;;;;;;;26 940;;1974,0;-15,1 %;-4 156;-81,43 %;69,2 %;;;;;;;;;;;123;120;121,95;
15.07.20;15.07.20;ke;0,45 %;18 568;6 914;2 011;121;27 614;59 353;-1 100;300;100;177;43;;620;28 234;691;709;23 227;11 171;23 555;34 398;1 400;1 200;;;;;;;;26 834;;2203,0;-14,6 %;-4 033;-80,62 %;81,0 %;;;;;;;;;;;124;120;122,6;
21.07.20;21.07.20;ti;3,77 %;19 258;7 256;2 018;122;28 654;59 386;-1 210;223;100;177;34;;534;29 188;724;709;23 227;11 171;23 555;34 398;1 433;1 200;;;;;;;;27 755;;2289,0;-10,4 %;-2 993;-74,06 %;85,9 %;;;;;;;;;;;125;120;123,25;
23.07.20;23.07.20;to;0,76 %;19 432;7 287;2 032;122;28 873;59 393;-1 280;160;100;177;34;;471;29 344;731;709;23 227;11 171;23 555;34 398;1 440;1 200;;;;;;;;27 904;;2352,0;-9,6 %;-2 774;-72,74 %;89,9 %;;;;;;;;;;;126;120;123,9;
28.07.20;28.07.20;ti;-1,85 %;19 051;7 154;2 015;119;28 339;59 346;-1 295;98;100;100;30;;328;28 667;733;660;23 227;11 171;23 555;34 398;1 393;1 200;;;;;;;;27 274;;2495,0;-11,7 %;-3 308;-76,00 %;93,8 %;;;;;;;;;;;127;120;124,55;
03.08.20;03.08.20;ma;-0,63 %;19 036;7 010;1 996;119;28 161;59 431;1 073;2 551;10;77;30;;2 668;30 829;818;660;23 227;11 171;23 555;34 398;1 478;1 200;;;;;;;;29 351;;0,0;-12,4 %;-3 486;-77,11 %;-61,5 %;;;;;;;;;;;128;120;125,2;
04.08.20;04.08.20;ti;0,53 %;19 166;7 015;2 009;120;28 310;59 053;637;2 115;10;77;3;;2 205;30 515;818;660;23 227;11 056;23 292;34 283;1 478;1 200;;;;;;;;29 037;;463,0;-11,8 %;-3 337;-76,18 %;-33,9 %;;;;;;;;;;;129;120;125,85;
05.08.20;05.08.20;ke;-0,36 %;19 043;7 015;2 009;140;28 207;59 053;237;1 715;410;77;3;;2 205;30 412;818;660;23 227;11 056;23 292;34 283;1 478;1 200;;;;;;;;28 934;;463,0;-12,2 %;-3 440;-76,82 %;-8,5 %;;;;;;;;;;;130;120;126,5;
11.08.20;11.08.20;ti;2,52 %;19 530;7 227;2 020;142;28 919;58 361;-321;465;410;102;24;;1 001;29 920;126;660;23 227;11 056;23 292;34 283;786;1 200;;;;;;;;29 134;;1667,0;-9,4 %;-2 728;-72,47 %;70,6 %;;;;;;;;;;;131;120;127,15;
12.08.20;12.08.20;ke;0,34 %;19 634;7 222;2 020;142;29 018;58 361;-314;472;410;102;24;;1 008;30 026;126;660;23 227;11 056;23 292;34 283;786;1 200;;;;;;;;29 240;;1660,0;-9,1 %;-2 629;-71,88 %;70,1 %;;;;;;;;;;;132;120;127,8;
13.08.20;13.08.20;to;-0,63 %;19 513;7 160;2 020;143;28 836;58 388;-353;460;410;102;24;;996;29 832;153;660;23 227;11 056;23 292;34 283;813;1 200;;;;;;;;29 019;;1672,0;-9,7 %;-2 811;-72,96 %;70,9 %;;;;;;;;;;;133;120;128,45;
14.08.20;14.08.20;pe;-1,13 %;19 171;7 160;2 037;143;28 511;58 388;-353;460;60;102;24;;646;29 157;153;660;23 227;11 056;23 292;34 283;813;1 200;;;;;;;;28 344;;2022,0;-11,0 %;-3 136;-74,94 %;70,9 %;;;;;;;;;;;134;120;129,1;
17.08.20;17.08.20;MA;0,25 %;19 324;7 083;2 034;142;28 583;58 423;-535;313;60;102;24;;499;29 082;188;660;23 227;11 056;23 292;34 283;848;1 320;;;;;;;;28 234;;2169,0;-10,7 %;-3 064;-74,50 %;80,2 %;;;;;;;;;;;135;120;129,75;
18.08.20;18.08.20;ti;-0,53 %;19 270;6 994;2 026;142;28 432;58 469;-581;313;60;102;24;;499;28 931;234;660;23 227;11 056;23 292;34 283;894;1 320;;;;;;;;28 037;;2169,0;-11,3 %;-3 215;-75,42 %;80,2 %;;;;;;;;;;;136;120;130,4;
24.08.20;24.08.20;ma;0,19 %;19 237;7 017;2 090;142;28 486;58 462;-831;56;2;102;65;;225;28 711;277;610;23 227;11 056;23 292;34 283;887;1 320;;;;;;;;27 824;;2443,0;-11,1 %;-3 161;-75,09 %;96,5 %;;;;;;;;;;;137;120;131,05;
25.08.20;25.08.20;ti;0,46 %;19 333;7 051;2 090;144;28 618;58 515;-884;56;2;102;65;;225;28 843;330;610;23 227;11 056;23 292;34 283;940;1 320;;;;;;;;27 903;;2443,0;-10,6 %;-3 029;-74,28 %;96,5 %;;;;;;;;;;;138;120;131,7;
27.08.20;27.08.20;to;0,43 %;19 393;7 080;2 123;145;28 741;58 562;-941;46;2;102;64;;214;28 955;377;610;23 227;11 056;23 292;34 283;987;1 320;;;;;;;;27 968;;2454,0;-10,1 %;-2 906;-73,54 %;97,1 %;;;;;;;;;;;139;120;132,35;
30.08.20;30.08.20;su;1,01 %;19 557;7 207;2 120;146;29 030;58 565;-943;47;2;102;64;;215;29 245;380;610;23 227;11 056;23 292;34 283;990;1 320;;;;;;;;28 255;;2453,0;-9,0 %;-2 617;-71,81 %;97,0 %;;;;;;;;;;;140;120;133;
31.08.20;31.08.20;ma;0,20 %;19 616;7 207;2 120;146;29 089;58 565;-943;47;2;102;64;;215;29 304;380;610;23 227;11 056;23 292;34 283;990;1 320;;;;;;;;28 314;;2453,0;-8,8 %;-2 558;-71,46 %;97,0 %;;;;;;;;;;;141;120;133,65;
01.09.20;01.09.20;ti;-2,44 %;19 105;7 016;2 114;144;28 379;58 614;1 470;2 509;2;102;11;;2 624;31 003;429;610;23 227;11 056;23 292;34 283;1 039;1 320;;;;;;;;29 964;;0,0;-11,5 %;-3 268;-75,75 %;-58,8 %;;;;;Elisallle 140e synttärilahjaksi;;;;;;142;120;134,3;
02.09.20;02.09.20;ke;0,62 %;19 250;7 046;2 114;145;28 555;58 793;816;2 034;402;102;11;;2 549;31 104;608;610;23 227;11 056;23 292;34 283;1 218;1 320;;;;;;;;29 886;;75,0;-10,8 %;-3 092;-74,67 %;-28,7 %;;;;;;;;;;;143;120;134,95;
03.09.20;03.09.20;to;-1,32 %;18 868;7 038;2 106;167;28 179;58 796;678;1 899;402;102;11;;2 414;30 593;611;610;23 227;11 056;23 292;34 283;1 221;1 320;;;;;;;osinko cargotec 89,-;29 372;;210,0;-12,3 %;-3 468;-77,00 %;-20,2 %;;;;;;;;;;;144;120;135,6;
04.09.20;04.09.20;pe;0,06 %;18 902;7 016;2 113;164;28 195;58 451;-63;1 192;402;127;11;;1 732;29 927;645;610;23 227;10 940;23 029;34 167;1 255;1 320;;;;;;;;28 672;;892,0;-12,2 %;-3 452;-76,90 %;24,6 %;;;;;;;;;;;145;120;136,25;
07.09.20;07.09.20;MA;1,15 %;19 151;7 107;2 098;163;28 519;57 806;125;735;402;127;11;;1 275;29 794;0;610;23 227;10 940;23 029;34 167;610;1 320;;lyhensin VISA tilin nolliin;;;;;;29 184;;1349,0;-11,0 %;-3 128;-74,89 %;53,5 %;;;;;;;;;;;146;120;136,9;
08.09.20;08.09.20;ti;-1,56 %;18 811;7 003;2 098;163;28 075;57 858;65;727;402;127;11;;1 267;29 342;52;610;23 227;10 940;23 029;34 167;662;1 320;;;;;;;;28 680;;1357,0;-12,7 %;-3 572;-77,65 %;54,0 %;;;;;;;;;;;147;120;137,55;
09.09.20;09.09.20;ke;1,19 %;19 095;7 059;2 092;162;28 408;57 858;-202;460;402;127;22;;1 011;29 419;52;610;23 227;10 940;23 029;34 167;662;1 320;;;;;;;;28 757;;1613,0;-11,4 %;-3 239;-75,57 %;70,9 %;;;;;;;;;;;148;120;138,2;
10.09.20;10.09.20;to;0,00 %;19 095;7 059;2 092;162;28 408;57 858;-202;460;402;127;22;;1 011;29 419;52;610;23 227;10 940;23 029;34 167;662;1 320;;;;;;;;28 757;;1613,0;-11,4 %;-3 239;-75,57 %;70,9 %;;;;;;;;;;;149;120;138,85;
11.09.20;11.09.20;pe;-1,28 %;18 800;6 989;2 092;162;28 043;57 910;-254;460;402;127;22;;1 011;29 054;104;610;23 227;10 940;23 029;34 167;714;1 320;;;;;;;;28 340;;1613,0;-12,9 %;-3 604;-77,86 %;70,9 %;;;;;;;;;;;150;120;139,5;
14.09.20;14.09.20;MA;0,44 %;18 895;7 010;2 099;161;28 165;57 931;-304;431;52;127;22;;632;28 797;125;610;23 227;10 940;23 029;34 167;735;1 320;;;;;;;;28 062;;1992,0;-12,4 %;-3 482;-77,09 %;72,7 %;;;;;;;;;;;151;120;140,15;
15.09.20;15.09.20;ti;0,55 %;19 110;6 947;2 099;163;28 319;57 968;-479;293;52;127;22;;494;28 813;162;610;23 227;10 940;23 029;34 167;772;1 320;;;;;;;;28 041;;2130,0;-11,8 %;-3 328;-76,12 %;81,5 %;;;;;;;;;;;152;120;140,8;
16.09.20;16.09.20;ke;1,47 %;19 454;7 014;2 103;164;28 735;57 968;-479;293;52;127;22;;494;29 229;162;610;23 227;10 940;23 029;34 167;772;1 440;;;;;;;;28 457;;2130,0;-10,1 %;-2 912;-73,57 %;81,5 %;;;;;;;;;;;153;120;141,45;
18.09.20;18.09.20;pe;-1,24 %;19 211;6 901;2 103;163;28 378;58 028;-553;279;52;127;22;;480;28 858;222;610;23 227;10 940;23 029;34 167;832;1 440;;;;;;;;28 026;;2144,0;-11,5 %;-3 269;-75,76 %;82,3 %;;;;;;;;;;;154;120;142,1;
21.09.20;21.09.20;MA;-3,97 %;18 384;6 602;2 103;163;27 252;58 028;-553;279;52;127;22;;480;27 732;222;610;23 227;10 940;23 029;34 167;832;1 440;;;;;;;;26 900;;2144,0;-16,1 %;-4 395;-83,02 %;82,3 %;;;;;;;;;;;155;120;142,75;
22.09.20;22.09.20;ti;0,62 %;18 517;6 637;2 108;160;27 422;58 127;-655;276;52;127;22;;477;27 899;321;610;23 227;10 940;23 029;34 167;931;1 440;;;;;;;;26 968;;2147,0;-15,4 %;-4 225;-81,88 %;82,5 %;;;;;;;;;;;156;120;143,4;
23.09.20;23.09.20;ke;-0,40 %;18 425;6 633;2 093;161;27 312;58 130;-668;266;52;127;22;;467;27 779;324;610;23 227;10 940;23 029;34 167;934;1 440;;;;;;;;26 845;;2157,0;-15,9 %;-4 335;-82,62 %;83,2 %;;;;;;;;;;;157;120;144,05;
24.09.20;24.09.20;to;-0,90 %;18 226;6 586;2 093;160;27 065;58 107;-695;216;52;127;22;;417;27 482;350;561;23 227;10 940;23 029;34 167;911;1 440;;;;;;;;26 571;;2207,0;-16,9 %;-4 582;-84,28 %;86,3 %;;;;;;;;;;;158;120;144,7;
25.09.20;25.09.20;pe;-0,31 %;18 177;6 555;2 091;159;26 982;58 217;-805;216;52;127;22;;417;27 399;460;561;23 227;10 940;23 029;34 167;1 021;1 440;;;;;;;;26 378;;2207,0;-17,3 %;-4 665;-84,85 %;86,3 %;;;;;;;;;;;159;120;145,35;
28.09.20;28.09.20;MA;2,34 %;18 629;6 739;2 085;161;27 614;58 542;-1 286;60;52;127;22;;261;27 875;785;561;23 227;10 940;23 029;34 167;1 346;1 440;;;;;;;;26 529;;2363,0;-14,6 %;-4 033;-80,62 %;96,2 %;;;;;viikonloppuna Disco kisareissu. matkakkulut n300e;;;;;;160;120;146;
29.09.20;29.09.20;ti;0,21 %;18 702;6 724;2 085;162;27 673;58 542;-1 286;60;52;127;22;;261;27 934;785;561;23 227;10 940;23 029;34 167;1 346;1 440;;;;;;;;26 588;;2363,0;-14,4 %;-3 974;-80,23 %;96,2 %;;;;;;;;;;;161;120;146,65;
30.09.20;30.09.20;ke;1,23 %;18 952;6 795;2 105;162;28 014;58 553;-1 297;60;52;127;22;;261;28 275;796;561;23 227;10 940;23 029;34 167;1 357;1 440;;;;;;;;26 918;;2363,0;-13,0 %;-3 633;-78,04 %;96,2 %;;;;;annoin Matleenalle lukiokirjoihin 20, aikaisemmin maksoin 30 Maol kirjasta;;;;;;162;120;147,3;
01.10.20;01.10.20;to;3,25 %;19 760;6 897;2 105;162;28 924;58 610;710;2 124;402;127;22;;2 675;31 599;853;561;23 227;10 940;23 029;34 167;1 414;1 440;;cargotec ja konecranes yhdistyivät. kurssinousua;;;;;;30 185;;0,0;-9,4 %;-2 723;-72,44 %;-34,4 %;;;;;;;;;;;163;120;147,95;
02.10.20;02.10.20;pe;-0,49 %;19 642;6 871;2 105;163;28 781;58 110;722;1 636;402;127;2;;2 167;30 948;353;561;23 227;10 940;23 029;34 167;914;1 440;;;;;;;;30 034;;508,0;-10,0 %;-2 866;-73,29 %;-3,5 %;;;;;;;;;;;164;120;148,6;
05.10.20;05.10.20;MA;1,26 %;19 795;7 056;2 112;182;29 145;57 755;2;941;402;127;2;;1 472;30 617;378;561;23 227;10 824;22 765;34 051;939;1 440;;;;;;;;29 678;;1203,0;-8,6 %;-2 502;-71,13 %;40,4 %;;;;;;;;;;;165;120;149,25;
06.10.20;06.10.20;ti;0,79 %;19 923;7 159;2 112;182;29 376;57 762;-5;941;402;127;2;;1 472;30 848;385;561;23 227;10 824;22 765;34 051;946;1 440;;;;;;;;29 902;;1203,0;-7,7 %;-2 271;-69,78 %;40,4 %;;;;;;;;;;;166;120;149,9;
07.10.20;07.10.20;ke;-0,94 %;19 728;7 071;2 118;183;29 100;57 762;-193;753;402;152;2;;1 309;30 409;385;561;23 227;10 824;22 765;34 051;946;1 440;;;;;;;;29 463;;1366,0;-8,8 %;-2 547;-71,40 %;52,3 %;;;;;;;;;;;167;120;150,55;
08.10.20;08.10.20;to;1,25 %;19 985;7 183;2 113;184;29 465;57 691;-155;720;402;152;2;;1 276;30 741;314;561;23 227;10 824;22 765;34 051;875;1 440;;;;;;;;29 866;;1399,0;-7,4 %;-2 182;-69,27 %;54,4 %;;;;;;;;;;;168;120;151,2;
09.10.20;09.10.20;pe;0,03 %;19 990;7 171;2 128;186;29 475;57 886;-360;710;402;152;27;;1 291;30 766;509;561;23 227;10 824;22 765;34 051;1 070;1 440;;;;;;;;29 696;;1384,0;-7,4 %;-2 172;-69,21 %;55,1 %;;;;;ostin Matleenalle ja Elisalle Printterin 100e;;;;;;169;120;151,85;
12.10.20;12.10.20;MA;1,08 %;20 252;7 226;2 128;186;29 792;57 886;-589;481;402;152;27;;1 062;30 854;509;561;23 227;10 824;22 765;34 051;1 070;1 440;;;;;;;;29 784;;1613,0;-6,2 %;-1 855;-67,41 %;69,6 %;;;;;;;;;;;170;120;152,5;
13.10.20;13.10.20;ti;-1,98 %;19 804;7 059;2 150;189;29 202;57 886;-321;749;402;152;27;;1 330;30 532;509;561;23 227;10 824;22 765;34 051;1 070;1 440;;SDE Jyväskylän tanssimatkan hyvitys 134e x2;;;;;;29 462;;1345,0;-8,4 %;-2 445;-70,80 %;52,6 %;;;;;;;;;;;171;120;153,15;
14.10.20;14.10.20;ke;1,01 %;20 044;7 114;2 150;188;29 496;57 898;-333;749;402;152;27;;1 330;30 826;521;561;23 227;10 824;22 765;34 051;1 082;1 440;;;;;;;;29 744;;1345,0;-7,3 %;-2 151;-69,09 %;52,6 %;;;;;;;;;;;172;120;153,8;
15.10.20;15.10.20;to;0,00 %;20 044;7 114;2 150;188;29 496;57 898;-333;749;402;152;27;;1 330;30 826;521;561;23 227;10 824;22 765;34 051;1 082;1 560;;;;;;;;29 744;;1345,0;-7,3 %;-2 151;-69,09 %;52,6 %;;;;;;;;;;;173;120;154,45;
16.10.20;16.10.20;pe;-0,97 %;19 877;7 011;2 136;187;29 211;58 042;-607;619;2;152;27;;800;30 011;665;561;23 227;10 824;22 765;34 051;1 226;1 560;;;;;;;;28 785;;1875,0;-8,3 %;-2 436;-70,74 %;60,8 %;;;;;;;;;;;174;120;155,1;
19.10.20;19.10.20;MA;0,24 %;19 894;7 063;2 136;188;29 281;58 042;-607;619;2;152;27;;800;30 081;665;561;23 227;10 824;22 765;34 051;1 226;1 560;;;;;;;;28 855;;1875,0;-8,1 %;-2 366;-70,34 %;60,8 %;;;;;;;;;;;175;120;155,75;
20.10.20;20.10.20;ti;-0,08 %;19 905;7 026;2 142;186;29 259;58 079;-644;619;2;152;27;;800;30 059;702;561;23 227;10 824;22 765;34 051;1 263;1 560;;;;;;;;28 796;;1875,0;-8,2 %;-2 388;-70,46 %;60,8 %;;;;;;;;;;;176;120;156,4;
21.10.20;21.10.20;ke;-1,04 %;19 678;6 960;2 131;186;28 955;58 226;-791;619;2;152;27;;800;29 755;849;561;23 227;10 824;22 765;34 051;1 410;1 560;;;;;;;;28 345;;1875,0;-9,3 %;-2 692;-72,25 %;60,8 %;;;;;Matleenan puhelimen kaiutin korjattiin 45e, ostin farkut 59e;;;;;;177;120;157,05;
22.10.20;22.10.20;to;-1,24 %;19 456;6 832;2 124;184;28 596;58 227;-822;589;2;152;27;;770;29 366;850;561;23 227;10 824;22 765;34 051;1 411;1 560;;;;;;;;27 955;;1905,0;-10,7 %;-3 051;-74,42 %;62,7 %;;;;;;;;;;;178;120;157,7;
23.10.20;23.10.20;pe;1,89 %;19 667;7 160;2 124;185;29 136;58 227;-862;549;2;152;27;;730;29 866;850;561;23 227;10 824;22 765;34 051;1 411;1 560;;;;;;;;28 455;;1945,0;-8,6 %;-2 511;-71,18 %;65,3 %;;;;;Elisalle 30e treenimaksu käteisellä;;;;;;179;120;158,35;
26.10.20;26.10.20;MA;-1,73 %;19 304;7 024;2 118;186;28 632;58 287;-1 013;458;2;152;27;;639;29 271;910;561;23 227;10 824;22 765;34 051;1 471;1 560;;;;;;;;27 800;;2036,0;-10,5 %;-3 015;-74,20 %;71,0 %;;;;;;;;;;;180;120;159;
27.10.20;27.10.20;ti;-1,11 %;19 044;6 970;2 118;183;28 315;58 318;-1 044;458;2;152;27;;639;28 954;991;511;23 227;10 824;22 765;34 051;1 502;1 560;;;;;;;;27 452;;2036,0;-11,8 %;-3 332;-76,15 %;71,0 %;;;;;;;;;;;181;120;159,65;
28.10.20;28.10.20;ke;-2,33 %;18 571;6 802;2 096;186;27 655;58 318;-1 044;458;2;152;27;;639;28 294;991;511;23 227;10 824;22 765;34 051;1 502;1 560;;;;;;;;26 792;;2036,0;-14,4 %;-3 992;-80,35 %;71,0 %;;;;;;;;;;;182;120;160,3;
29.10.20;29.10.20;to;-2,83 %;18 028;6 572;2 093;179;26 872;58 367;-1 103;448;2;152;27;;629;27 501;1 040;511;23 227;10 824;22 765;34 051;1 551;1 560;;;;;;;;25 950;;2046,0;-17,8 %;-4 775;-85,61 %;71,6 %;;;;;;;;;;;183;120;160,95;
30.10.20;30.10.20;pe;1,83 %;18 345;6 765;2 067;186;27 363;58 397;-1 158;423;2;152;27;;604;27 967;1 070;511;23 227;10 824;22 765;34 051;1 581;1 560;;;;;;;;26 386;;2071,0;-15,7 %;-4 284;-82,28 %;73,2 %;;;;;;;;;;;184;120;161,6;
02.11.20;02.11.20;MA;1,46 %;18 611;6 906;2 067;179;27 763;58 412;849;2 445;402;152;7;;3 006;30 769;1 085;511;23 227;10 824;22 765;34 051;1 596;1 560;;;;;;;;29 173;;0,0;-14,0 %;-3 884;-79,65 %;-54,7 %;;;;;;;;;;;185;120;162,25;
03.11.20;03.11.20;ti;2,82 %;19 157;7 141;2 067;181;28 546;58 412;849;2 445;402;152;7;;3 006;31 552;1 085;511;23 227;10 824;22 765;34 051;1 596;1 560;;;;;;;;29 956;;0,0;-10,9 %;-3 101;-74,72 %;-54,7 %;;;;;;;;;;;186;120;162,9;
04.11.20;04.11.20;ke;1,21 %;19 300;7 308;2 081;203;28 892;58 412;871;2 467;402;152;7;;3 028;31 920;1 085;511;23 227;10 824;22 765;34 051;1 596;1 560;;USA presidentin vaalit;;;;;;30 324;;-22,0;-9,5 %;-2 755;-72,63 %;-56,1 %;;;;;;;;;;;187;120;163,55;
05.11.20;05.11.20;to;0,09 %;19 329;7 280;2 102;206;28 917;57 673;45;1 641;402;152;7;;2 202;31 119;1 085;511;22 868;10 708;22 501;33 576;1 596;1 560;;lyhennysvapaa päättyi;;;;;;29 523;;804,0;-9,4 %;-2 730;-72,48 %;-3,9 %;;;;;;;;;;;188;120;164,2;
06.11.20;06.11.20;pe;-0,25 %;19 261;7 236;2 142;206;28 845;57 935;-217;1 641;402;152;7;;2 202;31 047;1 347;511;22 868;10 708;22 501;33 576;1 858;1 560;;;;;;;;29 189;;804,0;-9,7 %;-2 802;-72,91 %;-3,9 %;;;;;;;;;;;189;120;164,85;
09.11.20;09.11.20;MA;5,52 %;20 411;7 673;2 144;208;30 436;57 935;-281;1 577;402;177;7;;2 163;32 599;1 347;511;22 868;10 708;22 501;33 576;1 858;1 560;;vaalitulos ratkesi lauantaina Bidenistä presidentti. ;;;;;;30 741;;843,0;-4,0 %;-1 211;-63,87 %;0,2 %;;;;;mustekasetti 50;;;;;;190;120;165,5;
10.11.20;10.11.20;ti;1,49 %;20 650;7 880;2 144;214;30 888;58 049;-624;1 348;402;177;54;;1 981;32 869;1 461;511;22 868;10 708;22 501;33 576;1 972;1 560;;koronavirus rokotteesta lupaavaa tietoa. ehkä jo tänä vuonna;;;;;;30 897;;1025,0;-2,5 %;-759;-61,47 %;14,7 %;;;;;;;;;;;191;120;166,15;
11.11.20;11.11.20;ke;-2,61 %;20 181;7 521;2 166;214;30 082;58 050;-637;1 336;402;177;54;;1 969;32 051;1 462;511;22 868;10 708;22 501;33 576;1 973;1 560;;;;;;;;30 078;;1037,0;-5,2 %;-1 565;-65,80 %;15,4 %;;;;;;;;;;;192;120;166,8;
12.11.20;12.11.20;to;-1,43 %;19 789;7 473;2 175;215;29 652;56 981;-638;266;402;177;54;;899;30 551;393;511;22 868;10 708;22 501;33 576;904;1 560;;koronan 3.aalto jyllää usa;;;;;;29 647;;2107,0;-6,7 %;-1 995;-68,20 %;83,2 %;;;;;;;;;;;193;120;167,45;
13.11.20;13.11.20;pe;-0,39 %;19 867;7 285;2 170;213;29 535;57 090;-751;262;402;177;54;;895;30 430;502;511;22 868;10 708;22 501;33 576;1 013;1 560;;;;;;;;29 417;;2111,0;-7,2 %;-2 112;-68,87 %;83,4 %;;;;;;;;;;;194;120;168,1;
16.11.20;16.11.20;MA;1,07 %;20 088;7 379;2 170;214;29 851;57 797;-886;834;2;177;54;;1 067;30 918;502;1 218;22 868;10 708;22 501;33 576;1 720;1 680;;800 jatkuva luottotili nosto;;;;;;29 198;;1939,0;-6,0 %;-1 796;-67,08 %;47,2 %;;;;;;;;;;;195;120;168,75;
17.11.20;17.11.20;ti;0,78 %;20 221;7 479;2 170;214;30 084;57 866;-955;834;2;177;54;;1 067;31 151;571;1 218;22 868;10 708;22 501;33 576;1 789;1 680;;;;;;;;29 362;;1939,0;-5,2 %;-1 563;-65,79 %;47,2 %;;;;;;;;;;;196;120;169,4;
18.11.20;18.11.20;ke;0,89 %;20 390;7 575;2 170;216;30 351;57 866;-955;834;2;177;54;;1 067;31 418;571;1 218;22 868;10 708;22 501;33 576;1 789;1 680;;;;;;;;29 629;;1939,0;-4,3 %;-1 296;-64,33 %;47,2 %;;;;;;;;;;;197;120;170,05;
19.11.20;19.11.20;to;-0,75 %;20 213;7 517;2 177;216;30 123;57 866;-790;999;2;177;54;;1 232;31 355;571;1 218;22 868;10 708;22 501;33 576;1 789;1 680;;vaihdoin vakuutuksia ifiin. lähitapiola palautti 175e;;;;;;29 566;;1774,0;-5,1 %;-1 524;-65,57 %;36,8 %;;;;;;;;;;;198;120;170,7;
20.11.20;20.11.20;pe;0,22 %;20 286;7 518;2 170;216;30 190;57 970;-985;908;2;177;54;;1 141;31 331;675;1 218;22 868;10 708;22 501;33 576;1 893;1 680;;;;;;;;29 438;;1865,0;-4,8 %;-1 457;-65,21 %;42,5 %;;;;;;;;;;;199;120;171,35;
23.11.20;23.11.20;MA;-0,06 %;20 252;7 476;2 229;216;30 173;58 005;-1 020;908;2;177;54;;1 141;31 314;710;1 218;22 868;10 708;22 501;33 576;1 928;1 680;;;;;;;;29 386;;1865,0;-4,9 %;-1 474;-65,30 %;42,5 %;;;;;;;;;;;200;120;172;
24.11.20;24.11.20;ti;2,55 %;20 830;7 664;2 231;217;30 942;58 002;-1 067;858;2;177;54;;1 091;32 033;757;1 168;22 868;10 708;22 501;33 576;1 925;1 680;;;;;;;;30 108;;1915,0;-2,3 %;-705;-61,19 %;45,7 %;;;;;ostin fisheye objektiivin 45e;;;;;;201;120;172,65;
25.11.20;25.11.20;ke;0,44 %;20 932;7 691;2 236;219;31 078;58 002;-1 077;848;2;177;54;;1 081;32 159;757;1 168;22 868;10 708;22 501;33 576;1 925;1 680;;;;;;;;30 234;;1925,0;-1,8 %;-569;-60,49 %;46,3 %;;;;;;;;;;;202;120;173,3;
26.11.20;26.11.20;to;-0,36 %;20 886;7 625;2 236;219;30 966;58 194;-1 285;832;2;177;54;;1 065;32 031;949;1 168;22 868;10 708;22 501;33 576;2 117;1 680;;;;;;;;29 914;;1941,0;-2,2 %;-681;-61,07 %;47,3 %;;;;;;;;;;;203;120;173,95;
27.11.20;27.11.20;pe;0,60 %;21 047;7 652;2 235;219;31 153;58 194;-1 285;832;2;177;54;;1 065;32 218;949;1 168;22 868;10 708;22 501;33 576;2 117;1 680;;;;;;;;30 101;;1941,0;-1,6 %;-494;-60,10 %;47,3 %;;;;;;;;;;;204;120;174,6;
30.11.20;30.11.20;MA;-1,63 %;20 721;7 469;2 236;219;30 645;58 243;-1 530;636;2;177;54;;869;31 514;998;1 168;22 868;10 708;22 501;33 576;2 166;1 680;;;;;;;;29 348;;2137,0;-3,3 %;-1 002;-62,75 %;59,7 %;;;;;;;;;;;205;120;175,25;
01.12.20;01.12.20;ti;0,94 %;20 869;7 586;2 238;239;30 932;58 258;918;3 099;2;177;34;;3 312;34 244;1 013;1 168;22 868;10 708;22 501;33 576;2 181;1 680;;;;;;;;32 063;;-306,0;-2,3 %;-715;-61,24 %;-96,1 %;;;;;;;;;;;206;120;175,9;
02.12.20;02.12.20;ke;-0,17 %;20 833;7 572;2 235;239;30 879;57 245;918;2 086;2;177;34;;2 299;33 178;0;1 168;22 868;10 708;22 501;33 576;1 168;1 680;;;;;;;;32 010;;707,0;-2,5 %;-768;-61,52 %;-32,0 %;;;;;;;;;;;207;120;176,55;
03.12.20;03.12.20;to;-1,05 %;20 536;7 547;2 235;238;30 556;57 335;817;2 075;2;177;34;;2 288;32 844;90;1 168;22 868;10 708;22 501;33 576;1 258;1 680;;;;;;;;31 586;;718,0;-3,6 %;-1 091;-63,23 %;-31,3 %;;;;;;;;;;;208;120;177,2;
04.12.20;04.12.20;pe;-0,13 %;20 535;7 528;2 214;238;30 515;57 513;664;2 100;2;177;34;;2 313;32 828;268;1 168;22 868;10 708;22 501;33 576;1 436;1 680;;;;;;;;31 392;;693,0;-3,7 %;-1 132;-63,45 %;-32,9 %;;;;;;;;;;;209;120;177,85;
07.12.20;07.12.20;MA;0,06 %;20 532;7 541;2 221;239;30 533;56 771;-170;1 266;2;202;34;;1 504;32 037;268;1 168;22 508;10 592;22 235;33 100;1 436;1 680;;;;;;;;30 601;;1502,0;-3,6 %;-1 114;-63,35 %;19,9 %;;;;;;;;;;;210;120;178,5;
08.12.20;08.12.20;ti;-0,23 %;20 551;7 450;2 223;239;30 463;56 805;-204;1 266;2;202;34;;1 504;31 967;302;1 168;22 508;10 592;22 235;33 100;1 470;1 680;;;;;;;;30 497;;1502,0;-3,9 %;-1 184;-63,73 %;19,9 %;;;;;;;;;;;211;120;179,15;
09.12.20;09.12.20;ke;0,44 %;20 592;7 542;2 223;239;30 596;56 805;-204;1 266;2;202;34;;1 504;32 100;302;1 168;22 508;10 592;22 235;33 100;1 470;1 680;;;;;;;;30 630;;1502,0;-3,4 %;-1 051;-63,01 %;19,9 %;;;;;;;;;;;212;120;179,8;
10.12.20;10.12.20;to;-0,31 %;20 518;7 508;2 234;240;30 500;56 917;-955;627;402;202;49;;1 280;31 780;414;1 168;22 508;10 592;22 235;33 100;1 582;1 680;;;;;;;;30 198;;1726,0;-3,8 %;-1 147;-63,53 %;60,3 %;;;;;;;;;;;213;120;180,45;
11.12.20;11.12.20;pe;-1,15 %;20 268;7 408;2 234;239;30 149;57 019;-1 057;627;402;202;49;;1 280;31 429;516;1 168;22 508;10 592;22 235;33 100;1 684;1 680;;;;;;;;29 745;;1726,0;-5,0 %;-1 498;-65,43 %;60,3 %;;;;;;;;;;;214;120;181,1;
14.12.20;14.12.20;MA;1,10 %;20 470;7 545;2 228;239;30 482;57 240;-1 278;627;2;202;49;;880;31 362;737;1 168;22 508;10 592;22 235;33 100;1 905;1 680;;;;;;;;29 457;;2126,0;-3,8 %;-1 165;-63,62 %;60,3 %;;;;;lääkäri lempainen 140e, vas jalkaterä;;;;;;215;120;181,75;
15.12.20;15.12.20;ti;-0,13 %;20 515;7 454;2 234;239;30 442;57 375;-1 533;507;2;202;49;;760;31 202;872;1 168;22 508;10 592;22 235;33 100;2 040;1 800;;;;;;;;29 162;;2246,0;-4,0 %;-1 205;-63,84 %;67,9 %;;;;;lääkäri vastamäki, vas etusormi 90e;;;;;;216;120;182,4;
16.12.20;16.12.20;ke;0,00 %;20 515;7 454;2 234;239;30 442;57 375;-1 533;507;2;202;49;;760;31 202;872;1 168;22 508;10 592;22 235;33 100;2 040;1 800;;;;;;;;29 162;;2246,0;-4,0 %;-1 205;-63,84 %;67,9 %;;;;;;;;;;;217;120;183,05;
17.12.20;17.12.20;to;-1,45 %;20 341;7 188;2 234;239;30 002;57 375;-1 424;616;2;202;49;;869;30 871;872;1 168;22 508;10 592;22 235;33 100;2 040;1 800;;;;;;;;28 831;;2137,0;-5,5 %;-1 645;-66,24 %;61,0 %;;;;;;;;;;;218;120;183,7;
18.12.20;18.12.20;pe;0,00 %;20 341;7 188;2 234;239;30 002;57 375;-1 424;616;2;202;49;;869;30 871;872;1 168;22 508;10 592;22 235;33 100;2 040;1 800;;;;;;;;28 831;;2137,0;-5,5 %;-1 645;-66,24 %;61,0 %;;;;;;;;;;;219;120;184,35;
21.12.20;21.12.20;MA;-3,02 %;19 758;6 864;2 234;239;29 095;57 375;-1 424;616;2;202;49;;869;29 964;872;1 168;22 508;10 592;22 235;33 100;2 040;1 800;;;;;;;;27 924;;2137,0;-8,8 %;-2 552;-71,42 %;61,0 %;;;;;;;;;;;220;120;185;
22.12.20;22.12.20;ti;0,00 %;19 758;6 864;2 234;239;29 095;57 845;-1 914;596;2;202;49;;849;29 944;1 342;1 168;22 508;10 592;22 235;33 100;2 510;1 800;;;;;;;;27 434;;2157,0;-8,8 %;-2 552;-71,42 %;62,3 %;;;;;;;;;;;221;120;185,65;
23.12.20;23.12.20;ke;0,00 %;19 758;6 864;2 234;239;29 095;57 845;-1 894;616;2;202;49;;869;29 964;1 342;1 168;22 508;10 592;22 235;33 100;2 510;1 800;;;;;;;;27 454;;2137,0;-8,8 %;-2 552;-71,42 %;61,0 %;;;;;;;;;;;222;120;186,3;
24.12.20;24.12.20;to;1,31 %;20 029;6 975;2 234;239;29 477;57 845;-1 894;616;2;202;49;;869;30 346;1 342;1 168;22 508;10 592;22 235;33 100;2 510;1 800;;;;;;;;27 836;;2137,0;-7,4 %;-2 170;-69,20 %;61,0 %;;;;;;;;;;;223;120;186,95;
28.12.20;28.12.20;MA;0,97 %;20 263;7 032;2 230;239;29 764;57 870;-2 052;483;2;202;49;;736;30 500;1 416;1 119;22 508;10 592;22 235;33 100;2 535;1 800;;;;;;;;27 965;;2270,0;-6,3 %;-1 883;-67,57 %;69,4 %;;;;;;;;;;;224;120;187,6;
29.12.20;29.12.20;ti;0,30 %;20 317;7 049;2 246;241;29 853;57 870;-2 132;403;2;202;49;;656;30 509;1 416;1 119;22 508;10 592;22 235;33 100;2 535;1 800;;;;;;;;27 974;;2350,0;-6,0 %;-1 794;-67,07 %;74,5 %;;;;;;;;;;;225;120;188,25;
30.12.20;30.12.20;ke;0,00 %;20 317;7 049;2 246;241;29 853;57 870;-2 132;403;2;202;49;;656;30 509;1 416;1 119;22 508;10 592;22 235;33 100;2 535;1 800;;;;;;;;27 974;;2350,0;-6,0 %;-1 794;-67,07 %;74,5 %;;;;;;;;;;;226;120;188,9;
31.12.20;31.12.20;to;-0,64 %;20 185;6 991;2 246;241;29 663;58 066;-2 350;381;2;202;49;;634;30 297;1 612;1 119;22 508;10 592;22 235;33 100;2 731;1 800;;;;;;;;27 566;;2372,0;-6,7 %;-1 984;-68,14 %;75,9 %;;;;;;;;;;;227;120;189,55;
04.01.21;04.01.21;MA;0,64 %;20 317;7 049;2 246;241;29 853;57 870;-2 132;403;2;202;49;;656;30 509;1 416;1 119;22 508;10 592;22 235;33 100;2 535;1 800;;;;;;;;27 974;;2350,0;-6,0 %;-1 794;-67,07 %;74,5 %;;;;;;;;;;;228;120;190,2;2021
06.01.21;06.01.21;ke;-0,46 %;20 267;6 935;2 253;261;29 716;57 340;-824;1 928;2;227;29;;2 186;31 902;1 633;1 119;22 141;10 476;21 971;32 617;2 752;1 800;;;;;;;;29 150;;820,0;-6,5 %;-1 931;-67,84 %;-22,0 %;;;;;;;;;;;229;120;190,85;
07.01.21;07.01.21;to;3,44 %;20 963;7 259;2 253;262;30 737;57 340;-824;1 928;2;227;29;;2 186;32 923;1 633;1 119;22 141;10 476;21 971;32 617;2 752;1 800;;;;;;;;30 171;;820,0;-3,0 %;-910;-62,27 %;-22,0 %;;;;;;;;;;;230;120;191,5;
08.01.21;08.01.21;pe;-0,03 %;21 059;7 130;2 272;268;30 729;57 340;-824;1 928;2;227;29;;2 186;32 915;1 633;1 119;22 141;10 476;21 971;32 617;2 752;1 800;;;;;;;;30 163;;820,0;-3,0 %;-918;-62,31 %;-22,0 %;;;;;;;;;;;231;120;192,15;
11.01.21;11.01.21;MA;-0,13 %;20 890;7 259;2 272;268;30 689;57 490;-1 203;1 699;2;227;66;;1 994;32 683;1 783;1 119;22 141;10 476;21 971;32 617;2 902;1 800;;S bonus 34e;;;;;;29 781;;1012,0;-3,1 %;-958;-62,52 %;-7,5 %;;;;;;;;;;;232;120;192,8;
12.01.21;12.01.21;ti;1,10 %;21 144;7 329;2 286;267;31 026;57 494;-1 207;1 699;2;227;66;;1 994;33 020;1 787;1 119;22 141;10 476;21 971;32 617;2 906;1 800;;;;;;;;30 114;;1012,0;-2,0 %;-621;-60,76 %;-7,5 %;;;;;;;;;;;233;120;193,45;
13.01.21;13.01.21;ke;-0,45 %;21 056;7 281;2 281;268;30 886;57 494;-1 207;1 699;2;227;66;;1 994;32 880;1 787;1 119;22 141;10 476;21 971;32 617;2 906;1 800;;;;;;;;29 974;;1012,0;-2,5 %;-761;-61,48 %;-7,5 %;;;;;;;;;;;234;120;194,1;
14.01.21;14.01.21;to;1,44 %;21 384;7 393;2 285;268;31 330;57 494;-1 627;1 279;12;227;66;;1 584;32 914;1 787;1 119;22 141;10 476;21 971;32 617;2 906;1 800;;;;;;;;30 008;;1422,0;-1,0 %;-317;-59,20 %;19,1 %;;;;;;;;;;;235;120;194,75;
15.01.21;15.01.21;pe;0,00 %;21 384;7 393;2 285;268;31 330;57 494;-1 627;1 279;12;227;66;;1 584;32 914;1 787;1 119;22 141;10 476;21 971;32 617;2 906;1 920;;;;;;;;30 008;;1422,0;-1,0 %;-317;-59,20 %;19,1 %;;;;;;;;;;;236;120;195,4;
18.01.21;18.01.21;MA;0,00 %;21 384;7 393;2 285;268;31 330;57 494;-1 627;1 279;12;227;66;;1 584;32 914;1 787;1 119;22 141;10 476;21 971;32 617;2 906;1 920;;;;;;;;30 008;;1422,0;-1,0 %;-317;-59,20 %;19,1 %;;;;;;;;;;;237;120;196,05;
19.01.21;19.01.21;ti;-0,00 %;21 383;7 393;2 285;268;31 329;57 525;-1 871;1 066;12;227;66;;1 371;32 700;1 818;1 119;22 141;10 476;21 971;32 617;2 937;1 920;;;;;;;;29 763;;1635,0;-1,0 %;-318;-59,20 %;32,5 %;;;;;;;;;;;238;120;196,7;
20.01.21;20.01.21;ke;0,16 %;21 441;7 385;2 284;268;31 378;57 525;-1 881;1 056;12;227;66;;1 361;32 739;1 818;1 119;22 141;10 476;21 971;32 617;2 937;1 920;;;;;;;;29 802;;1645,0;-0,9 %;-269;-58,95 %;33,2 %;;;;;;;;;;;239;120;197,35;
21.01.21;21.01.21;to;0,33 %;21 478;7 449;2 284;271;31 482;58 053;-1 959;1 506;12;227;66;;1 811;33 293;1 891;1 574;22 141;10 476;21 971;32 617;3 465;1 920;;;;;;150 nordnetistä. ;;29 828;;1195,0;-0,5 %;-165;-58,43 %;4,7 %;;;;;;;;;;;240;120;198;
26.01.21;26.01.21;ti;-1,34 %;21 250;7 245;2 294;271;31 060;56 511;-1 794;129;12;227;66;;434;31 494;399;1 524;22 141;10 476;21 971;32 617;1 923;1 920;;;;;;;;29 571;;2572,0;-1,9 %;-587;-60,58 %;91,8 %;;;;;;;;;;;241;120;198,65;
27.01.21;27.01.21;ke;-0,54 %;21 146;7 180;2 294;271;30 891;56 514;-1 807;119;12;227;66;;424;31 315;402;1 524;22 141;10 476;21 971;32 617;1 926;1 920;;nokia nousi 14% ilman syytä;;;;;;29 389;;2582,0;-2,4 %;-756;-61,46 %;92,5 %;;;;;;;;;;;242;120;199,3;
28.01.21;28.01.21;to;-0,25 %;21 137;7 131;2 281;266;30 815;56 514;-1 807;119;12;227;66;;424;31 239;402;1 524;22 141;10 476;21 971;32 617;1 926;1 920;;;;myynti nokia 400@4,6 =1844e;;;;29 313;;2582,0;-2,7 %;-832;-61,86 %;92,5 %;;;;;;;;;;;243;120;199,95;
29.01.21;29.01.21;pe;0,00 %;21 137;7 131;2 281;266;30 815;56 514;-1 807;119;12;227;66;;424;31 239;402;1 524;22 141;10 476;21 971;32 617;1 926;1 920;;;;;;;;29 313;;2582,0;-2,7 %;-832;-61,86 %;92,5 %;;;;;;;;;;;244;120;200,6;
30.01.21;30.01.21;pe;0,00 %;21 137;7 131;2 281;266;30 815;56 514;-1 807;119;12;227;66;;424;31 239;402;1 524;22 141;10 476;21 971;32 617;1 926;1 920;;;;;;;;29 313;;2582,0;-2,7 %;-832;-61,86 %;92,5 %;;;;;;;;;;;245;120;201,25;
31.01.21;31.01.21;pe;-0,79 %;20 962;7 064;2 281;266;30 573;56 579;586;2 577;12;227;66;;2 882;33 455;467;1 524;22 141;10 476;21 971;32 617;1 991;1 920;;;;;;;;31 464;;124,0;-3,5 %;-1 074;-63,14 %;-63,1 %;;;;;;;;;;;246;120;201,9;
01.02.21;01.02.21;MA;0,63 %;21 175;7 049;2 281;262;30 767;56 579;586;2 577;12;227;66;;2 882;33 649;467;1 524;22 141;10 476;21 971;32 617;1 991;1 920;;;;;siirto 900 osakesäästötilille;;;31 658;;124,0;-2,9 %;-880;-62,11 %;-63,1 %;;;;;;;;;;;247;120;202,55;
02.02.21;02.02.21;ti;0,96 %;21 458;7 076;2 262;266;31 062;56 665;500;2 577;12;227;46;;2 862;33 924;553;1 524;22 141;10 476;21 971;32 617;2 077;1 920;;;;;;;;31 847;;144,0;-1,9 %;-585;-60,57 %;-63,1 %;;;;;;;;;;;248;120;203,2;
03.02.21;03.02.21;ke;1,28 %;21 740;7 159;2 271;290;31 460;56 665;500;2 577;12;227;46;;2 862;34 322;553;1 524;22 141;10 476;21 971;32 617;2 077;1 920;;;;;;;;32 245;;144,0;-0,6 %;-187;-58,54 %;-63,1 %;;;;;;;;;;;249;120;203,85;
04.02.21;04.02.21;to;3,05 %;22 448;7 386;2 294;291;32 419;56 732;433;2 577;12;227;46;;2 862;35 281;620;1 524;22 141;10 476;21 971;32 617;2 144;1 920;;kurssit:nordea +3,7%, cargotec +10%;;;;;;33 137;;144,0;2,4 %;772;-53,85 %;-63,1 %;;;;;;;;;;;250;120;204,5;
05.02.21;05.02.21;pe;0,12 %;22 459;7 413;2 294;291;32 457;55 983;-476;1 668;12;227;46;;1 953;34 410;620;1 524;21 774;10 359;21 706;32 133;2 144;1 920;;;;;;;;32 266;;1053,0;2,5 %;810;-53,67 %;-5,6 %;;;;;;;;;;;251;120;205,15;
08.02.21;08.02.21;MA;0,74 %;22 629;7 459;2 314;294;32 696;56 067;-1 035;1 193;462;252;46;;1 953;34 649;704;1 524;21 774;10 359;21 706;32 133;2 228;1 920;;;;;;;;32 421;;1053,0;3,2 %;1 049;-52,54 %;24,5 %;;;;;;;;;;;252;120;205,8;
09.02.21;09.02.21;ti;-0,49 %;22 560;7 366;2 314;295;32 535;56 067;-1 035;1 193;462;252;46;;1 953;34 488;704;1 524;21 774;10 359;21 706;32 133;2 228;1 920;;;;;;;;32 260;;1053,0;2,7 %;888;-53,30 %;24,5 %;;;;;;;;;;;253;120;206,45;
10.02.21;10.02.21;ke;0,61 %;22 665;7 458;2 315;294;32 732;56 067;-1 264;964;462;252;60;;1 738;34 470;704;1 524;21 774;10 359;21 706;32 133;2 228;1 920;;vastike229e;;;;;;32 242;;1268,0;3,3 %;1 085;-52,38 %;39,0 %;;;;;;;;;;;254;120;207,1;
11.02.21;11.02.21;to;0,18 %;22 725;7 458;2 315;293;32 791;56 067;-1 274;954;462;252;60;;1 728;34 519;704;1 524;21 774;10 359;21 706;32 133;2 228;1 920;;;;;;;;32 291;;1278,0;3,5 %;1 144;-52,10 %;39,6 %;;;;;;;;;;;255;120;207,75;
12.02.21;12.02.21;pe;0,05 %;22 716;7 486;2 313;294;32 809;56 132;-1 359;934;462;252;60;;1 708;34 517;769;1 524;21 774;10 359;21 706;32 133;2 293;1 920;;Pappa laittoi 400e kummankin tytön tilille tanssipukuja varten.;;;;;;32 224;;1298,0;3,5 %;1 162;-52,02 %;40,9 %;;;;;;;;;;;256;120;208,4;
15.02.21;15.02.21;MA;0,98 %;22 880;7 628;2 325;296;33 129;56 173;-1 590;744;62;252;60;;1 118;34 247;810;1 524;21 774;10 359;21 706;32 133;2 334;2 040;;elatusmaksu 400,hammaslääkäri 40, abc, burger king;;;;;;31 913;;1888,0;4,5 %;1 482;-50,55 %;52,9 %;;;;;;;;;;;257;120;209,05;
16.02.21;16.02.21;ti;0,24 %;22 715;7 872;2 325;297;33 209;56 235;-1 152;1 244;62;252;60;;1 618;34 827;872;1 524;21 774;10 359;21 706;32 133;2 396;2 040;;;;;;nosto nordnet 500e;;32 431;;1388,0;4,7 %;1 562;-50,19 %;21,3 %;;;;;;;;;;;258;120;209,7;
17.02.21;17.02.21;ke;-0,59 %;22 558;7 827;2 331;297;33 013;56 403;-1 320;1 244;62;252;60;;1 618;34 631;1 040;1 524;21 774;10 359;21 706;32 133;2 564;2 040;;ostin canon scanner 90e, palautin verkkokauppaan epson scannerin;;;;;;32 067;;1388,0;4,1 %;1 366;-51,08 %;21,3 %;;;;;;;;;;;259;120;210,35;
18.02.21;18.02.21;to;-0,16 %;22 485;7 846;2 331;298;32 960;56 403;-1 330;1 234;62;252;60;;1 608;34 568;1 040;1 524;21 774;10 359;21 706;32 133;2 564;2 040;;;;;;;;32 004;;1398,0;4,0 %;1 313;-51,32 %;21,9 %;;;;;;;;;;;260;120;211;
19.02.21;19.02.21;pe;0,13 %;22 520;7 863;2 324;296;33 003;56 403;-1 508;1 056;62;252;60;;1 430;34 433;1 040;1 524;21 774;10 359;21 706;32 133;2 564;2 040;;osto autokaiuttimet 300e;;;;;;31 869;;1576,0;4,1 %;1 356;-51,13 %;33,2 %;;;;;;;;;;;261;120;211,65;
22.02.21;22.02.21;MA;0,05 %;22 509;7 892;2 324;295;33 020;56 930;-2 088;1 003;62;252;60;;1 377;34 397;1 567;1 524;21 774;10 359;21 706;32 133;3 091;2 040;;osto lähitapiola 60e;;;;;;31 306;;1629,0;4,2 %;1 373;-51,05 %;36,5 %;;;;;;;;;;;262;120;212,3;
23.02.21;23.02.21;ti;-0,28 %;22 464;7 920;2 250;293;32 927;56 463;-2 108;516;62;252;60;;890;33 817;1 100;1 524;21 774;10 359;21 706;32 133;2 624;2 040;;lasku visa;;;;;;31 193;;2116,0;3,9 %;1 280;-51,47 %;67,3 %;;;;;;;;;;;263;120;212,95;
24.02.21;24.02.21;ke;0,26 %;22 585;7 885;2 250;293;33 013;56 537;-2 182;516;62;252;60;;890;33 903;1 174;1 524;21 774;10 359;21 706;32 133;2 698;2 040;;;;;;;;31 205;;2116,0;4,1 %;1 366;-51,08 %;67,3 %;;;;;;;;;;;264;120;213,6;
25.02.21;25.02.21;to;1,77 %;22 878;8 071;2 355;294;33 598;56 552;-2 257;456;62;252;60;;830;34 428;1 238;1 475;21 774;10 359;21 706;32 133;2 713;2 040;;elisa osti tanssipuvun papan antamalla rahalla 390;;;;;;31 715;;2176,0;5,8 %;1 951;-48,45 %;71,1 %;;;;;;;;;;;265;120;214,25;
26.02.21;26.02.21;pe;-1,87 %;22 449;7 875;2 355;291;32 970;56 552;-2 257;456;62;252;60;;830;33 800;1 238;1 475;21 774;10 359;21 706;32 133;2 713;2 040;;;;;;;;31 087;;2176,0;4,0 %;1 323;-51,28 %;71,1 %;;;;;;;;;;;266;120;214,9;
01.03.21;01.03.21;MA;1,33 %;22 777;8 005;2 339;288;33 409;55 314;216;1 691;62;252;40;;2 045;35 454;0;1 475;21 774;10 359;21 706;32 133;1 475;2 040;;;;;;;;33 979;;961,0;5,3 %;1 762;-49,29 %;-7,0 %;;;;;;;;;;;267;120;215,55;
02.03.21;02.03.21;ti;1,16 %;23 018;8 146;2 339;294;33 797;55 397;133;1 691;62;252;60;;2 065;35 862;83;1 475;21 774;10 359;21 706;32 133;1 558;2 040;;;;;;;;34 304;;941,0;6,4 %;2 150;-47,58 %;-7,0 %;;;;;;;;;;;268;120;216,2;
03.03.21;03.03.21;ke;0,80 %;23 140;8 259;2 354;313;34 066;55 435;95;1 691;62;252;60;;2 065;36 131;121;1 475;21 774;10 359;21 706;32 133;1 596;2 040;;;;;;;;34 535;;941,0;7,1 %;2 419;-46,41 %;-7,0 %;;;;;;;;;;;269;120;216,85;
04.03.21;04.03.21;to;-0,31 %;22 998;8 298;2 353;311;33 960;55 472;58;1 691;62;252;60;;2 065;36 025;158;1 475;21 774;10 359;21 706;32 133;1 633;2 040;;;;;;;;34 392;;941,0;6,8 %;2 313;-46,87 %;-7,0 %;;;;;;;;;;;270;120;217,5;
05.03.21;05.03.21;pe;0,01 %;22 972;8 329;2 353;311;33 965;54 751;-923;741;62;252;60;;1 115;35 080;189;1 475;21 407;10 241;21 439;31 648;1 664;2 040;;osto iphone 11 tytöille Elisa kaupasta. 639e(36kk/18e/kk) toisen puhelimen maksu kokonaan, johon käytin 50e Elisa lahjakortin.;;;;;;33 416;;1891,0;6,8 %;2 318;-46,85 %;53,1 %;;;;;;;;;;;271;120;218,15;
08.03.21;08.03.21;MA;2,38 %;23 542;8 566;2 353;313;34 774;55 242;-1 455;700;62;277;60;;1 099;35 873;680;1 475;21 407;10 241;21 439;31 648;2 155;2 040;;Iphone 11 Matleenalle;;;;;;33 718;;1907,0;9,0 %;3 127;-43,43 %;55,7 %;;;;;;;;;;;272;120;218,8;
09.03.21;09.03.21;ti;-0,01 %;23 542;8 566;2 353;311;34 772;55 242;-1 455;700;62;277;60;;1 099;35 871;680;1 475;21 407;10 241;21 439;31 648;2 155;2 040;;osto iphone 12 940e gigantista osamaksulla;;;;;;33 716;;1907,0;9,0 %;3 125;-43,44 %;55,7 %;;;;;;;;;;;273;120;219,45;
10.03.21;10.03.21;ke;-5,00 %;23 746;6 592;2 379;317;33 034;55 298;140;2 351;62;277;60;;2 750;35 784;736;1 475;21 407;10 241;21 439;31 648;2 211;2 040;;;;MYYNTI NORDEA243@8,22 OSUUSPANKKIN SALKKU 1990,46€ 9.3.2021;;;;33 573;;256,0;4,2 %;1 387;-50,98 %;-48,8 %;;;;;;;;;;;274;120;220,1;
11.03.21;11.03.21;to;0,40 %;23 884;6 573;2 390;318;33 165;55 329;-341;1 901;512;277;54;;2 744;35 909;767;1 475;21 407;10 241;21 439;31 648;2 242;2 040;;;;;;;;33 667;;262,0;4,6 %;1 518;-50,39 %;-20,3 %;;;;;;;;;;;275;120;220,75;
12.03.21;12.03.21;pe;0,14 %;23 887;6 615;2 390;320;33 212;55 431;-443;1 901;512;277;54;;2 744;35 956;869;1 475;21 407;10 241;21 439;31 648;2 344;2 040;;;;;;;;33 612;;262,0;4,7 %;1 565;-50,17 %;-20,3 %;;;;;;;;;;;276;120;221,4;
15.03.21;15.03.21;MA;-0,02 %;23 938;6 559;2 390;320;33 207;55 502;-848;1 567;112;277;54;;2 010;35 217;940;1 475;21 407;10 241;21 439;31 648;2 415;2 160;;;;;;;;32 802;;996,0;4,7 %;1 560;-50,20 %;0,8 %;;;;;;;;;;;277;120;222,05;
16.03.21;16.03.21;ti;0,16 %;23 968;6 581;2 390;320;33 259;55 637;-983;1 567;112;277;54;;2 010;35 269;1 075;1 475;21 407;10 241;21 439;31 648;2 550;2 160;;;;;;;;32 719;;996,0;4,8 %;1 612;-49,96 %;0,8 %;;;;;;;;;;;278;120;222,7;
17.03.21;17.03.21;ke;0,00 %;23 968;6 581;2 390;321;33 260;55 637;-983;1 567;112;277;54;;2 010;35 270;1 075;1 475;21 407;10 241;21 439;31 648;2 550;2 160;;;;;;;;32 720;;996,0;4,8 %;1 613;-49,96 %;0,8 %;;;;;;;;;;;279;120;223,35;
18.03.21;18.03.21;to;0,20 %;23 964;6 634;2 407;321;33 326;55 714;-1 062;1 565;112;277;54;;2 008;35 334;1 152;1 475;21 407;10 241;21 439;31 648;2 627;2 160;;;;;;;;32 707;;998,0;5,0 %;1 679;-49,66 %;0,9 %;;;;;;;;;;;280;120;224;
19.03.21;19.03.21;pe;-0,19 %;23 943;6 610;2 390;321;33 264;55 909;-1 307;1 515;112;277;54;;1 958;35 222;1 347;1 475;21 407;10 241;21 439;31 648;2 822;2 160;;;;;;;;32 400;;1048,0;4,9 %;1 617;-49,94 %;4,1 %;;;;;;;;;;;281;120;224,65;
22.03.21;22.03.21;MA;0,29 %;24 021;6 630;2 390;320;33 361;55 909;-1 307;1 515;112;277;54;;1 958;35 319;1 347;1 475;21 407;10 241;21 439;31 648;2 822;2 160;;;;;;;;32 497;;1048,0;5,1 %;1 714;-49,50 %;4,1 %;;;;;;;;;;;282;120;225,3;
23.03.21;23.03.21;ti;-0,41 %;23 884;6 630;2 390;320;33 224;55 909;-1 307;1 515;112;277;54;;1 958;35 182;1 347;1 475;21 407;10 241;21 439;31 648;2 822;2 160;;;;;;;;32 360;;1048,0;4,7 %;1 577;-50,12 %;4,1 %;;;;;;;;;;;283;120;225,95;
24.03.21;24.03.21;ke;1,16 %;24 127;6 756;2 408;319;33 610;55 962;-1 404;1 471;112;277;54;;1 914;35 524;1 449;1 426;21 407;10 241;21 439;31 648;2 875;2 160;;kelaetuus 16,50e;;;;;;32 649;;1092,0;5,8 %;1 963;-48,40 %;6,9 %;;;;;;;;;;;284;120;226,6;
25.03.21;25.03.21;to;-0,15 %;24 140;6 692;2 408;319;33 559;55 962;-1 204;1 671;112;277;54;;2 114;35 673;1 449;1 426;21 407;10 241;21 439;31 648;2 875;2 160;;porukoilta 200 valokuvien digitoinnista;;;;;;32 798;;892,0;5,7 %;1 912;-48,62 %;-5,8 %;;;;;;;;;;;285;120;227,25;
30.03.21;30.03.21;MA;1,04 %;24 452;6 725;2 409;323;33 909;56 027;-2 220;720;112;277;54;;1 163;35 072;1 514;1 426;21 407;10 241;21 439;31 648;2 940;2 160;;;;;;;;32 132;;1843,0;6,7 %;2 262;-47,09 %;54,4 %;;;;;;;;;;;286;120;227,9;
31.03.21;31.03.21;ti;0,46 %;24 574;6 759;2 409;324;34 066;56 037;-2 230;720;112;277;54;;1 163;35 229;1 524;1 426;21 407;10 241;21 439;31 648;2 950;2 160;;;;;;;;32 279;;1843,0;7,1 %;2 419;-46,41 %;54,4 %;;;;;;;;;;;287;120;228,55;
01.04.21;01.04.21;ke;0,00 %;24 574;6 759;2 409;325;34 067;54 513;218;1 644;112;277;34;;2 067;36 134;0;1 426;21 407;10 241;21 439;31 648;1 426;2 160;;osto takki 110e;;;;;;34 708;;939,0;7,1 %;2 420;-46,41 %;-4,1 %;;;;;;;;;;;288;120;229,2;
06.04.21;06.04.21;ti;-1,91 %;23 783;6 848;2 440;347;33 418;54 118;-386;1 393;112;302;34;;1 841;35 259;353;1 426;21 041;10 124;21 174;31 165;1 779;2 160;;;;;;Tilisiirto nordeasta 770€;;33 480;;1165,0;5,3 %;1 771;-49,25 %;11,8 %;;;;;;;;;;;289;120;229,85;
07.04.21;07.04.21;ke;0,48 %;23 895;6 893;2 440;349;33 577;54 118;-386;1 393;112;302;34;;1 841;35 418;353;1 426;21 041;10 124;21 174;31 165;1 779;2 160;;;;;;;;33 639;;1165,0;5,7 %;1 930;-48,54 %;11,8 %;;;;;;;;;;;290;120;230,5;
13.04.21;13.04.21;ti;0,52 %;24 037;6 926;2 440;349;33 752;54 478;-746;1 393;112;302;34;;1 841;35 593;713;1 426;21 041;10 124;21 174;31 165;2 139;2 160;;;;;;;;33 454;;1165,0;6,2 %;2 105;-47,77 %;11,8 %;;;;;;;;;;;291;120;231,15;
14.04.21;14.04.21;ke;-0,13 %;23 959;6 959;2 440;349;33 707;54 512;-1 444;729;562;302;48;;1 641;35 348;747;1 426;21 041;10 124;21 174;31 165;2 173;2 160;;;;;;;;33 175;;1365,0;6,1 %;2 060;-47,97 %;53,9 %;;;;;;;;;;;292;120;231,8;
19.04.21;19.04.21;MA;1,47 %;24 452;6 956;2 440;354;34 202;54 935;-1 962;634;162;302;48;;1 146;35 348;1 170;1 426;21 041;10 124;21 174;31 165;2 596;2 280;;;;;;;;32 752;;1860,0;7,5 %;2 555;-45,83 %;59,9 %;;;;;;;;;;;293;120;232,45;
20.04.21;20.04.21;ti;-2,28 %;23 845;6 742;2 483;352;33 422;54 935;-1 962;634;162;302;48;;1 146;34 568;1 170;1 426;21 041;10 124;21 174;31 165;2 596;2 280;;;;;;;;31 972;;1860,0;5,3 %;1 775;-49,23 %;59,9 %;;;;;;;;;;;294;120;233,1;
21.04.21;21.04.21;ke;0,10 %;23 857;6 762;2 483;352;33 454;54 982;-2 009;634;162;302;48;;1 146;34 600;1 217;1 426;21 041;10 124;21 174;31 165;2 643;2 280;;;;;;;;31 957;;1860,0;5,4 %;1 807;-49,09 %;59,9 %;;;;;;;;;;;295;120;233,75;
26.04.21;26.04.21;MA;1,75 %;24 405;6 801;2 480;352;34 038;55 041;-2 338;364;162;302;48;;876;34 914;1 325;1 377;21 041;10 124;21 174;31 165;2 702;2 280;;;;;;;;32 212;;2130,0;7,0 %;2 391;-46,53 %;77,0 %;;;;;;;;;;;296;120;234,4;
27.04.21;27.04.21;ti;0,30 %;24 292;7 015;2 481;352;34 140;55 199;-2 506;354;162;302;48;;866;35 006;1 483;1 377;21 041;10 124;21 174;31 165;2 860;2 280;;;;;;;;32 146;;2140,0;7,3 %;2 493;-46,09 %;77,6 %;;;;;;;;;;;297;120;235,05;
30.04.21;30.04.21;pe;-0,71 %;24 134;6 930;2 481;352;33 897;55 232;-131;2 762;162;302;48;;3 274;37 171;1 516;1 377;21 041;10 124;21 174;31 165;2 893;2 280;;;;;;;;34 278;;-268,0;6,6 %;2 250;-47,14 %;-74,8 %;;;;;;;;;;;298;120;235,7;
04.05.21;04.05.21;ti;-1,12 %;23 891;6 796;2 481;351;33 519;55 232;-131;2 762;162;302;48;;3 274;36 793;1 516;1 377;21 041;10 124;21 174;31 165;2 893;2 280;;;;;;;;33 900;;-268,0;5,6 %;1 872;-48,80 %;-74,8 %;;;;;;;;;;;299;120;236,35;
05.05.21;05.05.21;ke;1,34 %;24 203;6 916;2 481;369;33 969;54 481;-131;2 762;162;302;48;;3 274;37 243;1 516;1 377;20 673;10 007;20 908;30 680;2 893;2 280;;;;;;;;34 350;;-268,0;6,8 %;2 322;-46,83 %;-74,8 %;;;;;;;;;;;300;120;237;
06.05.21;06.05.21;to;-0,21 %;24 189;6 859;2 481;369;33 898;54 559;-1 393;1 578;162;302;28;;2 070;35 968;1 594;1 377;20 673;10 007;20 908;30 680;2 971;2 280;;;;myynti cargotec 15@47,46 yht 712e;;;;32 997;;936,0;6,6 %;2 251;-47,14 %;0,1 %;;;;;;;;;;;301;120;237,65;
07.05.21;07.05.21;pe;0,57 %;24 381;6 859;2 481;369;34 090;54 601;-1 462;1 551;462;327;28;;2 368;36 458;1 636;1 377;20 673;10 007;20 908;30 680;3 013;2 280;;;;;;;osinko Fortum 260e;33 445;;638,0;7,2 %;2 443;-46,31 %;1,8 %;;;;;;;;;;;302;120;238,3;
10.05.21;10.05.21;MA;0,44 %;24 501;6 877;2 490;373;34 241;54 769;-1 933;1 248;462;327;51;;2 088;36 329;1 804;1 377;20 673;10 007;20 908;30 680;3 181;2 280;;;;;;;;33 148;;918,0;7,6 %;2 594;-45,66 %;21,0 %;;;;;;;;;;;303;120;238,95;
11.05.21;11.05.21;ti;0,00 %;24 501;6 877;2 490;373;34 241;54 769;-1 933;1 248;462;327;51;;2 088;36 329;1 804;1 377;20 673;10 007;20 908;30 680;3 181;2 280;;;;;;;;33 148;;918,0;7,6 %;2 594;-45,66 %;21,0 %;;;;;;;;;;;304;120;239,6;
12.05.21;12.05.21;ke;-4,61 %;23 000;6 801;2 490;373;32 664;54 769;-1 933;1 248;462;327;51;;2 088;34 752;1 804;1 377;20 673;10 007;20 908;30 680;3 181;2 280;;;;;;;;31 571;;918,0;3,1 %;1 017;-52,69 %;21,0 %;;;;;;;;;;;305;120;240,25;
14.05.21;14.05.21;pe;2,13 %;23 494;7 003;2 490;373;33 360;54 769;-852;2 329;62;327;51;;2 769;36 129;1 804;1 377;20 673;10 007;20 908;30 680;3 181;2 280;;;;;;;;32 948;;237,0;5,1 %;1 713;-49,51 %;-47,4 %;;;;;;;;;;;306;120;240,9;
17.05.21;17.05.21;MA;-0,66 %;23 397;6 915;2 459;369;33 140;53 336;-1 055;693;62;327;51;;1 133;34 273;371;1 377;20 673;10 007;20 908;30 680;1 748;2 400;;Luottokunnalta maksukehotus, omaa huolimattomuutta.;;;;;;32 525;;1873,0;4,5 %;1 493;-50,50 %;56,1 %;;;;;;;;;;;307;120;241,55;
19.05.21;19.05.21;ke;-0,72 %;23 225;6 849;2 459;369;32 902;53 431;-1 229;614;62;327;51;;1 054;33 956;466;1 377;20 673;10 007;20 908;30 680;1 843;2 400;;;;;;;;32 113;;1952,0;3,8 %;1 255;-51,59 %;61,1 %;;;;;;;;;;;308;120;242,2;
20.05.21;20.05.21;to;0,44 %;23 335;6 889;2 459;364;33 047;53 434;-1 244;602;62;327;51;;1 042;34 089;469;1 377;20 673;10 007;20 908;30 680;1 846;2 400;;;;;;;;32 243;;1964,0;4,2 %;1 400;-50,92 %;61,9 %;;;;;;;;;;;309;120;242,85;
21.05.21;21.05.21;pe;1,79 %;23 703;7 036;2 532;367;33 638;53 496;-1 306;602;62;327;51;;1 042;34 680;531;1 377;20 673;10 007;20 908;30 680;1 908;2 400;;;;;;;;32 772;;1964,0;5,9 %;1 991;-48,27 %;61,9 %;;;;;;;;;;;310;120;243,5;
24.05.21;24.05.21;MA;-0,14 %;23 651;7 039;2 532;369;33 591;53 498;-1 358;552;62;327;51;;992;34 583;582;1 328;20 673;10 007;20 908;30 680;1 910;2 400;;;;;;;;32 673;;2014,0;5,8 %;1 944;-48,48 %;65,1 %;;;;;;;;;;;311;120;244,15;
25.05.21;25.05.21;ti;0,33 %;23 727;7 074;2 532;370;33 703;53 546;-1 446;512;62;327;51;;952;34 655;630;1 328;20 673;10 007;20 908;30 680;1 958;2 400;;;;;;;;32 697;;2054,0;6,1 %;2 056;-47,99 %;67,6 %;;;;;;;;;;;312;120;244,8;
25.05.21;25.05.21;ke;-0,25 %;23 666;7 041;2 543;369;33 619;53 641;-1 551;502;62;327;51;;942;34 561;725;1 328;20 673;10 007;20 908;30 680;2 053;2 400;;;;;;;;32 508;;2064,0;5,9 %;1 972;-48,36 %;68,2 %;;;;;;;;;;;313;120;245,45;
25.05.21;25.05.21;to;0,35 %;23 759;7 065;2 543;369;33 736;53 641;-1 851;202;62;327;51;;642;34 378;725;1 328;20 673;10 007;20 908;30 680;2 053;2 400;;Maksoin Riitalle 300€ mopoauton korjaukseen.;;;;;;32 325;;2364,0;6,2 %;2 089;-47,84 %;87,2 %;;;;;;;;;;;314;120;246,1;
26.05.21;26.05.21;pe;0,85 %;23 957;7 151;2 544;372;34 024;53 728;-1 938;202;62;327;51;;642;34 666;812;1 328;20 673;10 007;20 908;30 680;2 140;2 400;;;;;;;;32 526;;2364,0;7,0 %;2 377;-46,59 %;87,2 %;;;;;;;;;;;315;120;246,75;
31.05.21;31.05.21;MA;-1,25 %;23 636;7 045;2 544;373;33 598;53 728;-1 938;202;62;327;51;;642;34 240;812;1 328;20 673;10 007;20 908;30 680;2 140;2 400;;;;;;;;32 100;;2364,0;5,8 %;1 951;-48,45 %;87,2 %;;;;;;;;;;;316;120;247,4;
01.06.21;01.06.21;ti;1,78 %;24 053;7 226;2 544;373;34 196;53 728;639;2 779;62;327;51;;3 219;37 415;812;1 328;20 673;10 007;20 908;30 680;2 140;2 400;;;;;;;;35 275;;-213,0;7,5 %;2 549;-45,85 %;-75,9 %;;;;;;;;;;;317;120;248,05;
02.06.21;02.06.21;ke;0,72 %;24 230;7 296;2 544;373;34 443;53 728;639;2 779;62;327;51;;3 219;37 662;812;1 328;20 673;10 007;20 908;30 680;2 140;2 400;;;;;;;;35 522;;-213,0;8,1 %;2 796;-44,81 %;-75,9 %;;;;;;;;;;;318;120;248,7;
04.06.21;04.06.21;pe;0,56 %;24 348;7 370;2 544;373;34 635;54 086;4 169;6 667;62;352;51;;7 132;41 767;1 170;1 328;20 673;10 007;20 908;30 680;2 498;2 400;;isä ja äiti 4000e kiitos;;;;;;39 269;;-4126,0;8,6 %;2 988;-44,00 %;-322,0 %;;;;;;;;;;;319;120;249,35;
07.06.21;07.06.21;MA;-0,13 %;24 301;7 329;2 562;397;34 589;53 335;3 380;5 878;62;352;31;;6 323;40 912;1 170;1 328;20 305;9 890;20 642;30 195;2 498;2 400;;;;;;;;38 414;;-3317,0;8,5 %;2 942;-44,20 %;-272,0 %;;;;;;;;;;;320;120;250;
08.06.21;08.06.21;ti;0,03 %;24 305;7 335;2 562;397;34 599;52 010;3 367;4 540;62;352;31;;4 985;39 584;1 173;0;20 305;9 890;20 642;30 195;1 173;2 400;;;;;;;;38 411;;-1979,0;8,5 %;2 952;-44,15 %;-187,3 %;;;;;;;;;;;321;120;250,65;
10.06.21;10.06.21;to;0,38 %;24 333;7 440;2 562;396;34 731;52 147;2 968;4 278;62;352;31;;4 723;39 454;1 310;0;20 305;9 890;20 642;30 195;1 310;2 400;;;;;;;;38 144;;-1717,0;8,9 %;3 084;-43,61 %;-170,8 %;;;;;;;;;;;322;120;251,3;
11.06.21;11.06.21;pe;0,34 %;24 431;7 449;2 571;397;34 848;52 147;2 978;4 288;62;352;50;;4 752;39 600;1 310;0;20 305;9 890;20 642;30 195;1 310;2 400;;tästä eteenpäin viikkoraha Matleenalle 15e/kk ja Elisalle 10e/kk;;;;;;38 290;;-1746,0;9,2 %;3 201;-43,12 %;-171,4 %;;;;;;;;;;;323;120;251,95;
14.06.21;14.06.21;MA;0,65 %;24 633;7 471;2 571;399;35 074;52 147;2 319;3 629;162;352;50;;4 193;39 267;1 310;0;20 305;9 890;20 642;30 195;1 310;2 400;;;;;;;;37 957;;-1187,0;9,8 %;3 427;-42,20 %;-129,7 %;;;;;;;;;;;324;120;252,6;
15.06.21;15.06.21;ti;-0,04 %;24 555;7 516;2 591;399;35 061;50 880;2 206;2 249;162;352;50;;2 813;37 874;43;0;20 305;9 890;20 642;30 195;43;2 520;;;;;;;;37 831;;193,0;9,7 %;3 414;-42,25 %;-42,3 %;;;;;;;;;;;325;120;253,25;
16.06.21;16.06.21;ke;-0,15 %;24 526;7 492;2 591;399;35 008;50 899;2 187;2 249;162;352;50;;2 813;37 821;62;0;20 305;9 890;20 642;30 195;62;2 520;;;;;;;;37 759;;193,0;9,6 %;3 361;-42,47 %;-42,3 %;;;;;;;;;;;326;120;253,9;
17.06.21;17.06.21;to;-0,52 %;24 366;7 469;2 591;399;34 825;50 899;2 126;2 188;162;352;50;;2 752;37 577;62;0;20 305;9 890;20 642;30 195;62;2 520;;;;;;;;37 515;;254,0;9,1 %;3 178;-43,22 %;-38,5 %;;;;;;;;;;;327;120;254,55;
21.06.21;21.06.21;MA;0,39 %;24 405;7 565;2 591;399;34 960;51 163;1 833;2 159;162;352;50;;2 723;37 683;326;0;20 305;9 890;20 642;30 195;326;2 520;;;;;;;;37 357;;283,0;9,5 %;3 313;-42,67 %;-36,6 %;;;;;;;;;;;328;120;255,2;
22.06.21;22.06.21;ti;-0,73 %;24 308;7 407;2 589;400;34 704;51 175;1 821;2 159;162;352;50;;2 723;37 427;338;0;20 305;9 890;20 642;30 195;338;2 520;;;;;;;;37 089;;283,0;8,8 %;3 057;-43,72 %;-36,6 %;;;;;;;;;;;329;120;255,85;
23.06.21;23.06.21;ke;0,31 %;24 344;7 479;2 589;401;34 813;51 175;1 821;2 159;162;352;50;;2 723;37 536;338;0;20 305;9 890;20 642;30 195;338;2 520;;;;;;;;37 198;;283,0;9,1 %;3 166;-43,27 %;-36,6 %;;;;;;;;;;;330;120;256,5;
24.06.21;24.06.21;to;0,72 %;24 526;7 549;2 589;400;35 064;51 366;1 505;2 034;162;352;50;;2 598;37 662;529;0;20 305;9 890;20 642;30 195;529;2 520;;;;;;;;37 133;;408,0;9,7 %;3 417;-42,24 %;-28,7 %;;;;;;;;;;;331;120;257,15;
28.06.21;28.06.21;MA;-0,80 %;24 324;7 468;2 589;402;34 783;51 371;1 461;1 995;162;352;50;;2 559;37 342;534;0;20 305;9 890;20 642;30 195;534;2 520;;;;;;;;36 808;;447,0;9,0 %;3 136;-43,39 %;-26,3 %;;;;;;;;;;;332;120;257,8;
29.06.21;29.06.21;ti;0,62 %;24 459;7 531;2 606;403;34 999;51 448;1 384;1 995;162;352;50;;2 559;37 558;611;0;20 305;9 890;20 642;30 195;611;2 520;;;;;;;;36 947;;447,0;9,6 %;3 352;-42,51 %;-26,3 %;;;;;;;;;;;333;120;258,45;
30.06.21;30.06.21;ke;-0,68 %;24 259;7 491;2 606;404;34 760;51 458;1 374;1 995;162;352;50;;2 559;37 319;621;0;20 305;9 890;20 642;30 195;621;2 520;;;;;;;;36 698;;447,0;9,0 %;3 113;-43,49 %;-26,3 %;;;;;;;;;;;334;120;259,1;
01.07.21;01.07.21;to;0,60 %;24 428;7 530;2 606;404;34 968;51 458;3 784;4 405;162;352;50;;4 969;39 937;621;0;20 305;9 890;20 642;30 195;621;2 520;;Matleenalle 17v synttärilahjaksi airpod 125€, kuoret 30€, kännykkäkotelo 20€;;;;;;39 316;;-1963,0;9,5 %;3 321;-42,63 %;-178,8 %;;;;;;;;;;;335;120;259,75;
02.07.21;02.07.21;pe;0,42 %;24 557;7 526;2 626;405;35 114;50 837;3 748;3 748;162;352;50;;4 312;39 426;0;0;20 305;9 890;20 642;30 195;0;2 520;;;;;;;;39 426;;-1306,0;9,9 %;3 467;-42,04 %;-137,2 %;;;;;;;;;;;336;120;260,4;
05.07.21;05.07.21;MA;0,66 %;24 709;7 586;2 626;426;35 347;50 180;2 777;2 870;162;352;50;;3 434;38 781;93;0;19 938;9 773;20 376;29 711;93;2 520;;;;;;;;38 688;;-428,0;10,5 %;3 700;-41,10 %;-81,6 %;;;;;;;;;;;337;120;261,05;
06.07.21;06.07.21;ti;-0,90 %;24 492;7 483;2 626;427;35 028;50 180;2 721;2 814;162;377;50;;3 403;38 431;93;0;19 938;9 773;20 376;29 711;93;2 520;;;;;;;;38 338;;-397,0;9,7 %;3 381;-42,39 %;-78,1 %;;;;;;;;;;;338;360;261,7;
07.07.21;07.07.21;ke;0,97 %;24 738;7 567;2 638;426;35 369;50 271;2 622;2 806;162;377;50;;3 395;38 764;184;0;19 938;9 773;20 376;29 711;184;2 520;;;;;;;;38 580;;-389,0;10,5 %;3 722;-41,02 %;-77,6 %;;;;;;;;;;;339;360;262,35;
08.07.21;08.07.21;to;-2,01 %;24 217;7 377;2 638;427;34 659;50 319;2 550;2 782;162;377;50;;3 371;38 030;232;0;19 938;9 773;20 376;29 711;232;2 520;;;;;;;;37 798;;-365,0;8,7 %;3 012;-43,90 %;-76,1 %;;;;;;;;;;;340;360;263;
09.07.21;09.07.21;pe;0,97 %;24 452;7 477;2 638;427;34 994;50 319;2 550;2 782;162;377;50;;3 371;38 365;232;0;19 938;9 773;20 376;29 711;232;2 520;;;;;;;;38 133;;-365,0;9,6 %;3 347;-42,53 %;-76,1 %;;;;;;;;;;;341;360;263,65;
12.07.21;12.07.21;MA;0,58 %;24 595;7 538;2 638;426;35 197;50 453;2 187;2 553;162;377;64;;3 156;38 353;366;0;19 938;9 773;20 376;29 711;366;2 520;;;;;;;;37 987;;-150,0;10,1 %;3 550;-41,71 %;-61,6 %;;;;;;;;;;;342;360;264,3;
13.07.21;13.07.21;ti;-0,28 %;24 528;7 506;2 638;427;35 099;50 453;2 187;2 553;162;377;64;;3 156;38 255;366;0;19 938;9 773;20 376;29 711;366;2 520;;;;;;;;37 889;;-150,0;9,8 %;3 452;-42,10 %;-61,6 %;;;;;;;;;;;343;360;264,95;
14.07.21;14.07.21;ke;0,52 %;24 640;7 560;2 652;428;35 280;50 494;1 640;2 047;262;377;64;;2 750;38 030;407;0;19 938;9 773;20 376;29 711;407;2 520;;;;;;;;37 623;;256,0;10,3 %;3 633;-41,37 %;-29,6 %;;;;;;;;;;;344;360;265,6;
15.07.21;15.07.21;ke;0,00 %;24 640;7 560;2 652;428;35 280;50 494;1 640;2 047;262;377;64;;2 750;38 030;407;0;19 938;9 773;20 376;29 711;407;2 520;;;;;;;;37 623;;256,0;10,3 %;3 633;-41,37 %;-29,6 %;;;;;;;;;;;345;360;266,25;
16.07.21;16.07.21;pe;0,22 %;24 670;7 603;2 657;427;35 357;50 559;1 430;1 902;262;377;64;;2 605;37 962;472;0;19 938;9 773;20 376;29 711;472;2 640;;Matleenalle 50€ synttärilahjaksi;;;;;;37 490;;401,0;10,5 %;3 710;-41,06 %;-20,4 %;;;;;;;;;;;346;360;266,9;
19.07.21;19.07.21;MA;-2,83 %;23 918;7 357;2 657;426;34 358;50 559;1 418;1 890;87;377;64;;2 418;36 776;472;0;19 938;9 773;20 376;29 711;472;2 640;;Maksoin johannalle 175€ rippiäisten kakuista 6 kakkua. Kallista oli!;;;;;;36 304;;588,0;7,9 %;2 711;-45,17 %;-19,6 %;;;;;;;;;;;347;360;267,55;
20.07.21;20.07.21;ti;0,97 %;24 200;7 415;2 657;420;34 692;50 648;1 329;1 890;87;377;64;;2 418;37 110;561;0;19 938;9 773;20 376;29 711;561;2 640;;;;;;;;36 549;;588,0;8,8 %;3 045;-43,77 %;-19,6 %;;;;;;;;;;;348;360;268,2;
21.07.21;21.07.21;ke;2,59 %;24 850;7 680;2 638;423;35 591;50 699;1 278;1 890;87;377;64;;2 418;38 009;612;0;19 938;9 773;20 376;29 711;612;2 640;;;;;;;;37 397;;588,0;11,1 %;3 944;-40,14 %;-19,6 %;;;;;;;;;;;349;360;268,85;
22.07.21;22.07.21;to;0,42 %;25 000;7 680;2 638;423;35 741;50 699;1 278;1 890;87;377;64;;2 418;38 159;612;0;19 938;9 773;20 376;29 711;612;2 640;;;;;;;;37 547;;588,0;11,5 %;4 094;-39,55 %;-19,6 %;;;;;;;;;;;350;360;269,5;
23.07.21;23.07.21;pe;1,13 %;25 285;7 793;2 638;428;36 144;50 978;938;1 829;87;377;64;;2 357;38 501;891;0;19 938;9 773;20 376;29 711;891;2 640;;;;;;;;37 610;;649,0;12,4 %;4 497;-37,99 %;-15,8 %;;;;;;;;;;;351;360;270,15;
26.07.21;26.07.21;MA;1,46 %;25 622;7 958;2 661;431;36 672;50 978;938;1 829;87;377;64;;2 357;39 029;891;0;19 938;9 773;20 376;29 711;891;2 640;;;;;;;;38 138;;649,0;13,7 %;5 025;-36,01 %;-15,8 %;;;;;;;;;;;352;360;270,8;
27.07.21;27.07.21;ti;-0,02 %;25 643;7 929;2 661;430;36 663;51 163;753;1 829;87;377;64;;2 357;39 020;1 076;0;19 938;9 773;20 376;29 711;1 076;2 640;;;;;;;;37 944;;649,0;13,7 %;5 016;-36,04 %;-15,8 %;;;;;;;;;;;353;360;271,45;
28.07.21;28.07.21;ke;-0,83 %;25 341;7 929;2 661;427;36 358;51 163;728;1 804;87;377;64;;2 332;38 690;1 076;0;19 938;9 773;20 376;29 711;1 076;2 640;;;;;;;;37 614;;674,0;13,0 %;4 711;-37,18 %;-14,2 %;;;;;;;;;;;354;360;272,1;
29.07.21;29.07.21;to;0,00 %;25 341;7 929;2 661;427;36 358;51 163;728;1 804;87;377;64;;2 332;38 690;1 076;0;19 938;9 773;20 376;29 711;1 076;2 640;;;;;;;;37 614;;674,0;13,0 %;4 711;-37,18 %;-14,2 %;;;;;;;;;;;355;360;272,75;
30.07.21;30.07.21;pe;-0,45 %;25 212;7 890;2 661;430;36 193;51 638;228;1 779;87;377;64;;2 307;38 500;1 551;0;19 938;9 773;20 376;29 711;1 551;2 640;;Hankinta: Silmälasit 250 (750yht). Silmälääkäri 150€;;;;;;36 949;;699,0;12,6 %;4 546;-37,81 %;-12,6 %;;;;;;;;;;;356;360;273,4;
02.08.21;02.08.21;MA;0,57 %;25 393;7 905;2 674;427;36 399;50 109;2 683;2 705;87;377;64;;3 233;39 632;22;0;19 938;9 773;20 376;29 711;22;2 640;;Myin torissa samsung s9 140€;;;;;;39 610;;-227,0;13,1 %;4 752;-37,03 %;-71,2 %;;;;;;;;;;;357;360;274,05;
03.08.21;03.08.21;ti;0,29 %;25 500;7 905;2 674;427;36 506;50 109;2 683;2 705;87;377;64;;3 233;39 739;22;0;19 938;9 773;20 376;29 711;22;2 640;;;;;;;;39 717;;-227,0;13,3 %;4 859;-36,62 %;-71,2 %;;;;;;;;;;;358;360;274,7;
09.08.21;09.08.21;MA;2,05 %;26 018;8 110;2 674;454;37 256;50 313;552;1 530;87;402;64;;2 083;39 339;978;0;19 570;9 655;20 110;29 225;978;2 640;;;;;;;;38 361;;923,0;15,1 %;5 609;-33,87 %;3,2 %;;;;;;;;;;;359;360;275,35;
09.08.21;09.08.21;MA;-0,05 %;26 018;8 091;2 674;454;37 237;50 313;552;1 530;87;402;64;;2 083;39 320;978;0;19 570;9 655;20 110;29 225;978;2 640;;Ostin macbook pro 1370€;;;;;;38 342;;923,0;15,0 %;5 590;-33,94 %;3,2 %;;;;;;;;;;;360;360;276;
12.08.21;12.08.21;to;-3,16 %;24 820;8 110;2 674;456;36 060;51 245;-663;1 247;537;402;64;;2 250;38 310;1 910;0;19 570;9 655;20 110;29 225;1 910;2 640;;Maksoin silmälasit 500€. Nosto nordnetistä 1200€;;Myynti Cargotec30@45,44;;;;36 400;;756,0;12,2 %;4 413;-38,31 %;21,1 %;;;;;;;;;;;361;360;276,65;
13.08.21;13.08.21;pe;0,31 %;24 875;8 127;2 714;457;36 173;51 025;-780;910;537;402;64;;1 913;38 086;1 690;0;19 570;9 655;20 110;29 225;1 690;2 640;;Lyhensin visalaskua 300e;;;;;;36 396;;1093,0;12,5 %;4 526;-37,88 %;42,4 %;;;;;;;;;;;362;360;277,3;
16.08.21;16.08.21;MA;-1,20 %;24 563;8 005;2 714;456;35 738;51 088;-977;776;137;402;64;;1 379;37 117;1 753;0;19 570;9 655;20 110;29 225;1 753;2 760;;;;;;;;35 364;;1627,0;11,4 %;4 091;-39,56 %;50,9 %;;;;;;;;;;;363;360;277,95;
17.08.21;17.08.21;ti;-0,20 %;24 531;7 964;2 716;455;35 666;51 133;-1 026;772;137;402;64;;1 375;37 041;1 798;0;19 570;9 655;20 110;29 225;1 798;2 760;;;;;;;;35 243;;1631,0;11,3 %;4 019;-39,84 %;51,1 %;;;;;;;;;;;364;360;278,6;
18.08.21;18.08.21;ke;0,65 %;24 745;7 982;2 716;455;35 898;51 133;-1 085;713;137;402;64;;1 316;37 214;1 798;0;19 570;9 655;20 110;29 225;1 798;2 760;;;;;;;;35 416;;1690,0;11,8 %;4 251;-38,94 %;54,9 %;;;;;;;;;;;365;360;279,25;
19.08.21;19.08.21;to;-2,21 %;24 157;7 777;2 716;454;35 104;51 133;-1 085;713;137;402;64;;1 316;36 420;1 798;0;19 570;9 655;20 110;29 225;1 798;2 760;;;;;;;;34 622;;1690,0;9,8 %;3 457;-42,08 %;54,9 %;;;;;;;;;;;366;360;279,9;
20.08.21;20.08.21;pe;0,91 %;24 357;7 900;2 716;451;35 424;51 161;-1 172;654;137;402;64;;1 257;36 681;1 826;0;19 570;9 655;20 110;29 225;1 826;2 760;;;;;;;;34 855;;1749,0;10,7 %;3 777;-40,80 %;58,6 %;;;;;;;;;;;367;360;280,55;
23.08.21;23.08.21;MA;0,80 %;24 595;7 954;2 706;453;35 708;50 822;-1 253;234;137;402;65;;838;36 546;1 487;0;19 570;9 655;20 110;29 225;1 487;2 760;;Lyhensin visa 400e;;;;;;35 059;;2168,0;11,4 %;4 061;-39,68 %;85,2 %;;;;;;;;;;;368;360;281,2;
24.08.21;24.08.21;ti;0,47 %;24 730;7 988;2 706;453;35 877;50 822;-1 253;234;137;402;65;;838;36 715;1 487;0;19 570;9 655;20 110;29 225;1 487;2 760;;;;;;;;35 228;;2168,0;11,8 %;4 230;-39,02 %;85,2 %;;;;;;;;;;;369;360;281,85;
25.08.21;25.08.21;ke;0,28 %;24 824;7 992;2 706;456;35 978;50 933;-1 406;192;137;402;65;;796;36 774;1 598;0;19 570;9 655;20 110;29 225;1 598;2 760;;;;;;;;35 176;;2210,0;12,0 %;4 331;-38,63 %;87,8 %;;;;;;;;;;;370;360;282,5;
26.08.21;26.08.21;to;0,20 %;24 841;7 974;2 777;457;36 049;50 933;-1 431;167;137;402;65;;771;36 820;1 598;0;19 570;9 655;20 110;29 225;1 598;2 760;;;;;;;;35 222;;2235,0;12,2 %;4 402;-38,36 %;89,4 %;;;;;;;;;;;371;360;283,15;
27.08.21;27.08.21;pe;-0,14 %;24 791;7 974;2 777;457;35 999;50 933;-1 431;167;137;402;65;;771;36 770;1 598;0;19 570;9 655;20 110;29 225;1 598;2 760;;;;Myynti Cargotec 55@45,30=2492;;;;35 172;;2235,0;12,1 %;4 352;-38,55 %;89,4 %;;;;;;;;;;;372;360;283,8;
30.08.21;30.08.21;MA;0,52 %;24 931;8 022;2 777;456;36 186;50 933;-1 431;167;137;402;65;;771;36 957;1 598;0;19 570;9 655;20 110;29 225;1 598;2 760;;;;;;;;35 359;;2235,0;12,5 %;4 539;-37,83 %;89,4 %;;;;;;;;;;;373;360;284,45;
31.08.21;31.08.21;ti;-0,94 %;24 717;7 895;2 777;456;35 845;50 933;-1 431;167;137;402;65;;771;36 616;1 598;0;19 570;9 655;20 110;29 225;1 598;2 760;;;;;;;;35 018;;2235,0;11,7 %;4 198;-39,14 %;89,4 %;;;;;;;;;;;374;360;285,1;
01.09.21;01.09.21;ke;1,04 %;24 975;8 007;2 777;457;36 216;50 933;1 117;2 715;137;402;65;;3 319;39 535;1 598;0;19 570;9 655;20 110;29 225;1 598;2 760;;;;;;;;37 937;;-313,0;12,6 %;4 569;-37,72 %;-71,8 %;;;;;;;;;;;375;360;285,75;
02.09.21;02.09.21;to;2,34 %;25 528;8 300;2 777;457;37 062;51 193;857;2 715;137;402;65;;3 319;40 381;1 858;0;19 570;9 655;20 110;29 225;1 858;2 760;;;;;;;;38 523;;-313,0;14,6 %;5 415;-34,57 %;-71,8 %;;;;;;;;;;;376;360;286,4;
03.09.21;03.09.21;pe;-0,30 %;25 429;8 267;2 777;478;36 951;49 821;1 640;2 126;587;402;65;;3 180;40 131;486;0;19 570;9 655;20 110;29 225;486;2 760;;Palautin MacBookPron ja rahat takaisin;;;;;;39 645;;-174,0;14,4 %;5 304;-34,98 %;-34,6 %;;;;;;;;;;;377;360;287,05;
06.09.21;06.09.21;MA;0,86 %;25 651;8 362;2 777;478;37 268;49 188;55;659;587;402;65;;1 713;38 981;604;0;19 203;9 538;19 843;28 741;604;2 760;;;;;;;;38 377;;1293,0;15,1 %;5 621;-33,83 %;58,3 %;;;;;;;;;;;378;360;287,7;
07.09.21;07.09.21;ti;-0,85 %;25 421;8 257;2 795;480;36 953;48 584;634;634;587;402;65;;1 688;38 641;0;0;19 203;9 538;19 843;28 741;0;2 760;;Autohuolto 315€;;;;;;38 641;;1318,0;14,4 %;5 306;-34,97 %;59,9 %;;;;;;;;;;;379;360;288,35;
09.09.21;09.09.21;to;-0,38 %;25 336;8 205;2 795;477;36 813;48 964;-112;268;587;427;83;;1 365;38 178;380;0;19 203;9 538;19 843;28 741;380;2 760;;;;;;;;37 798;;1641,0;14,0 %;5 166;-35,48 %;83,0 %;;;;;;;;;;;380;360;289;
10.09.21;10.09.21;pe;-0,42 %;25 223;8 165;2 795;476;36 659;49 551;-727;240;587;427;83;;1 337;37 996;967;0;19 203;9 538;19 843;28 741;967;2 760;;;;;;;;37 029;;1669,0;13,7 %;5 012;-36,05 %;84,8 %;;;;;;;;;;;381;360;289,65;
13.09.21;13.09.21;MA;1,12 %;25 528;8 273;2 795;474;37 070;50 595;-835;1 176;587;427;83;;2 273;39 343;1 001;1 010;19 203;9 538;19 843;28 741;2 011;2 760;;;;;;;;37 332;;733,0;14,6 %;5 423;-34,55 %;25,6 %;;;;;;;;;;;382;360;290,3;
14.09.21;14.09.21;ti;-0,06 %;25 541;8 237;2 795;475;37 048;50 595;-870;1 141;587;427;83;;2 238;39 286;1 001;1 010;19 203;9 538;19 843;28 741;2 011;2 760;;;;;;;;37 275;;768,0;14,6 %;5 401;-34,63 %;27,8 %;;;;;;;;;;;383;360;290,95;
15.09.21;15.09.21;ke;0,14 %;25 564;8 267;2 795;474;37 100;50 595;-870;1 141;587;427;83;;2 238;39 338;1 001;1 010;19 203;9 538;19 843;28 741;2 011;2 760;;;;;;;;37 327;;768,0;14,7 %;5 453;-34,44 %;27,8 %;;;;;;;;;;;384;360;291,6;
16.09.21;16.09.21;to;1,41 %;25 864;8 491;2 795;473;37 623;50 595;-1 077;934;187;427;83;;1 631;39 254;1 001;1 010;19 203;9 538;19 843;28 741;2 011;2 880;;;;;;;;37 243;;1375,0;15,9 %;5 976;-32,57 %;40,9 %;;;;;;;;;;;385;360;292,25;
17.09.21;17.09.21;pe;1,03 %;26 020;8 724;2 795;473;38 012;50 595;-1 209;802;187;427;83;;1 499;39 511;1 001;1 010;19 203;9 538;19 843;28 741;2 011;2 880;;;;;;;;37 500;;1507,0;16,7 %;6 365;-31,21 %;49,2 %;;;;;;;;;;;386;360;292,9;
20.09.21;20.09.21;MA;-2,07 %;25 499;8 458;2 795;473;37 225;50 595;-1 238;773;187;427;83;;1 470;38 695;1 001;1 010;19 203;9 538;19 843;28 741;2 011;2 880;;;Osto nordea 100@10,71 yht1071€;;;;;36 684;;1536,0;15,0 %;5 578;-33,99 %;51,1 %;;;;;;;;;;;387;360;293,55;
21.09.21;21.09.21;ti;-1,47 %;25 154;8 263;2 795;467;36 679;50 595;-1 238;773;187;427;83;;1 470;38 149;1 001;1 010;19 203;9 538;19 843;28 741;2 011;2 880;;;;;;;;36 138;;1536,0;13,7 %;5 032;-35,98 %;51,1 %;;;;;;;;;;;388;360;294,2;
22.09.21;22.09.21;ke;1,36 %;25 516;8 400;2 795;468;37 179;50 660;-1 391;685;187;427;83;;1 382;38 561;1 066;1 010;19 203;9 538;19 843;28 741;2 076;2 880;;;;;;;;36 485;;1624,0;14,9 %;5 532;-34,15 %;56,6 %;;;;;;;;;;;389;360;294,85;
23.09.21;23.09.21;to;1,90 %;25 979;8 639;2 795;471;37 884;50 660;-1 391;685;187;427;83;;1 382;39 266;1 066;1 010;19 203;9 538;19 843;28 741;2 076;2 880;;;;;;;;37 190;;1624,0;16,5 %;6 237;-31,65 %;56,6 %;;;;;;;;;;;390;360;295,5;
24.09.21;24.09.21;pe;-0,85 %;25 721;8 571;2 795;474;37 561;50 660;-1 512;564;187;427;83;;1 261;38 822;1 066;1 010;19 203;9 538;19 843;28 741;2 076;2 880;;;;;;;;36 746;;1745,0;15,7 %;5 914;-32,79 %;64,3 %;;;;;;;;;;;391;360;296,15;
27.09.21;27.09.21;MA;1,26 %;26 063;8 728;2 771;474;38 036;50 701;-1 658;459;187;427;83;;1 156;39 192;1 107;1 010;19 203;9 538;19 843;28 741;2 117;2 880;;;;;;;;37 075;;1850,0;16,8 %;6 389;-31,13 %;70,9 %;;;;;;;;;;;392;360;296,8;
28.09.21;28.09.21;ti;-1,33 %;25 717;8 569;2 771;474;37 531;50 701;-1 679;438;187;427;83;;1 135;38 666;1 107;1 010;19 203;9 538;19 843;28 741;2 117;2 880;;;;;;;;36 549;;1871,0;15,7 %;5 884;-32,89 %;72,3 %;;;;;;;;;;;393;360;297,45;
29.09.21;29.09.21;ke;1,74 %;26 169;8 777;2 771;467;38 184;50 701;-1 714;403;187;427;83;;1 100;39 284;1 107;1 010;19 203;9 538;19 843;28 741;2 117;2 880;;;;;;;;37 167;;1906,0;17,1 %;6 537;-30,62 %;74,5 %;;;;;;;;;;;394;360;298,1;
30.09.21;30.09.21;to;0,31 %;26 212;8 850;2 771;469;38 302;50 701;-1 756;361;187;427;83;;1 058;39 360;1 107;1 010;19 203;9 538;19 843;28 741;2 117;2 880;; Tytöille ed sheeran liput 200€;;;;;;37 243;;1948,0;17,4 %;6 655;-30,22 %;77,2 %;;;;;;;;;;;395;360;298,75;
01.10.21;01.10.21;pe;-0,29 %;26 197;8 756;2 771;467;38 191;50 701;505;2 622;187;427;63;;3 299;41 490;1 107;1 010;19 203;9 538;19 843;28 741;2 117;2 880;;;;;;;;39 373;;-293,0;17,1 %;6 544;-30,60 %;-65,9 %;;;;;;;;;;;396;360;299,4;
04.10.21;04.10.21;MA;-3,87 %;25 245;8 230;2 771;467;36 713;50 701;505;2 622;187;427;63;;3 299;40 012;1 107;1 010;19 203;9 538;19 843;28 741;2 117;2 880;;;;;;;;37 895;;-293,0;13,8 %;5 066;-35,85 %;-65,9 %;;;;;;;;;;;397;360;300,05;
05.10.21;05.10.21;ti;1,65 %;25 731;8 379;2 724;484;37 318;49 029;-701;496;187;427;63;;1 173;38 491;237;960;18 835;9 421;19 576;28 256;1 197;2 880;;;;Myynti investorAB 80@187,14SEK;;;;37 294;;1833,0;15,2 %;5 671;-33,65 %;68,6 %;;;;;;;;;;;398;360;300,7;
06.10.21;06.10.21;ke;-1,65 %;25 286;8 210;2 724;484;36 704;49 047;-719;496;187;427;63;;1 173;37 877;255;960;18 835;9 421;19 576;28 256;1 215;2 880;;;;;;;;36 662;;1833,0;13,8 %;5 057;-35,89 %;68,6 %;;;;;;;;;;;399;360;301,35;
07.10.21;07.10.21;to;0,48 %;25 400;8 272;2 724;484;36 880;49 047;-719;496;187;427;63;;1 173;38 053;255;960;18 835;9 421;19 576;28 256;1 215;2 880;;;;;;;;36 838;;1833,0;14,2 %;5 233;-35,24 %;68,6 %;;;;;;;;;;;400;360;302;
08.10.21;08.10.21;pe;-2,32 %;24 557;8 251;2 724;492;36 024;49 786;-741;1 213;187;452;63;;1 915;37 939;994;960;18 835;9 421;19 576;28 256;1 954;2 880;;Ostin Roland sähkörummut 800;;;; Nosto nordnetistä 800€. ;;35 985;;1091,0;12,2 %;4 377;-38,45 %;23,2 %;;;;;;;;;;;401;360;302,65;
11.10.21;11.10.21;MA;-0,21 %;24 501;8 232;2 724;492;35 949;50 017;-1 094;1 091;187;452;63;;1 793;37 742;1 225;960;18 835;9 421;19 576;28 256;2 185;2 880;;;;;;;;35 557;;1213,0;12,0 %;4 302;-38,74 %;30,9 %;;;;;;;;;;;402;360;303,3;
12.10.21;12.10.21;ti;2,39 %;25 321;8 270;2 724;492;36 807;50 017;-694;1 491;187;452;63;;2 193;39 000;1 225;960;18 835;9 421;19 576;28 256;2 185;2 880;;;;;;;Osingot nordea 0,79€/kpl;36 815;;813,0;14,0 %;5 160;-35,51 %;5,6 %;;;;;;;;;;;403;360;303,95;
13.10.21;13.10.21;ke;-2,00 %;24 622;8 233;2 724;492;36 071;50 513;-802;1 879;187;452;63;;2 581;38 652;1 721;960;18 835;9 421;19 576;28 256;2 681;2 880;;Ostin äidille 80v kimppalahjan ipad 420€;;;;Nosto nordnetistä 600;;35 971;;425,0;12,3 %;4 424;-38,27 %;-18,9 %;;;;;;;;;;;404;360;304,6;
14.10.21;14.10.21;to;1,72 %;25 047;8 430;2 724;492;36 693;50 513;-1 635;1 046;637;452;63;;2 198;38 891;1 721;960;18 835;9 421;19 576;28 256;2 681;2 880;;Maksoin Riitalle 300e, kun soitti että rahat niukalla. mopoauto, tanssimaksut, lääkäri;;;;;;36 210;;808,0;13,8 %;5 046;-35,93 %;33,8 %;;;;;;;;;;;405;360;305,25;
18.10.21;18.10.21;MA;1,09 %;25 271;8 598;2 724;499;37 092;50 513;-1 643;1 038;237;452;63;;1 790;38 882;1 721;960;18 835;9 421;19 576;28 256;2 681;3 000;;;;;;;;36 201;;1216,0;14,7 %;5 445;-34,47 %;34,3 %;;;;;;;;;;;406;360;305,9;
19.10.21;19.10.21;ti;-0,09 %;25 231;8 604;2 724;499;37 058;50 513;-1 769;912;237;452;63;;1 664;38 722;1 721;960;18 835;9 421;19 576;28 256;2 681;3 000;;Ostin Elisalle talvi takin 110€;;;;;;36 041;;1342,0;14,6 %;5 411;-34,59 %;42,3 %;;;;;;;;;;;407;360;306,55;
20.10.21;20.10.21;ke;0,87 %;25 512;8 644;2 724;499;37 379;50 513;-1 833;848;237;452;63;;1 600;38 979;1 721;960;18 835;9 421;19 576;28 256;2 681;3 000;;;;;;;;36 298;;1406,0;15,3 %;5 732;-33,43 %;46,3 %;;;;;;;;;;;408;360;307,2;
21.10.21;21.10.21;to;-0,56 %;25 366;8 580;2 724;499;37 169;50 513;-1 833;848;237;452;63;;1 600;38 769;1 721;960;18 835;9 421;19 576;28 256;2 681;3 000;;;;;;;;36 088;;1406,0;14,9 %;5 522;-34,19 %;46,3 %;;;;;;;;;;;409;360;307,85;
22.10.21;22.10.21;pe;1,26 %;25 711;8 702;2 724;501;37 638;50 513;-2 180;501;237;452;63;;1 253;38 891;1 721;960;18 835;9 421;19 576;28 256;2 681;3 000;;Maksoin Matleenalle 100€ käteisenä talvitakista;;;;;;36 210;;1753,0;15,9 %;5 991;-32,52 %;68,3 %;;;;;;;;;;;410;360;308,5;
25.10.21;25.10.21;MA;0,54 %;25 761;8 789;2 789;501;37 840;50 513;-2 180;501;237;452;63;;1 253;39 093;1 721;960;18 835;9 421;19 576;28 256;2 681;3 000;;;;;;;;36 412;;1753,0;16,4 %;6 193;-31,81 %;68,3 %;;;;;;;;;;;411;360;309,15;
26.10.21;26.10.21;ti;-2,17 %;25 260;8 467;2 789;503;37 019;51 013;-2 281;900;237;452;90;;1 679;38 698;1 866;1 315;18 835;9 421;19 576;28 256;3 181;3 000;;;;;;;;35 517;;1327,0;14,5 %;5 372;-34,73 %;43,0 %;;;;;;;;;;;412;360;309,8;
27.10.21;27.10.21;ke;0,31 %;25 333;8 506;2 789;506;37 134;51 013;-2 281;900;237;452;90;;1 679;38 813;1 866;1 315;18 835;9 421;19 576;28 256;3 181;3 000;;;;;;;;35 632;;1327,0;14,8 %;5 487;-34,31 %;43,0 %;;;;;;;;;;;413;360;310,45;
28.10.21;28.10.21;to;-2,05 %;24 783;8 297;2 789;504;36 373;51 013;-2 415;766;237;452;90;;1 545;37 918;1 866;1 315;18 835;9 421;19 576;28 256;3 181;3 000;;;;;;;;34 737;;1461,0;13,0 %;4 726;-37,12 %;51,5 %;;;;;;;;;;;414;360;311,1;
29.10.21;29.10.21;pe;-0,21 %;24 650;8 355;2 789;504;36 298;51 013;-2 415;766;237;452;90;;1 545;37 843;1 866;1 315;18 835;9 421;19 576;28 256;3 181;3 000;;;;;;;;34 662;;1461,0;12,8 %;4 651;-37,41 %;51,5 %;;;;;;;;;;;415;360;311,75;
01.11.21;01.11.21;MA;0,24 %;24 663;8 404;2 813;506;36 386;51 013;-40;3 141;237;452;90;;3 920;40 306;1 866;1 315;18 835;9 421;19 576;28 256;3 181;3 000;;;;;;;;37 125;;-914,0;13,0 %;4 739;-37,07 %;-98,8 %;;;;;;;;;;;416;360;312,4;
02.11.21;02.11.21;ti;0,34 %;24 774;8 417;2 813;506;36 510;51 013;-502;2 679;687;452;70;;3 888;40 398;1 866;1 315;18 835;9 421;19 576;28 256;3 181;3 000;;;;;;;;37 217;;-882,0;13,3 %;4 863;-36,61 %;-69,6 %;;;;;;;;;;;417;360;313,05;
03.11.21;03.11.21;ke;1,33 %;25 107;8 569;2 813;506;36 995;50 099;-593;1 674;687;452;70;;2 883;39 878;952;1 315;18 835;9 421;19 576;28 256;2 267;3 000;;;;;;;;37 611;;123,0;14,5 %;5 348;-34,82 %;-5,9 %;;;;;;;;;;;418;360;313,7;
05.11.21;05.11.21;pe;-0,14 %;25 060;8 539;2 813;532;36 944;49 988;-2 366;543;687;477;70;;1 777;38 721;988;1 921;18 467;9 303;19 309;27 770;2 909;3 000;;;;Myynti Nordea 180@10,992;;;;35 812;;1229,0;14,3 %;5 297;-35,00 %;65,6 %;;;;;;;;;;;419;360;314,35;
08.11.21;08.11.21;MA;0,71 %;25 239;8 621;2 813;532;37 205;49 988;-2 366;543;687;477;70;;1 777;38 982;988;1 921;18 467;9 303;19 309;27 770;2 909;3 000;;;;;;;;36 073;;1229,0;14,9 %;5 558;-34,06 %;65,6 %;;;;;;;;;;;420;360;315;
09.11.21;09.11.21;ti;-0,52 %;25 089;8 579;2 813;532;37 013;49 988;-2 366;543;687;477;70;;1 777;38 790;988;1 921;18 467;9 303;19 309;27 770;2 909;3 000;;;;;;;;35 881;;1229,0;14,5 %;5 366;-34,75 %;65,6 %;;;;;;;;;;;421;360;315,65;
10.11.21;10.11.21;ke;-4,89 %;23 182;8 640;2 851;531;35 204;49 100;-1 271;750;687;477;70;;1 984;37 188;100;1 921;18 467;9 303;19 309;27 770;2 021;3 000;;;;;;Nosto nordnetistä 2000€;;35 167;;1022,0;10,1 %;3 557;-41,68 %;52,5 %;;;;;;;;;;;422;360;316,3;
11.11.21;11.11.21;to;0,65 %;23 331;8 718;2 851;532;35 432;49 100;-1 412;609;687;477;70;;1 843;37 275;100;1 921;18 467;9 303;19 309;27 770;2 021;3 000;;;;;;;;35 254;;1163,0;10,7 %;3 785;-40,77 %;61,5 %;;;;;;;;;;;423;360;316,95;
12.11.21;12.11.21;pe;-0,82 %;23 077;8 683;2 851;532;35 143;49 100;-1 326;695;687;477;70;;1 929;37 072;100;1 921;18 467;9 303;19 309;27 770;2 021;3 000;;;;;;;;35 051;;1077,0;9,9 %;3 496;-41,92 %;56,0 %;;;;;;;;;;;424;360;317,6;
15.11.21;15.11.21;MA;1,09 %;23 322;8 817;2 851;536;35 526;49 167;-1 688;400;249;477;102;;1 228;36 754;167;1 921;18 467;9 303;19 309;27 770;2 088;3 120;;;;;;;;34 666;;1778,0;10,9 %;3 879;-40,39 %;74,7 %;;;;;;;;;;;425;360;318,25;
16.11.21;16.11.21;ti;-0,19 %;23 302;8 767;2 851;537;35 457;49 167;-1 688;400;249;477;102;;1 228;36 685;167;1 921;18 467;9 303;19 309;27 770;2 088;3 120;;;Osto Huhtamäki 30@39,03;;;;;34 597;;1778,0;10,7 %;3 810;-40,67 %;74,7 %;;;;;;;;;;;426;360;318,9;
17.11.21;17.11.21;ke;-0,17 %;23 279;8 728;2 851;537;35 395;49 227;-1 826;322;249;477;102;;1 150;36 545;227;1 921;18 467;9 303;19 309;27 770;2 148;3 120;;;;;;;;34 397;;1856,0;10,6 %;3 748;-40,91 %;79,6 %;;;;;;;;;;;427;360;319,55;
18.11.21;18.11.21;to;-1,21 %;22 954;8 593;2 882;537;34 966;49 227;-1 826;322;249;477;102;;1 150;36 116;227;1 921;18 467;9 303;19 309;27 770;2 148;3 120;;;;;;;;33 968;;1856,0;9,5 %;3 319;-42,64 %;79,6 %;;;;;;;;;;;428;360;320,2;
22.11.21;22.11.21;MA;-0,11 %;22 902;8 606;2 882;539;34 929;49 307;-2 001;227;249;477;102;;1 055;35 984;307;1 921;18 467;9 303;19 309;27 770;2 228;3 120;;;;;;;;33 756;;1951,0;9,4 %;3 282;-42,79 %;85,6 %;;;;;;;;;;;429;360;320,85;
23.11.21;23.11.21;ti;-0,93 %;22 672;8 510;2 882;540;34 604;49 307;-2 001;227;249;477;102;;1 055;35 659;307;1 921;18 467;9 303;19 309;27 770;2 228;3 120;;;;;;;;33 431;;1951,0;8,5 %;2 957;-44,13 %;85,6 %;;;;;;;;;;;430;360;321,5;
24.11.21;24.11.21;ke;0,58 %;22 845;8 537;2 882;540;34 804;49 307;-2 115;113;249;477;102;;941;35 745;307;1 921;18 467;9 303;19 309;27 770;2 228;3 120;;;;;;;;33 517;;2065,0;9,1 %;3 157;-43,31 %;92,8 %;;;;;;;;;;;431;360;322,15;
25.11.21;25.11.21;to;0,81 %;23 060;8 605;2 882;539;35 086;49 350;-2 158;113;249;477;102;;941;36 027;350;1 921;18 467;9 303;19 309;27 770;2 271;3 120;;;;;;;;33 756;;2065,0;9,8 %;3 439;-42,15 %;92,8 %;;;;;;;;;;;432;360;322,8;
26.11.21;26.11.21;pe;-4,37 %;22 029;8 103;2 882;539;33 553;49 350;-2 158;113;249;477;102;;941;34 494;350;1 921;18 467;9 303;19 309;27 770;2 271;3 120;;;;;;;;32 223;;2065,0;5,7 %;1 906;-48,65 %;92,8 %;;;;;;;;;;;433;360;323,45;
30.11.21;30.11.21;ti;1,75 %;22 451;8 277;2 882;530;34 140;49 647;-2 197;371;49;277;102;;799;34 939;647;1 921;18 467;9 303;19 309;27 770;2 568;3 120;; Pohjolasta email työntekoon liittyen 5x vuodessa 300€;;;;;;32 371;;2207,0;7,3 %;2 493;-46,09 %;76,5 %;;;;;;;;;;;434;360;324,1;
30.11.21;30.11.21;ti;-0,16 %;22 402;8 273;2 882;530;34 087;49 647;-2 197;371;49;277;102;;799;34 886;647;1 921;18 467;9 303;19 309;27 770;2 568;3 120;;;;;;;;32 318;;2207,0;7,2 %;2 440;-46,32 %;76,5 %;;;;;;;;;;;435;360;324,75;
01.12.21;01.12.21;ke;1,02 %;22 622;8 391;2 892;530;34 435;49 606;-200;2 327;499;277;82;;3 185;37 620;655;1 872;18 467;9 303;19 309;27 770;2 527;3 120;;;;;;;;35 093;;-179,0;8,1 %;2 788;-44,84 %;-47,3 %;;;;;;;;;;;436;360;325,4;
02.12.21;02.12.21;ke;0,00 %;22 622;8 391;2 892;530;34 435;48 951;-252;1 620;499;277;82;;2 478;36 913;0;1 872;18 467;9 303;19 309;27 770;1 872;3 120;;;;;;;;35 041;;528,0;8,1 %;2 788;-44,84 %;-2,5 %;;;;;;;;;;;437;360;326,05;
03.12.21;03.12.21;pe;-1,79 %;22 194;8 186;2 892;545;33 817;48 951;-252;1 620;499;277;82;;2 478;36 295;0;1 872;18 467;9 303;19 309;27 770;1 872;3 120;;;;;;;;34 423;;528,0;6,4 %;2 170;-47,49 %;-2,5 %;;;;;;;;;;;438;360;326,7;
08.12.21;08.12.21;ti;3,21 %;22 980;8 487;2 892;543;34 902;48 256;-1 217;714;499;302;82;;1 597;36 499;59;1 872;18 099;9 186;19 040;27 285;1 931;3 120;;;;;;;;34 568;;1409,0;9,3 %;3 255;-42,90 %;54,8 %;;;;;;;;;;;439;360;327,35;
09.12.21;09.12.21;ke;-0,19 %;22 996;8 405;2 892;543;34 836;48 256;-1 242;689;499;302;82;;1 572;36 408;59;1 872;18 099;9 186;19 040;27 285;1 931;3 120;;;;;;;;34 477;;1434,0;9,2 %;3 189;-43,17 %;56,4 %;;;;;;;;;;;440;360;328;
10.12.21;10.12.21;pe;-1,23 %;22 701;8 259;2 892;555;34 407;48 758;-2 021;412;499;302;133;;1 346;35 753;561;1 872;18 099;9 186;19 040;27 285;2 433;3 120;;;;;;;;33 320;;1660,0;8,0 %;2 760;-44,96 %;73,9 %;;;;;;;;;;;441;360;328,65;
13.12.21;13.12.21;MA;0,08 %;22 727;8 259;2 892;555;34 433;48 758;-1 748;685;499;302;133;;1 619;36 052;561;1 872;18 099;9 186;19 040;27 285;2 433;3 120;;;;;;;;33 619;;1387,0;8,1 %;2 786;-44,85 %;56,6 %;;;;;;;;;;;442;360;329,3;
14.12.21;14.12.21;ti;-0,78 %;22 530;8 192;2 892;552;34 166;49 003;-2 113;565;499;302;133;;1 499;35 665;806;1 872;18 099;9 186;19 040;27 285;2 678;3 120;;;;;;;;32 987;;1507,0;7,4 %;2 519;-45,98 %;64,2 %;;;;;;;;;;;443;360;329,95;
15.12.21;15.12.21;ke;0,20 %;22 645;8 144;2 892;552;34 233;49 057;-2 170;562;99;302;133;;1 096;35 329;860;1 872;18 099;9 186;19 040;27 285;2 732;3 240;;;;;;;;32 597;;1910,0;7,6 %;2 586;-45,70 %;64,4 %;;;;;;;;;;;444;360;330,6;
16.12.21;16.12.21;to;0,66 %;22 823;8 192;2 892;552;34 459;49 130;-2 268;537;99;302;133;;1 071;35 530;933;1 872;18 099;9 186;19 040;27 285;2 805;3 240;;;;;;;;32 725;;1935,0;8,2 %;2 812;-44,74 %;66,0 %;;;;;;;;;;;445;360;331,25;
21.12.21;21.12.21;ti;-0,50 %;22 739;8 114;2 892;542;34 287;49 592;-2 760;507;99;302;133;;1 041;35 328;1 395;1 872;18 099;9 186;19 040;27 285;3 267;3 240;;;;;;;;32 061;;1965,0;7,7 %;2 640;-45,47 %;67,9 %;;;;;;;;;;;446;360;331,9;
22.12.21;22.12.21;ke;0,02 %;22 743;8 118;2 892;542;34 295;49 592;-2 760;507;99;302;133;;1 041;35 336;1 395;1 872;18 099;9 186;19 040;27 285;3 267;3 240;;;;;;;;32 069;;1965,0;7,7 %;2 648;-45,43 %;67,9 %;;;;;;;;;;;447;360;332,55;
23.12.21;23.12.21;to;1,04 %;22 944;8 272;2 892;542;34 650;49 645;-2 838;482;99;302;133;;1 016;35 666;1 448;1 872;18 099;9 186;19 040;27 285;3 320;3 240;;;;;;;;32 346;;1990,0;8,7 %;3 003;-43,94 %;69,5 %;;;;;;;;;;;448;360;333,2;
27.12.21;27.12.21;MA;0,85 %;23 094;8 402;2 892;555;34 943;49 648;-2 945;378;99;302;133;;912;35 855;1 500;1 823;18 099;9 186;19 040;27 285;3 323;3 240;;;;;;;;32 532;;2094,0;9,4 %;3 296;-42,74 %;76,1 %;;;;;;;;;;;449;360;333,85;
28.12.21;28.12.21;ti;0,90 %;23 296;8 512;2 892;558;35 258;49 791;-3 088;378;99;302;133;;912;36 170;1 643;1 823;18 099;9 186;19 040;27 285;3 466;3 240;;;;;;;;32 704;;2094,0;10,2 %;3 611;-41,46 %;76,1 %;;;;;;;;;;;450;360;334,5;
29.12.21;29.12.21;ke;-0,04 %;23 282;8 511;2 892;560;35 245;50 100;-3 122;653;99;302;133;;1 187;36 432;1 952;1 823;18 099;9 186;19 040;27 285;3 775;3 240;;Filmus maksoi 300€;;;;;;32 657;;1819,0;10,2 %;3 598;-41,51 %;58,7 %;;;;;;;;;;;451;360;335,15;
30.12.21;30.12.21;to;-0,19 %;23 225;8 502;2 892;558;35 177;50 100;-3 122;653;99;302;133;;1 187;36 364;1 952;1 823;18 099;9 186;19 040;27 285;3 775;3 240;;;;;;;;32 589;;1819,0;10,0 %;3 530;-41,79 %;58,7 %;;;;;;;;;;;452;360;335,8;
03.01.22;03.01.22;MA;0,51 %;23 267;8 583;2 950;558;35 358;48 148;5 149;6 972;99;302;133;;7 506;42 864;0;1 823;18 099;9 186;19 040;27 285;1 823;3 240;;Tulo metsäyhtymä 6000;;;;;;41 041;;-4500,0;10,5 %;3 711;-41,06 %;-341,3 %;;;;;;;;;;;453;360;336,45;2022
04.01.22;04.01.22;ti;7,19 %;25 653;8 738;2 950;560;37 901;48 148;2 668;4 491;599;302;133;;5 525;43 426;0;1 823;18 099;9 186;19 040;27 285;1 823;3 240;;;;;Siirto opsta nordnettiin 2000€;;;41 603;;-2519,0;16,5 %;6 254;-31,60 %;-184,2 %;;;;;;;;;;;454;360;337,1;
05.01.22;05.01.22;ke;-0,82 %;25 351;8 695;2 962;582;37 590;47 413;1 795;3 638;599;302;133;;4 672;42 262;20;1 823;17 730;9 068;18 772;26 798;1 843;3 240;;;Osto Fortum 40@26,33;;;;;40 419;;-1666,0;15,8 %;5 943;-32,68 %;-130,3 %;;;;;;;;;;;455;360;337,75;
07.01.22;07.01.22;pe;-0,48 %;25 197;8 673;2 962;577;37 409;47 504;1 654;3 588;599;327;133;;4 647;42 056;111;1 823;17 730;9 068;18 772;26 798;1 934;3 240;;;;;;;;40 122;;-1641,0;15,4 %;5 762;-33,33 %;-127,1 %;;;;;;;;;;;456;360;338,4;
10.01.22;10.01.22;MA;-0,94 %;24 910;8 616;2 962;571;37 059;47 559;1 371;3 360;599;327;152;;4 438;41 497;166;1 823;17 730;9 068;18 772;26 798;1 989;3 240;;;;;;;;39 508;;-1432,0;14,6 %;5 412;-34,59 %;-112,7 %;;;;;;;;;;;457;360;339,05;
11.01.22;11.01.22;ti;0,45 %;25 057;8 637;2 962;571;37 227;47 559;1 364;3 353;599;327;152;;4 431;41 658;166;1 823;17 730;9 068;18 772;26 798;1 989;3 240;;;;;;;;39 669;;-1425,0;15,0 %;5 580;-33,98 %;-112,2 %;;;;;;;;;;;458;360;339,7;
12.01.22;12.01.22;ke;1,36 %;25 384;8 871;2 906;571;37 732;47 622;1 301;3 353;599;327;152;;4 431;42 163;229;1 823;17 730;9 068;18 772;26 798;2 052;3 240;;;;;;;;40 111;;-1425,0;16,1 %;6 085;-32,18 %;-112,2 %;;;;;;;;;;;459;360;340,35;
13.01.22;13.01.22;to;0,95 %;25 609;9 001;2 906;574;38 090;47 622;1 264;3 316;599;327;152;;4 394;42 484;229;1 823;17 730;9 068;18 772;26 798;2 052;3 240;;Irtisanoin lähi tapiola sijoituksen;;;;;;40 432;;-1388,0;16,9 %;6 443;-30,94 %;-109,9 %;;;;;;;;;;;460;360;341;
14.01.22;14.01.22;pe;-1,37 %;25 295;8 797;2 906;570;37 568;47 622;1 213;3 265;199;327;152;;3 943;41 511;229;1 823;17 730;9 068;18 772;26 798;2 052;3 240;;Maksoin tyttöjen passit. Silti maksoin elatusapua 400€;;;;;;39 459;;-937,0;15,8 %;5 921;-32,76 %;-106,6 %;;;;;;;;;;;461;360;341,65;
17.01.22;17.01.22;MA;0,15 %;25 354;8 797;2 906;567;37 624;47 622;1 007;3 059;199;327;152;;3 737;41 361;229;1 823;17 730;9 068;18 772;26 798;2 052;3 360;;;;;;;;39 309;;-731,0;15,9 %;5 977;-32,56 %;-93,6 %;;;;;;;;;;;462;360;342,3;
18.01.22;18.01.22;ti;-2,75 %;24 807;8 488;0;567;36 591;47 622;3 681;5 733;199;327;152;;6 411;43 002;229;1 823;17 730;9 068;18 772;26 798;2 052;3 360;;Lähi Tapiola maksoi tilille 2729€ sijoitusvakuutus loppui.;;;;;;40 950;;-3405,0;13,5 %;4 944;-36,31 %;-262,8 %;;;;;;;;;;;463;360;342,95;
19.01.22;19.01.22;ke;-1,27 %;24 489;8 344;0;565;36 127;47 645;3 624;5 699;199;327;152;;6 377;42 504;252;1 823;17 730;9 068;18 772;26 798;2 075;3 360;;;;;;;;40 429;;-3371,0;12,4 %;4 480;-38,06 %;-260,7 %;;;;;;;;;;;464;360;343,6;
20.01.22;20.01.22;to;-0,34 %;24 409;8 304;0;563;36 005;47 705;3 500;5 635;199;327;152;;6 313;42 318;312;1 823;17 730;9 068;18 772;26 798;2 135;3 360;;;;;;;;40 183;;-3307,0;12,1 %;4 358;-38,53 %;-256,6 %;;;;;;;;;;;465;360;344,25;
21.01.22;21.01.22;pe;-1,63 %;26 799;8 054;0;564;35 417;47 705;328;2 463;199;327;152;;3 141;38 558;312;1 823;17 730;9 068;18 772;26 798;2 135;3 360;;;;;Siirto 3000€nordnettiin;;;36 423;;-135,0;10,6 %;3 770;-40,83 %;-55,9 %;;;;;;;;;;;466;360;344,9;
24.01.22;24.01.22;MA;-3,47 %;25 872;7 760;0;556;34 188;47 708;275;2 413;199;327;152;;3 091;37 279;315;1 823;17 730;9 068;18 772;26 798;2 138;3 360;;Pörssilaskua ympäri maailmaa;;;;;;35 141;;-85,0;7,4 %;2 541;-45,89 %;-52,7 %;;;;;;;;;;;467;360;345,55;
25.01.22;25.01.22;ti;1,97 %;26 307;8 005;0;548;34 860;47 908;75;2 413;199;327;152;;3 091;37 951;564;1 774;17 730;9 068;18 772;26 798;2 338;3 360;;Tilasin Vox adil mini vahvistmen 249€;Osto Fortum 50@23,76;;;;;35 613;;-85,0;9,2 %;3 213;-43,08 %;-52,7 %;;;;;;;;;;;468;360;346,2;
26.01.22;26.01.22;ke;2,16 %;26 837;8 227;0;549;35 613;47 917;-2;2 345;199;327;152;;3 023;38 636;573;1 774;17 730;9 068;18 772;26 798;2 347;3 360;;;;;;;;36 289;;-17,0;11,1 %;3 966;-40,05 %;-48,4 %;;;;;;;;;;;469;360;346,85;
27.01.22;27.01.22;to;1,07 %;27 050;8 392;0;552;35 994;47 917;-100;2 247;199;327;152;;2 925;38 919;573;1 774;17 730;9 068;18 772;26 798;2 347;3 360;;;;;;;;36 572;;81,0;12,1 %;4 347;-38,57 %;-42,2 %;;;;;;;;;;;470;360;347,5;
31.01.22;31.01.22;MA;-0,72 %;26 910;8 271;0;555;35 736;47 944;-190;2 184;199;327;152;;2 862;38 598;600;1 774;17 730;9 068;18 772;26 798;2 374;3 360;;;;;;;;36 224;;144,0;11,4 %;4 089;-39,57 %;-38,2 %;;;;;;;;;;;471;360;348,15;
01.02.22;01.02.22;ti;1,72 %;27 300;8 488;0;561;36 349;48 049;2 256;4 735;199;327;152;;5 413;41 762;705;1 774;17 730;9 068;18 772;26 798;2 479;3 360;;;;;;;;39 283;;-2407,0;12,9 %;4 702;-37,21 %;-199,7 %;;;;;;;;;;;472;360;348,8;
02.02.22;02.02.22;ke;0,00 %;27 348;8 437;0;564;36 349;47 344;1 769;3 543;650;327;152;;4 672;41 021;0;1 774;17 730;9 068;18 772;26 798;1 774;3 360;;;;;;;;39 247;;-1666,0;12,9 %;4 702;-37,21 %;-124,2 %;;;;;;;;;;;473;360;349,45;
03.02.22;03.02.22;to;-0,99 %;27 151;8 273;0;564;35 988;47 359;1 624;3 413;650;327;152;;4 542;40 530;15;1 774;17 730;9 068;18 772;26 798;1 789;3 360;;;Osto Nordea 100@10,444, Osto Outokumpu 200@5,982;;;;;38 741;;-1536,0;12,1 %;4 341;-38,59 %;-116,0 %;;;;;;;;;;;474;360;350,1;
04.02.22;04.02.22;pe;-0,89 %;26 905;8 189;0;574;35 668;46 605;605;2 394;650;352;152;;3 548;39 216;15;1 774;17 361;8 951;18 504;26 312;1 789;3 360;;Lasten huoneen seinä remontti;;;;;;37 427;;-542,0;11,3 %;4 021;-39,83 %;-51,5 %;;;;;;;;;;;475;360;350,75;
07.02.22;07.02.22;MA;0,91 %;27 106;8 312;0;574;35 992;46 605;605;2 394;650;352;152;;3 548;39 540;15;1 774;17 361;8 951;18 504;26 312;1 789;3 360;;;;;;;;37 751;;-542,0;12,1 %;4 345;-38,58 %;-51,5 %;;;;;;;;;;;476;360;351,4;
08.02.22;08.02.22;ti;1,20 %;27 397;8 453;0;573;36 423;46 605;468;2 257;650;352;152;;3 411;39 834;15;1 774;17 361;8 951;18 504;26 312;1 789;3 360;;;;;;;;38 045;;-405,0;13,1 %;4 776;-36,94 %;-42,8 %;;;;;;;;;;;477;360;352,05;
09.02.22;09.02.22;ke;0,74 %;27 599;8 517;0;575;36 691;46 356;395;1 935;650;352;132;;3 069;39 760;-234;1 774;17 361;8 951;18 504;26 312;1 540;3 360;;;;;;;;38 220;;-63,0;13,7 %;5 044;-35,94 %;-22,5 %;;;;;;;;;;;478;360;352,7;
10.02.22;10.02.22;to;-1,04 %;27 388;8 338;0;582;36 308;46 397;354;1 935;650;352;148;;3 085;39 393;-193;1 774;17 361;8 951;18 504;26 312;1 581;3 360;;;;;;;;37 812;;-79,0;12,8 %;4 661;-37,37 %;-22,5 %;;;;;;;;;;;479;360;353,35;
11.02.22;11.02.22;pe;-0,21 %;27 314;8 341;0;577;36 232;46 427;275;1 886;650;352;148;;3 036;39 268;-163;1 774;17 361;8 951;18 504;26 312;1 611;3 360;;;;;;;;37 657;;-30,0;12,7 %;4 585;-37,66 %;-19,4 %;;;;;;;;;;;480;360;354;
14.02.22;14.02.22;MA;-3,02 %;26 436;8 127;0;573;35 136;46 427;275;1 886;650;352;148;;3 036;38 172;-163;1 774;17 361;8 951;18 504;26 312;1 611;3 360;;;;;;;;36 561;;-30,0;9,9 %;3 489;-41,95 %;-19,4 %;;;;;;;;;;;481;360;354,65;
15.02.22;15.02.22;ti;0,36 %;26 551;8 139;0;571;35 261;46 427;69;1 680;250;352;148;;2 430;37 691;-163;1 774;17 361;8 951;18 504;26 312;1 611;3 360;;;;;;;;36 080;;576,0;10,2 %;3 614;-41,45 %;-6,3 %;;;;;;;;;;;482;360;355,3;
16.02.22;16.02.22;ke;-0,29 %;26 446;8 137;0;576;35 159;46 429;-32;1 581;250;352;148;;2 331;37 490;-161;1 774;17 361;8 951;18 504;26 312;1 613;3 480;;;;;;;;35 877;;675,0;10,0 %;3 512;-41,86 %;-0,1 %;;;;;;;;;;;483;360;355,95;
17.02.22;17.02.22;to;-1,37 %;26 099;8 001;0;576;34 676;46 429;-73;1 540;250;352;148;;2 290;36 966;-161;1 774;17 361;8 951;18 504;26 312;1 613;3 480;;;;;;;;35 353;;716,0;8,7 %;3 029;-43,83 %;2,5 %;;;;;;;;;;;484;360;356,6;
18.02.22;18.02.22;pe;0,15 %;26 068;8 085;0;576;34 729;46 429;-123;1 490;250;352;148;;2 240;36 969;-161;1 774;17 361;8 951;18 504;26 312;1 613;3 480;;;;;;;;35 356;;766,0;8,9 %;3 082;-43,61 %;5,7 %;;;;;;;;;;;485;360;357,25;
21.02.22;21.02.22;MA;-1,44 %;25 638;8 016;0;576;34 230;46 429;-301;1 312;250;352;148;;2 062;36 292;-161;1 774;17 361;8 951;18 504;26 312;1 613;3 480;;;;;;;;34 679;;944,0;7,5 %;2 583;-45,71 %;17,0 %;;;;;;;;;;;486;360;357,9;
22.02.22;22.02.22;ti;-0,44 %;25 497;8 018;0;564;34 079;46 429;-351;1 262;250;352;148;;2 012;36 091;-161;1 774;17 361;8 951;18 504;26 312;1 613;3 480;;;;;;;;34 478;;994,0;7,1 %;2 432;-46,35 %;20,1 %;;;;;;;;;;;487;360;358,55;
23.02.22;23.02.22;ke;-1,15 %;25 127;7 999;0;561;33 687;46 429;-395;1 218;250;352;148;;1 968;35 655;-161;1 774;17 361;8 951;18 504;26 312;1 613;3 480;;Ukrainan sota. Putin hyökkäsi.;;;;;;34 042;;1038,0;6,1 %;2 040;-48,06 %;22,9 %;;;;;;;;;;;488;360;359,2;
24.02.22;24.02.22;to;-4,34 %;23 900;7 765;0;561;32 226;46 429;-395;1 218;250;352;148;;1 968;34 194;-161;1 774;17 361;8 951;18 504;26 312;1 613;3 480;;;;;;;;32 581;;1038,0;1,8 %;579;-54,77 %;22,9 %;;;;;;;;;;;489;360;359,85;
25.02.22;25.02.22;pe;2,65 %;24 622;7 901;0;556;33 079;46 429;-565;1 048;250;352;148;;1 798;34 877;-161;1 774;17 361;8 951;18 504;26 312;1 613;3 480;;;;;;;;33 264;;1208,0;4,3 %;1 432;-50,78 %;33,7 %;;;;;;;;;;;490;360;360,5;
28.02.22;28.02.22;MA;-1,43 %;24 228;7 821;0;556;32 605;46 429;-565;1 048;250;352;148;;1 798;34 403;-161;1 774;17 361;8 951;18 504;26 312;1 613;3 480;;;;;;;;32 790;;1208,0;2,9 %;958;-52,97 %;33,7 %;;;;;;;;;;;491;360;361,15;
01.03.22;01.03.22;ti;-4,32 %;23 082;7 553;0;563;31 198;46 429;-565;1 048;250;352;148;;1 798;32 996;-161;1 774;17 361;8 951;18 504;26 312;1 613;3 480;;;;;;;;31 383;;1208,0;-1,4 %;-449;-59,87 %;33,7 %;;;;;;;;;;;492;360;361,8;
02.03.22;02.03.22;ke;-1,11 %;22 867;7 425;0;559;30 851;46 429;1 900;3 513;250;352;148;;4 263;35 114;-161;1 774;17 361;8 951;18 504;26 312;1 613;3 480;;;;;;;;33 501;;-1257,0;-2,6 %;-796;-61,67 %;-122,3 %;;;;;;;;;;;493;360;362,45;
03.03.22;03.03.22;to;-2,25 %;22 269;7 304;0;583;30 156;46 429;1 831;3 444;250;352;148;;4 194;34 350;-161;1 774;17 361;8 951;18 504;26 312;1 613;3 480;;;;;;;;32 737;;-1188,0;-4,9 %;-1 491;-65,39 %;-118,0 %;;;;;;;;;;;494;360;363,1;
07.03.22;07.03.22;MA;-6,84 %;20 906;6 611;0;576;28 093;45 784;460;2 185;250;377;128;;2 940;31 033;0;1 725;16 992;8 833;18 234;25 825;1 725;3 480;;;;;;;;29 308;;66,0;-12,7 %;-3 554;-77,54 %;-38,3 %;;;;;;;;;;;495;360;363,75;
08.03.22;08.03.22;ti;-0,28 %;20 777;6 671;0;567;28 015;45 784;409;2 134;250;377;128;;2 889;30 904;0;1 725;16 992;8 833;18 234;25 825;1 725;3 480;;;;;;;;29 179;;117,0;-13,0 %;-3 632;-78,03 %;-35,1 %;;;;;;;;;;;496;360;364,4;
09.03.22;09.03.22;ke;5,86 %;21 958;7 137;0;563;29 658;45 784;409;2 134;250;377;128;;2 889;32 547;0;1 725;16 992;8 833;18 234;25 825;1 725;3 480;;;Osto sampo 10@40,48;;;;;30 822;;117,0;-6,7 %;-1 989;-68,17 %;-35,1 %;;;;;;;;;;;497;360;365,05;
10.03.22;10.03.22;to;-0,07 %;21 923;7 143;0;570;29 636;45 784;89;1 814;250;377;128;;2 569;32 205;0;1 725;16 992;8 833;18 234;25 825;1 725;3 480;;;;;;;;30 480;;437,0;-6,8 %;-2 011;-68,30 %;-14,8 %;;;;;;;;;;;498;360;365,7;
14.03.22;14.03.22;MA;6,90 %;23 420;7 692;0;570;31 682;46 518;-1 156;1 303;300;377;128;;2 108;33 790;734;1 725;16 992;8 833;18 234;25 825;2 459;3 480;;Ostin videotykin;;;;;;31 331;;898,0;0,1 %;35;-57,43 %;17,5 %;;;;;;;;;;;499;360;366,35;
15.03.22;15.03.22;ti;0,96 %;23 623;7 792;0;570;31 985;46 518;-1 276;1 183;300;377;128;;1 988;33 973;734;1 725;16 992;8 833;18 234;25 825;2 459;3 480;;;;;;;;31 514;;1018,0;1,1 %;338;-55,94 %;25,1 %;;;;;;;;;;;500;360;367;
16.03.22;16.03.22;ke;2,83 %;24 328;7 995;0;567;32 890;46 518;-1 365;1 094;300;377;128;;1 899;34 789;734;1 725;16 992;8 833;18 234;25 825;2 459;3 480;;;;;;;;32 330;;1107,0;3,8 %;1 243;-51,64 %;30,8 %;;;;;;;;;;;501;360;367,65;
17.03.22;17.03.22;to;-0,76 %;24 189;7 883;0;567;32 639;46 518;-1 504;955;300;377;128;;1 760;34 399;734;1 725;16 992;8 833;18 234;25 825;2 459;3 480;;;;;;;;31 940;;1246,0;3,0 %;992;-52,81 %;39,6 %;;;;;;;;;;;502;360;368,3;
18.03.22;18.03.22;pe;0,74 %;24 338;7 974;0;567;32 879;46 518;-1 504;955;300;377;128;;1 760;34 639;734;1 725;16 992;8 833;18 234;25 825;2 459;3 480;;;;;;;;32 180;;1246,0;3,7 %;1 232;-51,70 %;39,6 %;;;;;;;;;;;503;360;368,95;
21.03.22;21.03.22;MA;0,00 %;24 338;7 974;0;567;32 879;46 518;-1 504;955;300;377;128;;1 760;34 639;734;1 725;16 992;8 833;18 234;25 825;2 459;3 480;; Ostin Piialle perä kärry. Ostin metsuri kypärän, bensaa öljyä jaa teräketjut.;;;;;;32 180;;1246,0;3,7 %;1 232;-51,70 %;39,6 %;;;;;;;;;;;504;360;369,6;
22.03.22;22.03.22;ti;0,79 %;24 466;8 085;0;587;33 138;46 711;-1 905;747;300;377;128;;1 552;34 690;927;1 725;16 992;8 833;18 234;25 825;2 652;3 480;;;;;;;;32 038;;1454,0;4,5 %;1 491;-50,51 %;52,7 %;;;;;;;;;;;505;360;370,25;
23.03.22;23.03.22;ke;-3,20 %;23 660;7 825;0;593;32 078;46 711;-1 801;851;300;377;128;;1 656;33 734;927;1 725;16 992;8 833;18 234;25 825;2 652;3 480;;Maksoin Matleenan ja Elisan Espoon tanssikisat. Piia maksoi peräkärryn ja bensat.;;;;;;31 082;;1350,0;1,3 %;431;-55,48 %;46,1 %;;;;;;;;;;;506;360;370,9;
24.03.22;24.03.22;to;-0,32 %;23 550;7 832;0;593;31 975;46 795;-1 885;851;300;377;128;;1 656;33 631;1 011;1 725;16 992;8 833;18 234;25 825;2 736;3 480;;;;;;;;30 895;;1350,0;1,0 %;328;-55,98 %;46,1 %;;;;;;;;;;;507;360;371,55;
25.03.22;25.03.22;pe;-3,49 %;22 861;7 405;0;592;30 858;46 801;-2 007;735;300;377;128;;1 540;32 398;1 017;1 725;16 992;8 833;18 234;25 825;2 742;3 480;;;;;;;;29 656;;1466,0;-2,6 %;-789;-61,63 %;53,5 %;;;;;;;;;;;508;360;372,2;
28.03.22;28.03.22;MA;0,18 %;22 937;7 385;0;592;30 914;46 770;-2 046;665;300;377;128;;1 470;32 384;1 035;1 676;16 992;8 833;18 234;25 825;2 711;3 480;;;;;;;;29 673;;1536,0;-2,4 %;-733;-61,34 %;57,9 %;;;;;;;;;;;509;360;372,85;
29.03.22;29.03.22;ti;2,15 %;23 367;7 617;0;595;31 579;46 770;-2 136;575;300;377;128;;1 380;32 959;1 035;1 676;16 992;8 833;18 234;25 825;2 711;3 480;;;;;;;;30 248;;1626,0;-0,2 %;-68;-57,94 %;63,6 %;;;;;;;;;;;510;360;373,5;
31.03.22;31.03.22;to;-1,95 %;22 999;7 368;0;595;30 962;46 770;-2 136;575;300;377;128;;1 380;32 342;1 035;1 676;16 992;8 833;18 234;25 825;2 711;3 480;;;;;;;;29 631;;1626,0;-2,2 %;-685;-61,09 %;63,6 %;;;;;;;;;;;511;360;374,15;
04.04.22;04.04.22;MA;2,93 %;23 739;7 534;0;595;31 868;46 795;605;3 341;300;377;128;;4 146;36 014;1 060;1 676;16 992;8 833;18 234;25 825;2 736;3 480;;;;;;;;33 278;;-1140,0;0,7 %;221;-56,51 %;-111,5 %;;;;;;;;;;;512;360;374,8;
05.04.22;05.04.22;ti;-0,31 %;23 637;7 537;0;595;31 769;44 979;-703;973;750;377;128;;2 228;33 997;0;1 676;16 623;8 715;17 965;25 338;1 676;3 480;;;;;;;;32 321;;778,0;0,4 %;122;-57,00 %;38,4 %;;;;;;;;;;;513;360;375,45;
06.04.22;06.04.22;ke;-0,26 %;23 649;7 416;0;620;31 685;45 038;-840;895;750;377;111;;2 133;33 818;59;1 676;16 623;8 715;17 965;25 338;1 735;3 480;;;;;;;;32 083;;873,0;0,1 %;38;-57,41 %;43,4 %;;;;;;;;;;;514;360;376,1;
07.04.22;07.04.22;to;-0,15 %;23 636;7 382;0;620;31 638;45 038;-890;845;750;377;111;;2 083;33 721;59;1 676;16 623;8 715;17 965;25 338;1 735;3 480;;;;;;;;31 986;;923,0;-0,0 %;-9;-57,65 %;46,5 %;;;;;;;;;;;515;360;376,75;
08.04.22;08.04.22;pe;1,87 %;24 080;7 538;0;611;32 229;45 038;-890;845;750;377;111;;2 083;34 312;59;1 676;16 623;8 715;17 965;25 338;1 735;3 480;;Ostin uuden videotykin. Palautin videotykin;;;;;;32 577;;923,0;1,8 %;582;-54,76 %;46,5 %;;;;;;;;;;;516;360;377,4;
09.04.22;09.04.22;MA;-1,27 %;23 710;7 500;0;611;31 821;45 038;-1 181;554;750;377;111;;1 792;33 613;59;1 676;16 623;8 715;17 965;25 338;1 735;3 480;;;;;;;;31 878;;1214,0;0,5 %;174;-56,74 %;64,9 %;;;;;;;;;;;517;360;378,05;
10.04.22;10.04.22;ti;-0,45 %;23 625;7 448;0;606;31 679;45 038;-1 181;554;750;377;111;;1 792;33 471;59;1 676;16 623;8 715;17 965;25 338;1 735;3 480;;;;;;;;31 736;;1214,0;0,1 %;32;-57,44 %;64,9 %;;;;;;;;;;;518;360;378,7;
11.04.22;11.04.22;ke;-0,04 %;23 668;7 391;0;606;31 665;45 212;-1 504;405;750;402;111;;1 668;33 333;233;1 676;16 623;8 715;17 965;25 338;1 909;3 480;;;;;;;;31 424;;1338,0;0,1 %;18;-57,51 %;74,4 %;;;;;;;;;;;519;360;379,35;
12.04.22;12.04.22;to;0,40 %;23 753;7 431;0;609;31 793;45 212;-1 611;298;750;402;158;;1 608;33 401;233;1 676;16 623;8 715;17 965;25 338;1 909;3 480;;;;;;;;31 492;;1398,0;0,5 %;146;-56,88 %;81,1 %;;;;;;;;;;;520;360;380;
19.04.22;19.04.22;ti;0,94 %;23 955;7 527;0;610;32 092;45 320;-1 551;466;750;102;158;;1 476;33 568;341;1 676;16 623;8 715;17 965;25 338;2 017;3 480;;;;;;;;31 551;;1530,0;1,4 %;445;-55,42 %;70,5 %;;;;;;;;;;;521;360;380,65;
20.04.22;20.04.22;ke;-0,72 %;23 700;7 552;0;610;31 862;45 320;-1 086;931;750;102;158;;1 941;33 803;341;1 676;16 623;8 715;17 965;25 338;2 017;3 600;;Maksoin 500€ Tyttöjen harjoitusmaksuja ja pukuvuokran;;;;Siirto Nordnetistä 500€;;31 786;;1065,0;0,7 %;215;-56,54 %;41,1 %;;;;;;;;;;;522;360;381,3;
21.04.22;21.04.22;to;1,93 %;24 122;7 746;0;610;32 478;45 370;-1 403;664;350;102;158;;1 274;33 752;391;1 676;16 623;8 715;17 965;25 338;2 067;3 600;;;;;;;;31 685;;1732,0;2,6 %;831;-53,57 %;58,0 %;;;;;;;;;;;523;360;381,95;
22.04.22;22.04.22;pe;-1,00 %;23 921;7 623;0;610;32 154;45 414;-1 435;676;350;102;158;;1 286;33 440;435;1 676;16 623;8 715;17 965;25 338;2 111;3 600;;Ostin lentoliput helsinki praha tytöille 600€;;;;;;31 329;;1720,0;1,6 %;507;-55,12 %;57,2 %;;;;;;;;;;;524;360;382,6;
25.04.22;25.04.22;MA;-2,49 %;23 321;7 423;0;610;31 354;45 988;-2 205;480;350;102;158;;1 090;32 444;1 062;1 623;16 623;8 715;17 965;25 338;2 685;3 600;;;;;;;;29 759;;1916,0;-0,9 %;-293;-59,07 %;69,6 %;;;;;;;;;;;525;360;383,25;
27.04.22;27.04.22;ke;1,14 %;23 488;7 632;0;593;31 713;45 495;-1 815;377;350;102;158;;987;32 700;569;1 623;16 623;8 715;17 965;25 338;2 192;3 600;;;;;;;;30 508;;2019,0;0,2 %;66;-57,27 %;76,1 %;;;;;;;;;;;526;360;383,9;
28.04.22;28.04.22;to;-1,86 %;23 218;7 313;0;593;31 124;45 495;-1 785;407;350;102;158;;1 017;32 141;569;1 623;16 623;8 715;17 965;25 338;2 192;3 600;;;;;;;;29 949;;1989,0;-1,7 %;-523;-60,25 %;74,2 %;;;;;;;;;;;527;360;384,55;
29.04.22;29.04.22;pe;1,43 %;23 488;7 476;0;604;31 568;45 495;-1 842;350;350;102;158;;960;32 528;569;1 623;16 623;8 715;17 965;25 338;2 192;3 600;;;;;;;;30 336;;2046,0;-0,3 %;-79;-58,00 %;77,8 %;;;;;;;;;;;528;360;385,2;
02.05.22;02.05.22;MA;-1,68 %;23 120;7 313;0;604;31 037;45 572;619;2 888;350;102;158;;3 498;34 535;646;1 623;16 623;8 715;17 965;25 338;2 269;3 600;;;;;;;;32 266;;-492,0;-2,0 %;-610;-60,70 %;-82,8 %;;;;;;;;;;;529;360;385,85;
03.05.22;03.05.22;ti;1,29 %;23 371;7 461;0;604;31 436;45 572;708;2 977;350;102;158;;3 587;35 023;646;1 623;16 623;8 715;17 965;25 338;2 269;3 600;;;;;;;;32 754;;-581,0;-0,7 %;-211;-58,66 %;-88,4 %;;;;;;;;;;;530;360;386,5;
04.05.22;04.05.22;ke;-0,70 %;23 168;7 429;0;619;31 216;44 815;-192;2 077;350;102;158;;2 687;33 903;646;1 623;16 254;8 597;17 695;24 851;2 269;3 600;;;;;;;;31 634;;319,0;-1,4 %;-431;-59,78 %;-31,5 %;;;;;;;;;;;531;360;387,15;
06.05.22;06.05.22;pe;-2,34 %;22 699;7 169;0;619;30 487;44 826;-203;2 077;350;102;158;;2 687;33 174;657;1 623;16 254;8 597;17 695;24 851;2 280;3 600;;;;;;;;30 894;;319,0;-3,8 %;-1 160;-63,60 %;-31,5 %;;;;;;;;;;;532;360;387,8;
09.05.22;09.05.22;MA;-3,68 %;21 921;6 825;0;619;29 365;44 826;-560;1 720;350;102;158;;2 330;31 695;657;1 623;16 254;8 597;17 695;24 851;2 280;3 600;;;;;;;;29 415;;676,0;-7,8 %;-2 282;-69,85 %;-8,9 %;;;;;;;;;;;533;360;388,45;
10.05.22;10.05.22;ti;0,10 %;21 958;6 816;0;619;29 393;45 247;-1 007;1 694;350;102;158;;2 304;31 697;1 078;1 623;16 254;8 597;17 695;24 851;2 701;3 600;;;;;;;;28 996;;702,0;-7,7 %;-2 254;-69,69 %;-7,2 %;;;;;;;;;;;534;360;389,1;
11.05.22;11.05.22;ke;3,30 %;22 730;7 040;0;593;30 363;45 247;-1 007;1 694;350;102;158;;2 304;32 667;1 078;1 623;16 254;8 597;17 695;24 851;2 701;3 600;;;;;;;;29 966;;702,0;-4,2 %;-1 284;-64,27 %;-7,2 %;;;;;;;;;;;535;360;389,75;
12.05.22;12.05.22;to;0,27 %;22 679;7 173;0;593;30 445;45 313;-1 142;1 625;350;102;158;;2 235;32 680;1 144;1 623;16 254;8 597;17 695;24 851;2 767;3 600;;;;;;;;29 913;;771,0;-3,9 %;-1 202;-63,82 %;-2,8 %;;;;;;;;;;;536;360;390,4;
13.05.22;13.05.22;pe;3,38 %;23 551;7 330;0;593;31 474;45 313;-1 142;1 625;350;102;158;;2 235;33 709;1 144;1 623;16 254;8 597;17 695;24 851;2 767;3 600;;;;;;;;30 942;;771,0;-0,5 %;-173;-58,47 %;-2,8 %;;;;;;;;;;;537;360;391,05;
16.05.22;16.05.22;MA;-0,12 %;23 524;7 307;0;604;31 435;45 334;-1 880;908;400;127;158;;1 593;33 028;1 165;1 623;16 254;8 597;17 695;24 851;2 788;3 600;;;;;;;;30 240;;1413,0;-0,7 %;-212;-58,66 %;42,5 %;;;;;;;;;;;538;360;391,7;
17.05.22;17.05.22;ti;-1,09 %;23 198;7 291;0;602;31 091;45 334;-1 694;1 094;400;127;158;;1 779;32 870;1 165;1 623;16 254;8 597;17 695;24 851;2 788;3 600;;;;;;Nosto 400€ Nordnetistä;;30 082;;1227,0;-1,8 %;-556;-60,42 %;30,8 %;;;;;;;;;;;539;360;392,35;
18.05.22;18.05.22;ke;0,21 %;23 241;7 313;0;602;31 156;45 334;-1 694;1 094;400;127;158;;1 779;32 935;1 165;1 623;16 254;8 597;17 695;24 851;2 788;3 600;;;;;;;;30 147;;1227,0;-1,6 %;-491;-60,08 %;30,8 %;;;;;;;;;;;540;360;393;
19.05.22;19.05.22;to;-1,40 %;22 861;7 257;0;602;30 720;45 334;-1 929;859;400;127;158;;1 544;32 264;1 165;1 623;16 254;8 597;17 695;24 851;2 788;3 720;;;;;;;;29 476;;1462,0;-3,0 %;-927;-62,36 %;45,6 %;;;;;;;;;;;541;360;393,65;
20.05.22;20.05.22;pe;0,48 %;23 018;7 252;0;597;30 867;45 334;-1 946;842;400;127;158;;1 527;32 394;1 165;1 623;16 254;8 597;17 695;24 851;2 788;3 720;;;;;;;;29 606;;1479,0;-2,5 %;-780;-61,58 %;46,7 %;;;;;;;;;;;542;360;394,3;
23.05.22;23.05.22;MA;1,32 %;23 282;7 400;0;593;31 275;45 357;-2 615;196;400;127;158;;881;32 156;1 183;1 628;16 254;8 597;17 695;24 851;2 811;3 720;;;;;;;;29 345;;2125,0;-1,2 %;-372;-59,48 %;87,6 %;;;;;;;;;;;543;360;394,95;
24.05.22;24.05.22;ti;-0,59 %;23 108;7 388;0;593;31 089;44 748;-2 072;130;400;127;158;;815;31 904;624;1 578;16 254;8 597;17 695;24 851;2 202;3 720;;;;;;;;29 702;;2191,0;-1,8 %;-558;-60,43 %;91,8 %;;;;;;;;;;;544;360;395,6;
25.05.22;25.05.22;ke;2,31 %;23 650;7 569;0;589;31 808;44 748;-2 072;130;400;127;158;;815;32 623;624;1 578;16 254;8 597;17 695;24 851;2 202;3 720;;Matleenan tililtä maksoin abi risteilyn;;;;;;30 421;;2191,0;0,5 %;161;-56,80 %;91,8 %;;;;;;;;;;;545;360;396,25;
27.05.22;27.05.22;pe;1,00 %;23 879;7 654;0;593;32 126;44 964;-2 334;84;300;127;158;;669;32 795;840;1 578;16 254;8 597;17 695;24 851;2 418;3 720;;;;;;;;30 377;;2337,0;1,5 %;479;-55,25 %;94,7 %;;;;;;;;;;;546;360;396,9;
30.05.22;30.05.22;MA;-0,15 %;23 847;7 638;0;593;32 078;44 964;-2 334;84;300;127;158;;669;32 747;840;1 578;16 254;8 597;17 695;24 851;2 418;3 720;;;;;;;;30 329;;2337,0;1,3 %;431;-55,48 %;94,7 %;;;;;;;;;;;547;360;397,55;
31.05.22;31.05.22;ti;-2,17 %;23 402;7 371;0;609;31 382;44 964;-2 334;84;300;127;158;;669;32 051;840;1 578;16 254;8 597;17 695;24 851;2 418;3 720;;;;;;;Osinko Sampo 200€;29 633;;2337,0;-0,8 %;-265;-58,93 %;94,7 %;;;;;;;;;;;548;360;398,2;
01.06.22;01.06.22;ke;-1,68 %;23 107;7 139;0;608;30 854;44 964;382;2 800;300;127;158;;3 385;34 239;840;1 578;16 254;8 597;17 695;24 851;2 418;3 720;;;;;;;;31 821;;-379,0;-2,6 %;-793;-61,65 %;-77,2 %;;;;;;;;;;;549;360;398,85;
02.06.22;02.06.22;to;0,02 %;23 147;7 106;0;606;30 859;44 964;-948;1 470;600;127;132;;2 329;33 188;840;1 578;16 254;8 597;17 695;24 851;2 418;3 720;;;;;;;;30 770;;677,0;-2,6 %;-788;-61,63 %;7,0 %;;;;;;;;;;;550;360;399,5;
03.06.22;03.06.22;pe;0,20 %;23 204;7 089;0;628;30 921;44 964;-477;1 941;600;127;132;;2 800;33 721;840;1 578;16 254;8 597;17 695;24 851;2 418;3 720;;Piia maksoi frakin ja ruohonleikkuri hihnan;;;;;;31 303;;206,0;-2,3 %;-726;-61,30 %;-22,8 %;;;;;;;;;;;551;360;400,15;
06.06.22;06.06.22;MA;1,57 %;23 571;7 213;0;624;31 408;43 460;-518;1 153;600;127;132;;2 012;33 420;93;1 578;15 884;8 480;17 425;24 364;1 671;3 720;;;;;;;;31 749;;994,0;-0,8 %;-239;-58,80 %;27,0 %;;;;;;;;;;;552;360;400,8;
07.06.22;07.06.22;ti;-0,86 %;23 382;7 133;0;624;31 139;43 460;-518;1 153;600;127;132;;2 012;33 151;93;1 578;15 884;8 480;17 425;24 364;1 671;3 720;;;;;;;;31 480;;994,0;-1,6 %;-508;-60,17 %;27,0 %;;;;;;;;;;;553;360;401,45;
08.06.22;08.06.22;ke;-0,83 %;23 173;7 080;0;627;30 880;43 477;-560;1 128;600;127;132;;1 987;32 867;110;1 578;15 884;8 480;17 425;24 364;1 688;3 720;;;;;;;;31 179;;1019,0;-2,5 %;-767;-61,52 %;28,6 %;;;;;;;;;;;554;360;402,1;
09.06.22;09.06.22;to;0,28 %;23 236;7 105;0;625;30 966;43 477;-585;1 103;600;152;132;;1 987;32 953;110;1 578;15 884;8 480;17 425;24 364;1 688;3 720;;;;;;;;31 265;;1019,0;-2,2 %;-681;-61,07 %;30,2 %;;;;;;;;;;;555;360;402,75;
10.06.22;10.06.22;pe;-2,40 %;22 679;6 924;0;621;30 224;43 538;-874;875;600;152;132;;1 759;31 983;171;1 578;15 884;8 480;17 425;24 364;1 749;3 720;;Ostin pyörän Nishiki 401 700€, ajettu 30km, lähes uusi. Ovh880€.;;;;;;30 234;;1247,0;-4,7 %;-1 423;-65,02 %;44,6 %;;;;;;;;;;;556;360;403,4;
13.06.22;13.06.22;MA;-1,74 %;22 300;6 800;0;599;29 699;44 351;-1 687;875;600;152;132;;1 759;31 458;984;1 578;15 884;8 480;17 425;24 364;2 562;3 720;;;;;;;;28 896;;1247,0;-6,6 %;-1 948;-67,94 %;44,6 %;;;;;;;;;;;557;360;404,05;
14.06.22;14.06.22;ti;1,76 %;22 640;6 982;0;599;30 221;44 351;-1 687;875;600;152;132;;1 759;31 980;984;1 578;15 884;8 480;17 425;24 364;2 562;3 720;;;;;;;;29 418;;1247,0;-4,7 %;-1 426;-65,04 %;44,6 %;;;;;;;;;;;558;360;404,7;
15.06.22;15.06.22;ke;-0,73 %;22 436;6 969;0;596;30 001;44 423;-1 630;1 004;200;152;145;;1 501;31 502;1 056;1 578;15 884;8 480;17 425;24 364;2 634;3 840;;;;;;Nosto Nordnetistä 250€;;28 868;;1505,0;-5,5 %;-1 646;-66,25 %;36,5 %;;;;;;;;;;;559;360;405,35;
16.06.22;16.06.22;to;-4,71 %;21 385;6 612;0;590;28 587;44 488;-1 719;980;200;152;145;;1 477;30 064;1 121;1 578;15 884;8 480;17 425;24 364;2 699;3 840;;;;;;;;27 365;;1529,0;-10,7 %;-3 060;-74,47 %;38,0 %;;;;;;;;;;;560;360;406;
17.06.22;17.06.22;pe;0,51 %;21 491;6 653;0;590;28 734;44 488;-1 719;980;200;152;145;;1 477;30 211;1 121;1 578;15 884;8 480;17 425;24 364;2 699;3 840;;;;;;;;27 512;;1529,0;-10,1 %;-2 913;-73,58 %;38,0 %;;;;;;;;;;;561;360;406,65;
20.06.22;20.06.22;MA;2,37 %;22 007;6 816;0;592;29 415;44 562;-1 807;966;200;152;145;;1 463;30 878;1 195;1 578;15 884;8 480;17 425;24 364;2 773;3 840;;;;;;;;28 105;;1543,0;-7,6 %;-2 232;-69,56 %;38,9 %;;;;;;;;;;;562;360;407,3;
21.06.22;21.06.22;ti;0,11 %;21 982;6 874;0;592;29 448;44 741;-2 286;666;200;152;145;;1 163;30 611;1 374;1 578;15 884;8 480;17 425;24 364;2 952;3 840;;Tilisiirto Matleenan Nordean tilille 300€;;;;;;27 659;;1843,0;-7,5 %;-2 199;-69,37 %;57,8 %;;;;;;;;;;;563;360;407,95;
22.06.22;22.06.22;ke;0,31 %;22 104;6 837;0;597;29 538;44 741;-2 286;666;200;152;145;;1 163;30 701;1 374;1 578;15 884;8 480;17 425;24 364;2 952;3 840;;;;;;;;27 749;;1843,0;-7,1 %;-2 109;-68,85 %;57,8 %;;;;;;;;;;;564;360;408,6;
23.06.22;23.06.22;to;-3,19 %;21 405;6 597;0;595;28 597;44 741;-2 286;666;200;152;145;;1 163;29 760;1 374;1 578;15 884;8 480;17 425;24 364;2 952;3 840;;;;;;;;26 808;;1843,0;-10,7 %;-3 050;-74,41 %;57,8 %;;;;;;;;;;;565;360;409,25;
27.06.22;27.06.22;MA;0,21 %;21 406;6 652;0;600;28 658;44 881;-2 522;570;200;152;145;;1 067;29 725;1 563;1 529;15 884;8 480;17 425;24 364;3 092;3 840;;;;;;;;26 633;;1939,0;-10,4 %;-2 989;-74,04 %;63,9 %;;;;;;;;;;;566;360;409,9;
28.06.22;28.06.22;ti;0,58 %;21 576;6 638;0;609;28 823;44 881;-2 531;561;200;152;145;;1 058;29 881;1 563;1 529;15 884;8 480;17 425;24 364;3 092;3 840;;;;;;;;26 789;;1948,0;-9,8 %;-2 824;-73,04 %;64,5 %;;;;;;;;;;;567;360;410,55;
29.06.22;29.06.22;ke;-1,89 %;21 167;6 504;0;607;28 278;44 918;-2 589;540;200;152;145;;1 037;29 315;1 600;1 529;15 884;8 480;17 425;24 364;3 129;3 840;;;;;;;;26 186;;1969,0;-11,9 %;-3 369;-76,38 %;65,8 %;;;;;;;;;;;568;360;411,2;
30.06.22;30.06.22;to;-2,76 %;20 558;6 333;0;607;27 498;44 940;-2 636;515;200;152;145;;1 012;28 510;1 622;1 529;15 884;8 480;17 425;24 364;3 151;3 840;;;;;;;;25 359;;1994,0;-15,1 %;-4 149;-81,38 %;67,4 %;;;;;;;;;;;569;360;411,85;
01.07.22;01.07.22;pe;1,66 %;20 947;6 400;0;607;27 954;44 940;-2 636;515;200;152;145;;1 012;28 966;1 622;1 529;15 884;8 480;17 425;24 364;3 151;3 840;;;;;;;;25 815;;1994,0;-13,2 %;-3 693;-78,42 %;67,4 %;;;;;;;;;;;570;360;412,5;
04.07.22;04.07.22;MA;-1,86 %;20 429;6 397;0;607;27 433;45 260;-1 308;2 163;200;152;145;;2 660;30 093;1 942;1 529;15 884;8 480;17 425;24 364;3 471;3 840;;;;;;;;26 622;;346,0;-15,4 %;-4 214;-81,81 %;-36,9 %;;;;;;;;;;;571;360;413,15;
05.07.22;05.07.22;ti;-3,01 %;19 802;6 197;0;607;26 606;45 260;-1 308;2 163;200;152;125;;2 640;29 246;1 942;1 529;15 884;8 480;17 425;24 364;3 471;3 840;;;;;;;;25 775;;366,0;-18,9 %;-5 041;-87,46 %;-36,9 %;;;;;;;;;;;572;360;413,8;
06.07.22;06.07.22;ke;1,20 %;19 969;6 350;0;607;26 926;45 260;-1 308;2 163;200;152;125;;2 640;29 566;1 942;1 529;15 884;8 480;17 425;24 364;3 471;3 840;;;;;;;;26 095;;366,0;-17,5 %;-4 721;-85,23 %;-36,9 %;;;;;;;;;;;573;600;414,45;
07.07.22;07.07.22;to;2,08 %;20 393;6 487;0;607;27 487;42 968;-1 444;485;200;152;125;;962;28 449;400;1 529;15 522;8 362;17 155;23 884;1 929;3 840;;;;;;;;26 520;;2044,0;-15,1 %;-4 160;-81,45 %;69,3 %;;;;;;;;;;;574;600;415,1;
08.07.22;08.07.22;pe;2,21 %;20 773;6 714;0;607;28 094;42 968;-1 444;485;200;152;125;;962;29 056;400;1 529;15 522;8 362;17 155;23 884;1 929;3 840;;;;;;;;27 127;;2044,0;-12,6 %;-3 553;-77,53 %;69,3 %;;;;;;;;;;;575;600;415,75;
11.07.22;11.07.22;MA;-2,26 %;20 287;6 564;0;607;27 458;43 030;-1 518;473;200;177;125;;975;28 433;462;1 529;15 522;8 362;17 155;23 884;1 991;3 840;;;;;;;;26 442;;2031,0;-15,3 %;-4 189;-81,64 %;70,1 %;;;;;;;;;;;576;600;416,4;
12.07.22;12.07.22;ti;1,69 %;20 557;6 723;0;642;27 922;43 035;-1 506;490;200;177;134;;1 001;28 923;467;1 529;15 522;8 362;17 155;23 884;1 996;3 840;;;;;;;;26 927;;2005,0;-13,3 %;-3 725;-78,63 %;69,0 %;;;;;;;;;;;577;600;417,05;
13.07.22;13.07.22;ke;-2,72 %;19 940;6 581;0;641;27 162;43 119;-1 546;534;200;177;134;;1 045;28 207;551;1 529;15 522;8 362;17 155;23 884;2 080;3 840;;;;;;;;26 127;;1961,0;-16,5 %;-4 485;-83,62 %;66,2 %;;;;;;;;;;;578;600;417,7;
14.07.22;14.07.22;to;-1,55 %;19 593;6 506;0;641;26 740;43 119;-1 596;484;400;27;134;;1 045;27 785;551;1 529;15 522;8 362;17 155;23 884;2 080;3 960;;;;;;;;25 705;;1961,0;-18,4 %;-4 907;-86,52 %;69,4 %;;;;;;;;;;;579;600;418,35;
15.07.22;15.07.22;pe;0,01 %;19 644;6 461;0;637;26 742;43 119;-1 738;342;0;27;134;;503;27 245;551;1 529;15 522;8 362;17 155;23 884;2 080;3 960;;;;;;;;25 165;;2503,0;-18,3 %;-4 905;-86,51 %;78,4 %;;;;;;;;;;;580;600;419;
18.07.22;18.07.22;MA;3,95 %;20 307;6 851;0;641;27 799;43 403;-2 040;324;0;27;134;;485;28 284;835;1 529;15 522;8 362;17 155;23 884;2 364;3 960;;;;;;;;25 920;;2521,0;-13,8 %;-3 848;-79,42 %;79,5 %;;;;;;;;;;;581;600;419,65;
19.07.22;19.07.22;ti;3,00 %;20 916;7 077;0;641;28 634;43 403;-2 040;324;0;27;134;;485;29 119;835;1 529;15 522;8 362;17 155;23 884;2 364;3 960;;;;;;;;26 755;;2521,0;-10,5 %;-3 013;-74,18 %;79,5 %;;;;;;;;;;;582;600;420,3;
20.07.22;20.07.22;ke;-0,08 %;20 950;7 018;0;642;28 610;43 403;-2 040;324;0;27;134;;485;29 095;835;1 529;15 522;8 362;17 155;23 884;2 364;3 960;;;;;;;;26 731;;2521,0;-10,6 %;-3 037;-74,33 %;79,5 %;;;;;;;;;;;583;600;420,95;
21.07.22;21.07.22;to;0,99 %;21 102;7 144;0;647;28 893;43 497;-2 173;285;0;27;134;;446;29 339;929;1 529;15 522;8 362;17 155;23 884;2 458;3 960;;;;;;;;26 881;;2560,0;-9,5 %;-2 754;-72,62 %;82,0 %;;;;;;;;;;;584;600;421,6;
22.07.22;22.07.22;pe;-2,56 %;20 509;6 996;0;647;28 152;43 497;2 827;5 285;0;27;134;;5 446;33 598;929;1 529;15 522;8 362;17 155;23 884;2 458;3 960;;Viikkoraha korotus. Matneena 15€ -> 17€. Elisa 10€-> 13€. Metsäyhtymä siirsi osakkaille 500€.;;;;;;31 140;;-2440,0;-12,4 %;-3 495;-77,17 %;-234,5 %;;;;;;;;;;;585;600;422,25;
25.07.22;25.07.22;MA;-0,69 %;20 252;7 058;0;649;27 959;43 644;2 609;5 214;0;27;134;;5 375;33 334;1 076;1 529;15 522;8 362;17 155;23 884;2 605;3 960;;Forum n.10€;;;;;;30 729;;-2369,0;-13,2 %;-3 688;-78,39 %;-230,0 %;;;;;;;;;;;586;600;422,9;
26.07.22;26.07.22;ti;4,24 %;21 381;7 114;0;649;29 144;43 708;1 482;4 151;0;27;134;;4 312;33 456;1 140;1 529;15 522;8 362;17 155;23 884;2 669;3 960;;;;;Siirto opsta nordnettiin 1000€;;;30 787;;-1306,0;-8,6 %;-2 503;-71,14 %;-162,7 %;;;;;;;;;;;587;600;423,55;
27.07.22;27.07.22;ke;0,32 %;21 468;7 121;0;649;29 238;43 708;1 482;4 151;0;27;134;;4 312;33 550;1 140;1 529;15 522;8 362;17 155;23 884;2 669;3 960;;;;;;;;30 881;;-1306,0;-8,2 %;-2 409;-70,59 %;-162,7 %;;;;;;;;;;;588;600;424,2;
28.07.22;28.07.22;to;1,48 %;21 808;7 209;0;655;29 672;43 722;1 398;4 081;0;27;134;;4 242;33 914;1 202;1 481;15 522;8 362;17 155;23 884;2 683;3 960;;;;;;;;31 231;;-1236,0;-6,7 %;-1 975;-68,09 %;-158,3 %;;;;;;;;;;;589;600;424,85;
29.07.22;29.07.22;pe;0,94 %;22 011;7 278;0;662;29 951;43 762;1 344;4 067;0;27;134;;4 228;34 179;1 242;1 481;15 522;8 362;17 155;23 884;2 723;3 960;;;;;;;;31 456;;-1222,0;-5,7 %;-1 696;-66,53 %;-157,4 %;;;;;;;;;;;590;600;425,5;
01.08.22;01.08.22;MA;-0,13 %;21 981;7 266;0;664;29 911;43 864;3 785;6 610;0;27;134;;6 771;36 682;1 344;1 481;15 522;8 362;17 155;23 884;2 825;3 960;;;;;;;;33 857;;-3765,0;-5,8 %;-1 736;-66,75 %;-318,4 %;;;;;;;;;;;591;600;426,15;
02.08.22;02.08.22;ti;-0,78 %;21 749;7 266;0;663;29 678;42 520;3 085;4 566;700;27;134;;5 427;35 105;0;1 481;15 522;8 362;17 155;23 884;1 481;3 960;;;Osto nordea 90@9,594 yht. 863€;;;;;33 624;;-2421,0;-6,6 %;-1 969;-68,06 %;-189,0 %;;;;;;;;;;;592;600;426,8;
03.08.22;03.08.22;ke;1,13 %;22 050;7 281;0;681;30 012;42 520;3 084;4 565;700;27;134;;5 426;35 438;0;1 481;15 522;8 362;17 155;23 884;1 481;3 960;;;;;;;;33 957;;-2420,0;-5,4 %;-1 635;-66,19 %;-188,9 %;;;;;;;;;;;593;600;427,45;
05.08.22;05.08.22;pe;1,11 %;22 301;7 358;0;687;30 346;42 520;2 254;3 735;700;27;134;;4 596;34 942;0;1 481;15 522;8 362;17 155;23 884;1 481;3 960;;;;;;;;33 461;;-1590,0;-4,3 %;-1 301;-64,36 %;-136,4 %;;;;;;;;;;;594;600;428,1;
08.08.22;08.08.22;MA;0,87 %;22 507;7 415;0;688;30 610;42 018;791;2 522;700;52;134;;3 408;34 018;250;1 481;15 159;8 244;16 884;23 403;1 731;3 960;;Matleenan autokoulu 1190€. minä maksoin.;;;;;;32 287;;-402,0;-3,4 %;-1 037;-62,94 %;-59,6 %;;;;;;;;;;;595;600;428,75;
09.08.22;09.08.22;ti;-0,56 %;22 372;7 381;0;687;30 440;42 020;533;2 266;700;52;132;;3 150;33 590;252;1 481;15 159;8 244;16 884;23 403;1 733;3 960;;;;;;;;31 857;;-144,0;-4,0 %;-1 207;-63,85 %;-43,4 %;;;;;;;;;;;596;600;429,4;
10.08.22;10.08.22;ke;0,41 %;22 467;7 413;0;684;30 564;42 093;460;2 266;700;52;132;;3 150;33 714;325;1 481;15 159;8 244;16 884;23 403;1 806;3 960;;;;;;;;31 908;;-144,0;-3,5 %;-1 083;-63,19 %;-43,4 %;;;;;;;;;;;597;600;430,05;
11.08.22;11.08.22;to;0,17 %;22 518;7 413;0;684;30 615;42 107;416;2 236;700;52;132;;3 120;33 735;339;1 481;15 159;8 244;16 884;23 403;1 820;3 960;;Bussiliput tytöille 27€ x2;;;;;;31 915;;-114,0;-3,4 %;-1 032;-62,91 %;-41,5 %;;;;;;;;;;;598;600;430,7;
12.08.22;12.08.22;pe;0,49 %;22 659;7 418;0;689;30 766;42 175;314;2 202;700;52;132;;3 086;33 852;407;1 481;15 159;8 244;16 884;23 403;1 888;3 960;;;;;;;;31 964;;-80,0;-2,9 %;-881;-62,11 %;-39,4 %;;;;;;;;;;;599;600;431,35;
15.08.22;15.08.22;MA;-0,20 %;22 644;7 363;0;697;30 704;42 175;179;2 067;300;52;132;;2 551;33 255;407;1 481;15 159;8 244;16 884;23 403;1 888;3 960;;;;;;;;31 367;;455,0;-3,1 %;-943;-62,44 %;-30,8 %;;;;;;;;;;;600;600;432;
16.08.22;16.08.22;ti;1,54 %;22 987;7 490;0;701;31 178;42 175;179;2 067;300;52;132;;2 551;33 729;407;1 481;15 159;8 244;16 884;23 403;1 888;3 960;;;;;;;;31 841;;455,0;-1,5 %;-469;-59,97 %;-30,8 %;;;;;;;;;;;601;600;432,65;
17.08.22;17.08.22;ke;-1,49 %;22 599;7 414;0;701;30 714;42 175;179;2 067;300;52;132;;2 551;33 265;407;1 481;15 159;8 244;16 884;23 403;1 888;3 960;;;;;;;;31 377;;455,0;-3,0 %;-933;-62,39 %;-30,8 %;;;;;;;;;;;602;600;433,3;
18.08.22;18.08.22;to;-1,10 %;22 360;7 317;0;699;30 376;42 314;-130;1 897;300;52;132;;2 381;32 757;546;1 481;15 159;8 244;16 884;23 403;2 027;3 960;;;;;;;;30 730;;625,0;-4,2 %;-1 271;-64,20 %;-20,1 %;;;;;;;;;;;603;600;433,95;
19.08.22;19.08.22;pe;-0,66 %;22 187;7 288;0;699;30 174;42 314;-210;1 817;300;52;132;;2 301;32 475;546;1 481;15 159;8 244;16 884;23 403;2 027;3 960;;;;;;;;30 448;;705,0;-4,9 %;-1 473;-65,29 %;-15,0 %;;;;;;;;;;;604;600;434,6;
22.08.22;22.08.22;MA;-2,22 %;21 683;7 122;0;699;29 504;42 314;-210;1 817;300;52;132;;2 301;31 805;546;1 481;15 159;8 244;16 884;23 403;2 027;3 960;;;;;;;;29 778;;705,0;-7,3 %;-2 143;-69,05 %;-15,0 %;;;;;;;;;;;605;600;435,25;
23.08.22;23.08.22;ti;0,69 %;21 838;7 170;0;699;29 707;42 314;-210;1 817;300;52;132;;2 301;32 008;546;1 481;15 159;8 244;16 884;23 403;2 027;3 960;;;;;;;;29 981;;705,0;-6,5 %;-1 940;-67,89 %;-15,0 %;;;;;;;;;;;606;600;435,9;
24.08.22;24.08.22;ke;-0,30 %;21 760;7 167;0;690;29 617;42 314;-387;1 640;300;52;132;;2 124;31 741;546;1 481;15 159;8 244;16 884;23 403;2 027;3 960;;;;;;;;29 714;;882,0;-6,9 %;-2 030;-68,40 %;-3,8 %;;;;;;;;;;;607;600;436,55;
25.08.22;25.08.22;to;0,59 %;21 855;7 248;0;690;29 793;42 713;-666;1 760;300;52;132;;2 244;32 037;994;1 432;15 159;8 244;16 884;23 403;2 426;4 080;;;;;;;;29 611;;762,0;-6,2 %;-1 854;-67,41 %;-11,4 %;;;;;;;;;;;608;600;437,2;
26.08.22;26.08.22;pe;-1,09 %;21 598;7 180;0;690;29 468;42 816;-769;1 760;300;52;132;;2 244;31 712;1 097;1 432;15 159;8 244;16 884;23 403;2 529;4 080;;;;;;;;29 183;;762,0;-7,4 %;-2 179;-69,25 %;-11,4 %;;;;;;;;;;;609;600;437,85;
29.08.22;29.08.22;MA;-1,15 %;21 436;7 008;0;685;29 129;42 816;-799;1 730;300;52;132;;2 214;31 343;1 097;1 432;15 159;8 244;16 884;23 403;2 529;4 080;;;;;;;;28 814;;792,0;-8,6 %;-2 518;-71,22 %;-9,5 %;;;;;;;;;;;610;600;438,5;
31.08.22;31.08.22;ke;-0,43 %;21 312;7 016;0;676;29 004;42 816;-799;1 730;300;52;132;;2 214;31 218;1 097;1 432;15 159;8 244;16 884;23 403;2 529;4 080;;Matleena 18v synttärirahaa yht 200€ ja valokuva-albumi 18 valokuvalla. Elisa 16v. synttärirahaa 100€ ja kylpytakki 70€.;;;;;;28 689;;792,0;-9,1 %;-2 643;-71,96 %;-9,5 %;;;;;;;;;;;611;600;439,15;
01.09.22;01.09.22;to;-3,07 %;20 623;6 815;0;676;28 114;43 045;1 391;4 149;300;52;132;;4 633;32 747;1 326;1 432;15 159;8 244;16 884;23 403;2 758;4 080;;;;;;;;29 989;;-1627,0;-12,6 %;-3 533;-77,41 %;-162,6 %;;;;;;;;;;;612;600;439,8;
02.09.22;02.09.22;pe;2,47 %;21 157;6 980;0;671;28 808;41 719;1 366;2 798;300;52;132;;3 282;32 090;0;1 432;15 159;8 244;16 884;23 403;1 432;4 080;;;;;;;;30 658;;-276,0;-9,9 %;-2 839;-73,13 %;-77,1 %;;;;;;;;;;;613;600;440,45;
05.09.22;05.09.22;MA;-1,10 %;20 818;6 983;0;690;28 491;41 115;131;1 710;300;52;132;;2 194;30 685;147;1 432;14 796;8 126;16 614;22 922;1 579;4 080;;;;;;;;29 106;;812,0;-11,1 %;-3 156;-75,06 %;-8,2 %;;;;;;;;;;;614;600;441,1;
06.09.22;06.09.22;ti;0,33 %;20 872;7 023;0;690;28 585;41 115;70;1 649;300;52;132;;2 133;30 718;147;1 432;14 796;8 126;16 614;22 922;1 579;4 080;;;;;;;;29 139;;873,0;-10,7 %;-3 062;-74,48 %;-4,4 %;;;;;;;;;;;615;600;441,75;
07.09.22;07.09.22;ke;0,43 %;21 034;6 985;0;690;28 709;41 115;9;1 588;300;52;132;;2 072;30 781;147;1 432;14 796;8 126;16 614;22 922;1 579;4 080;;;;;;;;29 202;;934,0;-10,2 %;-2 938;-73,73 %;-0,5 %;;;;;;;;;;;616;600;442,4;
08.09.22;08.09.22;to;0,61 %;21 116;7 076;0;692;28 884;41 115;-21;1 558;300;77;132;;2 067;30 951;147;1 432;14 796;8 126;16 614;22 922;1 579;4 080;;;;;;;;29 372;;939,0;-9,6 %;-2 763;-72,68 %;1,4 %;;;;;;;;;;;617;600;443,05;
09.09.22;09.09.22;pe;2,26 %;21 600;7 244;0;694;29 538;41 163;-69;1 558;300;77;132;;2 067;31 605;195;1 432;14 796;8 126;16 614;22 922;1 627;4 080;;;;;;;;29 978;;939,0;-7,1 %;-2 109;-68,85 %;1,4 %;;;;;;;;;;;618;600;443,7;
12.09.22;12.09.22;MA;1,91 %;22 009;7 395;0;698;30 102;41 163;-553;1 074;300;77;132;;1 583;31 685;195;1 432;14 796;8 126;16 614;22 922;1 627;4 080;;;;;;;;30 058;;1423,0;-5,1 %;-1 545;-65,69 %;32,0 %;;;;;;;;;;;619;600;444,35;
13.09.22;13.09.22;ti;0,43 %;22 137;7 395;0;700;30 232;41 163;-1 003;624;750;77;132;;1 583;31 815;195;1 432;14 796;8 126;16 614;22 922;1 627;4 080;; Elisan kisamatka Ruotsiin. Maksoin menomatkan jaa olin itse päivän Tukholmassa.;;;;;;30 188;;1423,0;-4,7 %;-1 415;-64,98 %;60,5 %;;;;;;;;;;;620;600;445;
14.09.22;14.09.22;ke;-2,33 %;21 590;7 247;0;691;29 528;41 316;-1 156;624;750;77;132;;1 583;31 111;348;1 432;14 796;8 126;16 614;22 922;1 780;4 080;;;;;;;;29 331;;1423,0;-7,2 %;-2 119;-68,91 %;60,5 %;;;;;;;;;;;621;600;445,65;
15.09.22;15.09.22;to;0,68 %;21 748;7 293;0;689;29 730;41 316;-1 382;398;750;77;132;;1 357;31 087;348;1 432;14 796;8 126;16 614;22 922;1 780;4 080;;;;;;;;29 307;;1649,0;-6,4 %;-1 917;-67,76 %;74,8 %;;;;;;;;;;;622;600;446,3;
16.09.22;16.09.22;pe;-2,79 %;21 296;6 921;0;685;28 902;41 316;-1 385;395;350;77;132;;954;29 856;348;1 432;14 796;8 126;16 614;22 922;1 780;4 200;;;;;;;;28 076;;2052,0;-9,5 %;-2 745;-72,57 %;75,0 %;;;;;;;;;;;623;600;446,95;
19.09.22;19.09.22;MA;-0,31 %;21 243;6 892;0;678;28 813;41 316;-1 419;361;350;77;132;;920;29 733;348;1 432;14 796;8 126;16 614;22 922;1 780;4 200;;;;;;;;27 953;;2086,0;-9,8 %;-2 834;-73,10 %;77,2 %;;;;;;;;;;;624;600;447,6;
20.09.22;20.09.22;ti;2,36 %;21 765;7 050;0;679;29 494;41 316;-1 419;361;350;77;132;;920;30 414;348;1 432;14 796;8 126;16 614;22 922;1 780;4 200;;;;;;;;28 634;;2086,0;-7,3 %;-2 153;-69,11 %;77,2 %;;;;;;;;;;;625;600;448,25;
21.09.22;21.09.22;ke;2,48 %;22 400;7 150;0;676;30 226;41 338;-1 441;361;350;77;132;;920;31 146;370;1 432;14 796;8 126;16 614;22 922;1 802;4 200;;;;;;;;29 344;;2086,0;-4,7 %;-1 421;-65,01 %;77,2 %;;;;;;;;;;;626;600;448,9;
22.09.22;22.09.22;to;1,71 %;22 824;7 241;0;677;30 742;41 338;-1 547;255;350;77;132;;814;31 556;370;1 432;14 796;8 126;16 614;22 922;1 802;4 200;;;;;;;;29 754;;2192,0;-2,9 %;-905;-62,24 %;83,9 %;;;;;;;;;;;627;600;449,55;
23.09.22;23.09.22;pe;-2,72 %;22 218;7 014;0;673;29 905;41 338;-1 515;287;350;77;132;;846;30 751;370;1 432;14 796;8 126;16 614;22 922;1 802;4 200;;;;;;;;28 949;;2160,0;-5,8 %;-1 742;-66,78 %;81,8 %;;;;;;;;;;;628;600;450,2;
26.09.22;26.09.22;MA;-1,01 %;22 021;6 914;0;668;29 603;41 291;-1 531;224;350;77;132;;783;30 386;370;1 385;14 796;8 126;16 614;22 922;1 755;4 200;;;;;;;;28 631;;2223,0;-6,9 %;-2 044;-68,48 %;85,8 %;;;;;;;;;;;629;600;450,85;
27.09.22;27.09.22;ti;-0,31 %;21 930;6 914;0;666;29 510;41 291;-1 558;197;350;77;132;;756;30 266;370;1 385;14 796;8 126;16 614;22 922;1 755;4 200;;;;;;;;28 511;;2250,0;-7,2 %;-2 137;-69,01 %;87,5 %;;;;;;;;;;;630;600;451,5;
28.09.22;28.09.22;ke;-1,32 %;21 663;6 790;0;666;29 119;41 353;-1 328;489;350;77;132;;1 048;30 167;432;1 385;14 796;8 126;16 614;22 922;1 817;4 200;;LähiTapiola palautti n300€, if vakuutukset voimaan;;;;;;28 350;;1958,0;-8,7 %;-2 528;-71,28 %;69,1 %;;;;;;;;;;;631;600;452,15;
29.09.22;29.09.22;to;-2,74 %;21 097;6 559;0;666;28 322;41 353;-1 328;489;350;77;132;;1 048;29 370;432;1 385;14 796;8 126;16 614;22 922;1 817;4 200;;;;;;;;27 553;;1958,0;-11,7 %;-3 325;-76,10 %;69,1 %;;;;;;;;;;;632;600;452,8;
30.09.22;30.09.22;pe;1,69 %;21 485;6 662;0;655;28 802;41 353;-1 328;489;350;77;132;;1 048;29 850;432;1 385;14 796;8 126;16 614;22 922;1 817;4 200;;;;;;;;28 033;;1958,0;-9,9 %;-2 845;-73,17 %;69,1 %;;;;;;;;;;;633;600;453,45;
03.10.22;03.10.22;MA;0,73 %;21 669;6 677;0;666;29 012;41 353;1 176;2 993;350;77;132;;3 552;32 564;432;1 385;14 796;8 126;16 614;22 922;1 817;4 200;;;;;;;;30 747;;-546,0;-9,1 %;-2 635;-71,92 %;-89,4 %;;;;;;;;;;;634;600;454,1;
04.10.22;04.10.22;ti;2,22 %;22 123;6 868;0;666;29 657;40 921;617;2 002;350;77;132;;2 561;32 218;0;1 385;14 796;8 126;16 614;22 922;1 385;4 200;;Maksoin Elisan laboratorio maalailla 428.;;;;;;30 833;755,0;445,0;-6,7 %;-1 990;-68,18 %;-26,7 %;;;;;;;;;;;635;600;454,75;
05.10.22;05.10.22;ke;-1,82 %;21 711;6 720;0;686;29 117;40 166;-172;1 213;350;77;132;;1 772;30 889;0;1 385;14 431;8 008;16 342;22 439;1 385;4 200;;;;;;;;29 504;;1234,0;-8,7 %;-2 530;-71,30 %;23,2 %;;;;;;;;;;;636;600;455,4;
06.10.22;06.10.22;to;-0,74 %;21 542;6 674;0;686;28 902;40 166;-319;1 066;350;77;111;;1 604;30 506;0;1 385;14 431;8 008;16 342;22 439;1 385;4 200;;;;;;;;29 121;;1402,0;-9,5 %;-2 745;-72,57 %;32,5 %;;;;;;;;;;;637;600;456,05;
07.10.22;07.10.22;pe;-0,93 %;21 303;6 643;0;687;28 633;40 166;-349;1 036;350;102;111;;1 599;30 232;0;1 385;14 431;8 008;16 342;22 439;1 385;4 200;;;;;;;;28 847;;1407,0;-10,5 %;-3 014;-74,19 %;34,4 %;;;;;;;;;;;638;600;456,7;
10.10.22;10.10.22;MA;-0,23 %;21 267;6 621;0;678;28 566;40 166;-798;587;350;102;137;;1 176;29 742;0;1 385;14 431;8 008;16 342;22 439;1 385;4 200;;;;;;;;28 357;;1830,0;-10,8 %;-3 081;-74,60 %;62,8 %;;;;;;;;;;;639;600;457,35;
11.10.22;11.10.22;ti;-0,45 %;21 149;6 612;0;676;28 437;40 183;-815;587;350;102;137;;1 176;29 613;17;1 385;14 431;8 008;16 342;22 439;1 402;4 200;;;;;;;;28 211;;1830,0;-11,3 %;-3 210;-75,39 %;62,8 %;;;;;;;;;;;640;600;458;
12.10.22;12.10.22;ke;0,05 %;21 150;6 626;0;676;28 452;40 237;-933;523;350;102;137;;1 112;29 564;71;1 385;14 431;8 008;16 342;22 439;1 456;4 200;;Bussiliput tytöille 27€*2;;;;;;28 108;;1894,0;-11,2 %;-3 195;-75,30 %;66,9 %;;;;;;;;;;;641;600;458,65;
13.10.22;13.10.22;to;1,19 %;21 445;6 675;0;671;28 791;40 237;-933;523;350;102;137;;1 112;29 903;71;1 385;14 431;8 008;16 342;22 439;1 456;4 200;;;;;;;;28 447;;1894,0;-9,9 %;-2 856;-73,23 %;66,9 %;;;;;;;;;;;642;600;459,3;
14.10.22;14.10.22;pe;1,20 %;21 714;6 747;0;675;29 136;40 385;-1 143;461;0;102;137;;700;29 836;219;1 385;14 431;8 008;16 342;22 439;1 604;4 200;;;;;;;;28 232;;2306,0;-8,6 %;-2 511;-71,18 %;70,8 %;;;;;;;;;;;643;600;459,95;
17.10.22;17.10.22;MA;1,72 %;22 080;6 886;0;671;29 637;40 416;-1 361;274;0;102;137;;513;30 150;250;1 385;14 431;8 008;16 342;22 439;1 635;4 320;;;;;;;;28 515;;2493,0;-6,8 %;-2 010;-68,29 %;82,7 %;;;;;;;;;;;644;600;460,6;
18.10.22;18.10.22;ti;1,09 %;22 302;6 982;0;677;29 961;40 432;-1 377;274;0;102;137;;513;30 474;266;1 385;14 431;8 008;16 342;22 439;1 651;4 320;;;;;;;;28 823;;2493,0;-5,6 %;-1 686;-66,47 %;82,7 %;;;;;;;;;;;645;600;461,25;
19.10.22;19.10.22;ke;1,78 %;22 640;7 173;0;681;30 494;40 453;-1 411;261;0;102;137;;500;30 994;287;1 385;14 431;8 008;16 342;22 439;1 672;4 320;;;;;;;;29 322;;2506,0;-3,8 %;-1 153;-63,56 %;83,5 %;;;;;;;;;;;646;600;461,9;
20.10.22;20.10.22;to;0,06 %;22 676;7 157;0;679;30 512;40 453;-1 443;229;0;102;137;;468;30 980;287;1 385;14 431;8 008;16 342;22 439;1 672;4 320;;;;;;;;29 308;;2538,0;-3,7 %;-1 135;-63,46 %;85,5 %;;;;;;;;;;;647;600;462,55;
21.10.22;21.10.22;pe;0,56 %;22 818;7 190;0;674;30 682;40 507;-1 514;212;0;102;137;;451;31 133;341;1 385;14 431;8 008;16 342;22 439;1 726;4 320;;Ostin ez drummer3 softan 151€;;;;;;29 407;;2555,0;-3,1 %;-965;-62,56 %;86,6 %;;;;;;;;;;;648;600;463,2;
24.10.22;24.10.22;MA;1,02 %;23 025;7 295;0;674;30 994;40 712;-1 770;161;0;102;137;;400;31 394;594;1 337;14 431;8 008;16 342;22 439;1 931;4 320;;;;;;;;29 463;;2606,0;-2,1 %;-653;-60,92 %;89,8 %;;;;;;;;;;;649;600;463,85;
25.10.22;25.10.22;ti;1,32 %;23 289;7 435;0;678;31 402;40 742;-1 821;140;0;102;137;;379;31 781;624;1 337;14 431;8 008;16 342;22 439;1 961;4 320;;;;;;;;29 820;;2627,0;-0,8 %;-245;-58,83 %;91,1 %;;;;;;;;;;;650;600;464,5;
26.10.22;26.10.22;ke;-0,68 %;23 182;7 322;0;683;31 187;40 776;-1 855;140;0;102;137;;379;31 566;658;1 337;14 431;8 008;16 342;22 439;1 995;4 320;;;;;;;;29 571;;2627,0;-1,5 %;-460;-59,93 %;91,1 %;;;;;;;;;;;651;600;465,15;
27.10.22;27.10.22;to;0,13 %;23 200;7 343;0;683;31 226;40 776;-1 885;110;0;102;137;;349;31 575;658;1 337;14 431;8 008;16 342;22 439;1 995;4 320;;;;;;;;29 580;;2657,0;-1,3 %;-421;-59,73 %;93,0 %;;;;;;;;;;;652;600;465,8;
28.10.22;28.10.22;pe;0,14 %;23 203;7 385;0;683;31 271;40 848;-1 973;94;0;102;137;;333;31 604;730;1 337;14 431;8 008;16 342;22 439;2 067;4 320;;;;;;;;29 537;;2673,0;-1,2 %;-376;-59,50 %;94,1 %;;;;;;;;;;;653;600;466,45;
31.10.22;31.10.22;MA;-0,06 %;23 241;7 325;0;687;31 253;40 848;-1 973;94;0;102;137;;333;31 586;730;1 337;14 431;8 008;16 342;22 439;2 067;4 320;;;;;;;;29 519;;2673,0;-1,3 %;-394;-59,59 %;94,1 %;;;;;;;;;;;654;600;467,1;
01.11.22;01.11.22;ti;-0,14 %;23 220;7 300;0;688;31 208;40 894;532;2 645;0;102;137;;2 884;34 092;776;1 337;14 431;8 008;16 342;22 439;2 113;4 320;;;;;;;;31 979;;122,0;-1,4 %;-439;-59,82 %;-67,4 %;;;;;;;;;;;655;600;467,75;
02.11.22;02.11.22;ke;-0,11 %;23 162;7 322;0;691;31 175;40 118;127;1 464;450;102;117;;2 133;33 308;0;1 337;14 431;8 008;16 342;22 439;1 337;4 320;;;;;;;;31 971;;873,0;-1,5 %;-472;-59,99 %;7,3 %;;;;;;;;;;;656;600;468,4;
03.11.22;03.11.22;to;0,24 %;23 184;7 375;0;691;31 250;40 118;127;1 464;450;102;117;;2 133;33 383;0;1 337;14 431;8 008;16 342;22 439;1 337;4 320;;;;;;;;32 046;789,0;873,0;-1,3 %;-397;-59,60 %;7,3 %;;;;;;;;;;;657;600;469,05;
04.11.22;04.11.22;pe;0,96 %;23 459;7 388;0;704;31 551;40 275;-186;1 308;450;102;117;;1 977;33 528;157;1 337;14 431;8 008;16 342;22 439;1 494;4 320;;Ostin lentoliput hki-bryssel& Amsterdam-hik.;;;;;;32 034;789,0;1029,0;-0,3 %;-96;-58,08 %;17,2 %;;;;;;;;;;;658;600;469,7;
07.11.22;07.11.22;MA;0,63 %;23 652;7 394;0;704;31 750;40 027;-1 236;763;450;127;117;;1 457;33 207;662;1 337;14 067;7 890;16 071;21 957;1 999;4 320;;Heikki maksoi 25e ultimate guitar. Lipi maksoi lentoliput. Ostin ezBass softan 149e;;;;;;31 208;789,0;1549,0;0,3 %;103;-57,09 %;51,7 %;;;;;;;;;;;659;600;470,35;
08.11.22;08.11.22;ti;0,92 %;23 851;7 485;0;707;32 043;40 030;-1 239;763;450;127;117;;1 457;33 500;665;1 337;14 067;7 890;16 071;21 957;2 002;4 320;;;;;;;;31 498;789,0;1549,0;1,2 %;396;-55,65 %;51,7 %;;;;;;;;;;;660;600;471;
09.11.22;09.11.22;ke;-0,70 %;23 721;7 391;0;707;31 819;40 050;-863;1 159;450;127;117;;1 853;33 672;685;1 337;14 067;7 890;16 071;21 957;2 022;4 320;;Vakuutusyhtiö Turva maksoi Elisan laboratorio kustannukset.;;;;;;31 650;789,0;1153,0;0,5 %;172;-56,75 %;26,6 %;;;;;;;;;;;661;600;471,65;
10.11.22;10.11.22;to;0,12 %;23 715;7 435;0;707;31 857;40 053;-1 125;900;450;127;117;;1 594;33 451;688;1 337;14 067;7 890;16 071;21 957;2 025;4 320;;;;;;;;31 426;789,0;1412,0;0,7 %;210;-56,56 %;43,0 %;;;;;;;;;;;662;600;472,3;
11.11.22;11.11.22;pe;0,35 %;23 800;7 451;0;716;31 967;40 067;-1 120;919;450;127;117;;1 613;33 580;702;1 337;14 067;7 890;16 071;21 957;2 039;4 320;;;;;;;;31 541;789,0;1393,0;1,0 %;320;-56,02 %;41,8 %;;;;;;;;;;;663;600;472,95;
14.11.22;14.11.22;MA;-0,23 %;23 801;7 375;0;718;31 894;40 067;-1 120;919;450;127;132;;1 628;33 522;702;1 337;14 067;7 890;16 071;21 957;2 039;4 320;;;;;;;;31 483;789,0;1378,0;0,8 %;247;-56,38 %;41,8 %;;;;;;;;;;;664;600;473,6;
15.11.22;15.11.22;ti;0,85 %;23 990;7 456;0;718;32 164;40 067;-1 240;799;50;127;132;;1 108;33 272;702;1 337;14 067;7 890;16 071;21 957;2 039;4 440;;;;;;;;31 233;789,0;1898,0;1,6 %;517;-55,07 %;49,4 %;;;;;;;;;;;665;600;474,25;
16.11.22;16.11.22;ke;0,41 %;24 079;7 494;0;722;32 295;40 067;-1 304;735;50;127;132;;1 044;33 339;702;1 337;14 067;7 890;16 071;21 957;2 039;4 440;;;;;;;;31 300;789,0;1962,0;2,0 %;648;-54,44 %;53,5 %;;;;;;;;;;;666;600;474,9;
17.11.22;17.11.22;to;-1,27 %;23 752;7 410;0;722;31 884;40 082;-1 775;279;50;127;132;;588;32 472;717;1 337;14 067;7 890;16 071;21 957;2 054;4 440;;Maksoin Elisan autokoulun 402€. Johanna soitti ja pyysi maksamaan. Savo että voin pikkuhiljaa vähentää elatusmaksuista.;;;;;;30 418;789,0;2418,0;0,7 %;237;-56,43 %;82,3 %;;;;;;;;;;;667;600;475,55;
18.11.22;18.11.22;pe;0,98 %;23 994;7 480;0;722;32 196;40 183;-1 909;246;50;127;132;;555;32 751;818;1 337;14 067;7 890;16 071;21 957;2 155;4 440;;;;;;;;30 596;789,0;2451,0;1,7 %;549;-54,91 %;84,4 %;;;;;;;;;;;668;600;476,2;
21.11.22;21.11.22;MA;0,00 %;23 994;7 480;0;722;32 196;40 212;-2 041;143;50;127;132;;452;32 648;847;1 337;14 067;7 890;16 071;21 957;2 184;4 440;;;;;;;;30 464;789,0;2554,0;1,7 %;549;-54,91 %;90,9 %;;;;;;;;;;;669;600;476,85;
22.11.22;22.11.22;ti;-0,55 %;23 884;7 413;0;722;32 019;40 514;-2 343;143;50;127;132;;452;32 471;1 149;1 337;14 067;7 890;16 071;21 957;2 486;4 440;;;;;;;;29 985;789,0;2554,0;1,2 %;372;-55,77 %;90,9 %;;;;;;;;;;;670;600;477,5;
23.11.22;23.11.22;ke;1,88 %;24 235;7 664;0;722;32 621;41 166;-2 512;626;50;127;132;;935;33 556;1 296;1 842;14 067;7 890;16 071;21 957;3 138;4 440;;;;;;;;30 418;789,0;2071,0;3,0 %;974;-52,90 %;60,4 %;;;;;;;;;;;671;600;478,15;
24.11.22;24.11.22;to;0,22 %;24 307;7 664;0;722;32 693;41 166;-2 542;596;50;127;132;;905;33 598;1 296;1 842;14 067;7 890;16 071;21 957;3 138;4 440;;;;;;;;30 460;789,0;2101,0;3,2 %;1 046;-52,56 %;62,3 %;;;;;;;;;;;672;600;478,8;
25.11.22;25.11.22;pe;-0,24 %;24 250;7 641;0;722;32 613;41 798;-3 265;505;50;127;132;;814;33 427;1 928;1 842;14 067;7 890;16 071;21 957;3 770;4 440;;;;;;;;29 657;789,0;2192,0;3,0 %;966;-52,93 %;68,0 %;;;;;;;;;;;673;600;479,45;
29.11.22;29.11.22;ti;-0,11 %;24 250;7 606;0;722;32 578;41 917;-3 800;89;50;127;132;;398;32 976;2 047;1 842;14 067;7 890;16 071;21 957;3 889;4 440;;Maksoin Matleenan MRI 400€;;;;;;29 087;789,0;2608,0;2,9 %;931;-53,10 %;94,4 %;;;;;;;;;;;674;600;480,1;
30.11.22;30.11.22;ke;-0,10 %;24 243;7 579;0;722;32 544;41 917;-3 800;89;50;127;132;;398;32 942;2 047;1 842;14 067;7 890;16 071;21 957;3 889;4 440;;;;;;;;29 053;789,0;2608,0;2,8 %;897;-53,26 %;94,4 %;;;;;;;;;;;675;600;480,75;
01.12.22;01.12.22;to;1,29 %;24 592;7 649;0;722;32 963;41 917;-590;3 299;50;127;132;;3 608;36 571;2 047;1 842;14 067;7 890;16 071;21 957;3 889;4 440;;Ville maksoi matkakulut ja filmus 300e;;;;;;32 682;789,0;-602,0;4,0 %;1 316;-51,31 %;-108,8 %;;;;;;;;;;;676;600;481,4;
02.12.22;02.12.22;pe;-0,29 %;24 519;7 617;0;733;32 869;39 870;-565;1 277;50;127;132;;1 586;34 455;0;1 842;14 067;7 890;16 071;21 957;1 842;4 440;;Maksoin visalaskun 2087. Maksoin Matleenan jalkatuet 200€.;;;;;;32 613;789,0;1420,0;3,7 %;1 222;-51,74 %;19,2 %;;;;;;;;;;;677;600;482,05;
05.12.22;05.12.22;MA;-0,07 %;24 493;7 621;0;733;32 847;39 761;-2 046;242;50;152;132;;576;33 423;493;1 795;13 907;7 767;15 799;21 674;2 288;4 440;;;;;;;;31 135;789,0;2430,0;3,7 %;1 200;-51,84 %;84,7 %;;;;;;;;;;;678;600;482,7;
07.12.22;07.12.22;ke;-1,77 %;24 067;7 449;0;751;32 267;39 761;-2 046;242;50;152;112;;556;32 823;493;1 795;13 907;7 767;15 799;21 674;2 288;4 440;;;;;;;;30 535;789,0;2450,0;1,9 %;620;-54,57 %;84,7 %;;;;;;;;;;;679;600;483,35;
08.12.22;08.12.22;to;-0,22 %;23 995;7 449;0;751;32 195;39 761;-2 046;242;50;152;112;;556;32 751;493;1 795;13 907;7 767;15 799;21 674;2 288;4 440;;;;;;;;30 463;789,0;2450,0;1,7 %;548;-54,92 %;84,7 %;;;;;;;;;;;680;600;484;
09.12.22;09.12.22;pe;1,25 %;24 297;7 551;0;751;32 599;40 721;-2 536;712;450;152;121;;1 435;34 034;1 251;1 997;13 907;7 767;15 799;21 674;3 248;4 440;;Nostin visakortilta 700e käyttötilille.;;;;;;30 786;789,0;1571,0;2,9 %;952;-53,00 %;54,9 %;;;;;;;;;;;681;600;484,65;
12.12.22;12.12.22;MA;-1,02 %;24 052;7 463;0;751;32 266;40 953;-2 996;484;450;152;121;;1 207;33 473;1 483;1 997;13 907;7 767;15 799;21 674;3 480;4 440;;;;;;;;29 993;789,0;1799,0;1,9 %;619;-54,58 %;69,4 %;;;;;;;;;;;682;600;485,3;
13.12.22;13.12.22;ti;0,69 %;24 217;7 531;0;741;32 489;40 953;-2 996;484;450;152;121;;1 207;33 696;1 483;1 997;13 907;7 767;15 799;21 674;3 480;4 440;;;;;;;;30 216;789,0;1799,0;2,6 %;842;-53,52 %;69,4 %;;;;;;;;;;;683;600;485,95;
14.12.22;14.12.22;ke;0,12 %;24 217;7 570;0;741;32 528;40 953;-2 996;484;450;152;121;;1 207;33 735;1 483;1 997;13 907;7 767;15 799;21 674;3 480;4 440;;;;;;;;30 255;789,0;1799,0;2,7 %;881;-53,33 %;69,4 %;;;;;;;;;;;684;600;486,6;
16.12.22;16.12.22;pe;-3,10 %;23 408;7 371;0;741;31 520;41 242;-3 435;334;100;152;121;;707;32 227;1 772;1 997;13 907;7 767;15 799;21 674;3 769;4 560;;;;;;;;28 458;789,0;2299,0;-0,4 %;-127;-58,24 %;78,9 %;;;;;;;;;;;685;600;487,25;
19.12.22;19.12.22;MA;1,10 %;23 752;7 391;0;723;31 866;41 435;-3 628;334;100;152;121;;707;32 573;1 965;1 997;13 907;7 767;15 799;21 674;3 962;4 560;;Tilasin Elisalle joululahjaksi housut 100e;;;;;;28 611;789,0;2299,0;0,7 %;219;-56,52 %;78,9 %;;;;;;;;;;;686;600;487,9;
20.12.22;20.12.22;ti;1,55 %;24 159;7 478;0;723;32 360;41 508;-3 751;284;100;152;121;;657;33 017;2 038;1 997;13 907;7 767;15 799;21 674;4 035;4 560;;;;;;;;28 982;789,0;2349,0;2,2 %;713;-54,13 %;82,0 %;;;;;;;;;;;687;600;488,55;
21.12.22;21.12.22;ke;1,12 %;24 439;7 567;0;718;32 724;41 725;-4 008;244;100;152;121;;617;33 341;2 255;1 997;13 907;7 767;15 799;21 674;4 252;4 560;;;;;;;;29 089;789,0;2389,0;3,3 %;1 077;-52,41 %;84,6 %;;;;;;;;;;;688;600;489,2;
22.12.22;22.12.22;to;0,55 %;24 557;7 621;0;725;32 903;41 725;-4 008;244;100;152;121;;617;33 520;2 255;1 997;13 907;7 767;15 799;21 674;4 252;4 560;;;;;;;;29 268;789,0;2389,0;3,8 %;1 256;-51,58 %;84,6 %;;;;;;;;;;;689;600;489,85;
23.12.22;23.12.22;pe;0,00 %;24 557;7 621;0;725;32 903;41 725;-4 008;244;100;152;121;;617;33 520;2 255;1 997;13 907;7 767;15 799;21 674;4 252;4 560;;;;;;;;29 268;789,0;2389,0;3,8 %;1 256;-51,58 %;84,6 %;;;;;;;;;;;690;600;490,5;
26.12.22;26.12.22;MA;-0,35 %;24 453;7 611;0;725;32 789;41 981;-4 264;244;100;152;121;;617;33 406;2 511;1 997;13 907;7 767;15 799;21 674;4 508;4 560;;;;;;;;28 898;789,0;2389,0;3,5 %;1 142;-52,11 %;84,6 %;;;;;;;;;;;691;600;491,15;
27.12.22;27.12.22;ti;0,26 %;24 492;7 658;0;725;32 875;41 981;-4 281;227;100;152;121;;600;33 475;2 511;1 997;13 907;7 767;15 799;21 674;4 508;4 560;;;;;;;;28 967;789,0;2406,0;3,7 %;1 228;-51,71 %;85,6 %;;;;;;;;;;;692;600;491,8;
28.12.22;28.12.22;ke;-0,41 %;24 405;7 611;0;725;32 741;41 999;-4 299;227;100;152;121;;600;33 341;2 573;1 953;13 907;7 767;15 799;21 674;4 526;4 560;;;;;;;;28 815;789,0;2406,0;3,3 %;1 094;-52,33 %;85,6 %;;;;;;;;;;;693;600;492,45;
30.12.22;30.12.22;pe;-0,57 %;24 243;7 593;0;719;32 555;42 025;-4 379;173;100;152;121;;546;33 101;2 599;1 953;13 907;7 767;15 799;21 674;4 552;4 560;;;;;;;;28 549;789,0;2460,0;2,8 %;908;-53,21 %;89,1 %;;;;;;;;;;;694;600;493,1;
02.01.23;02.01.23;MA;1,56 %;24 634;7 714;0;716;33 064;42 109;-1 739;2 897;100;152;121;;3 270;36 334;2 683;1 953;13 907;7 767;15 799;21 674;4 636;4 560;;;;;;;;31 698;789,0;-264,0;4,3 %;1 417;-50,85 %;-83,4 %;;;;;;;;;;;695;600;493,75;2023
03.01.23;03.01.23;ti;0,25 %;24 668;7 759;0;720;33 147;42 109;-1 739;2 897;100;152;121;;3 270;36 417;2 683;1 953;13 907;7 767;15 799;21 674;4 636;4 560;;;;;;;;31 781;789,0;-264,0;4,5 %;1 500;-50,47 %;-83,4 %;;;;;;;;;;;696;600;494,4;
04.01.23;04.01.23;ke;0,73 %;24 754;7 909;0;725;33 388;42 109;-1 739;2 897;100;152;121;;3 270;36 658;2 683;1 953;13 907;7 767;15 799;21 674;4 636;4 560;;;;;;;;32 022;789,0;-264,0;5,2 %;1 741;-49,38 %;-83,4 %;;;;;;;;;;;697;600;495,05;
06.01.23;06.01.23;pe;1,04 %;24 933;8 051;0;751;33 735;41 753;-2 936;1 861;500;152;121;;2 634;36 369;2 844;1 953;13 769;7 660;15 527;21 429;4 797;4 560;;;;;;;;31 572;789,0;372,0;6,2 %;2 088;-47,85 %;-17,8 %;;;;;;;;;;;698;600;495,7;
09.01.23;09.01.23;MA;0,96 %;25 187;8 121;0;751;34 059;41 753;-2 961;1 836;500;177;121;;2 634;36 693;2 844;1 953;13 769;7 660;15 527;21 429;4 797;4 560;;;;;;;;31 896;789,0;372,0;7,1 %;2 412;-46,44 %;-16,2 %;;;;;;;;;;;699;600;496,35;
10.01.23;10.01.23;ti;-0,67 %;24 971;8 104;0;756;33 831;41 772;-3 247;1 569;500;177;121;;2 367;36 198;2 863;1 953;13 769;7 660;15 527;21 429;4 816;4 560;;;;;;;;31 382;789,0;639,0;6,5 %;2 184;-47,43 %;0,7 %;;;;;;;;;;;700;600;497;
11.01.23;11.01.23;ke;-0,11 %;24 919;8 120;0;756;33 795;41 809;-3 284;1 569;500;177;114;;2 360;36 155;2 900;1 953;13 769;7 660;15 527;21 429;4 853;4 560;;;;;;;;31 302;789,0;646,0;6,4 %;2 148;-47,58 %;0,7 %;;;;;;;;;;;701;600;497,65;
12.01.23;12.01.23;to;-0,19 %;24 899;8 070;0;761;33 730;41 918;-3 470;1 492;500;177;114;;2 283;36 013;3 009;1 953;13 769;7 660;15 527;21 429;4 962;4 560;;;;;;;;31 051;789,0;723,0;6,2 %;2 083;-47,87 %;5,6 %;;;;;;;;;;;702;600;498,3;
16.01.23;16.01.23;MA;-0,46 %;24 783;8 027;0;764;33 574;41 918;-3 470;1 492;500;177;114;;2 283;35 857;3 009;1 953;13 769;7 660;15 527;21 429;4 962;4 680;;;;;;;;30 895;789,0;723,0;5,7 %;1 927;-48,56 %;5,6 %;;;;;;;;;;;703;600;498,95;
17.01.23;17.01.23;ti;-0,46 %;24 642;8 012;0;764;33 418;40 490;-3 445;89;50;50;114;;303;33 721;1 581;1 953;13 769;7 660;15 527;21 429;3 534;4 680;;Visamaksu 1528€. Nosto 1100€ visa kortilta;;;;;;30 187;789,0;2703,0;5,3 %;1 771;-49,25 %;94,4 %;;;;;;;;;;;704;600;499,6;
18.01.23;18.01.23;ke;0,47 %;24 745;8 064;0;767;33 576;40 542;-3 497;89;50;50;114;;303;33 879;1 633;1 953;13 769;7 660;15 527;21 429;3 586;4 680;;Matleena kävi fysioterapia Andre;;;;;;30 293;789,0;2703,0;5,7 %;1 929;-48,55 %;94,4 %;;;;;;;;;;;705;600;500,25;
19.01.23;19.01.23;to;-0,36 %;24 703;7 986;0;767;33 456;40 542;-3 527;59;50;50;114;;273;33 729;1 633;1 953;13 769;7 660;15 527;21 429;3 586;4 680;;;;;;;;30 143;789,0;2733,0;5,4 %;1 809;-49,08 %;96,3 %;;;;;;;;;;;706;600;500,9;
20.01.23;20.01.23;pe;0,91 %;24 930;8 070;0;760;33 760;40 542;-3 527;59;50;50;114;;273;34 033;1 633;1 953;13 769;7 660;15 527;21 429;3 586;4 680;;;;;;;;30 447;789,0;2733,0;6,3 %;2 113;-47,74 %;96,3 %;;;;;;;;;;;707;600;501,55;
23.01.23;23.01.23;MA;0,23 %;24 981;8 091;0;764;33 836;40 611;-3 546;109;0;50;113;;272;34 108;1 702;1 953;13 769;7 660;15 527;21 429;3 655;4 680;;;;;;;;30 453;789,0;2734,0;6,5 %;2 189;-47,41 %;93,1 %;;;;;;;;;;;708;600;502,2;
24.01.23;24.01.23;ti;0,31 %;25 052;8 121;0;768;33 941;40 566;-3 551;59;0;50;113;;222;34 163;1 702;1 908;13 769;7 660;15 527;21 429;3 610;4 680;;;;;;;;30 553;789,0;2784,0;6,8 %;2 294;-46,95 %;96,3 %;;;;;;;;;;;709;600;502,85;
25.01.23;25.01.23;ke;-0,60 %;24 865;8 106;0;768;33 739;40 583;-3 589;38;0;50;113;;201;33 940;1 719;1 908;13 769;7 660;15 527;21 429;3 627;4 680;;;;;;;;30 313;789,0;2805,0;6,2 %;2 092;-47,83 %;97,6 %;;;;;;;;;;;710;600;503,5;
26.01.23;26.01.23;to;-0,04 %;24 830;8 130;0;767;33 727;40 583;-3 569;58;0;50;113;;221;33 948;1 719;1 908;13 769;7 660;15 527;21 429;3 627;4 680;;Nosto Visa 100€;;;;;;30 321;789,0;2785,0;6,2 %;2 080;-47,88 %;96,3 %;;;;;;;;;;;711;600;504,15;
27.01.23;27.01.23;pe;0,55 %;24 952;8 188;0;772;33 912;40 795;-3 781;58;0;50;113;;221;34 133;1 931;1 908;13 769;7 660;15 527;21 429;3 839;4 680;;;;;;;;30 294;789,0;2785,0;6,7 %;2 265;-47,07 %;96,3 %;;;;;;;;;;;712;600;504,8;
30.01.23;30.01.23;MA;0,14 %;25 000;8 188;0;772;33 960;40 843;-3 844;43;0;50;113;;206;34 166;1 979;1 908;13 769;7 660;15 527;21 429;3 887;4 680;;;;;;;;30 279;789,0;2800,0;6,8 %;2 313;-46,87 %;97,3 %;;;;;;;;;;;713;600;505,45;
31.01.23;31.01.23;ti;-0,74 %;24 813;8 124;0;772;33 709;40 895;-3 896;43;0;50;113;;206;33 915;2 031;1 908;13 769;7 660;15 527;21 429;3 939;4 680;;;;;;;;29 976;789,0;2800,0;6,1 %;2 062;-47,96 %;97,3 %;;;;;;;;;;;714;600;506,1;
01.02.23;01.02.23;ke;0,94 %;25 037;8 218;0;770;34 025;40 937;-1 263;2 718;0;50;113;;2 881;36 906;2 073;1 908;13 769;7 660;15 527;21 429;3 981;4 680;;;;;;;;32 925;789,0;125,0;7,0 %;2 378;-46,59 %;-72,0 %;;;;;;;;;;;715;600;506,75;
02.02.23;02.02.23;to;1,23 %;25 325;8 345;0;772;34 442;40 937;-1 358;2 623;0;50;113;;2 786;37 228;2 073;1 908;13 769;7 660;15 527;21 429;3 981;4 680;;;;;;;;33 247;789,0;220,0;8,1 %;2 795;-44,81 %;-66,0 %;;;;;;;;;;;716;600;507,4;
03.02.23;03.02.23;pe;0,02 %;25 311;8 335;0;802;34 448;41 042;-1 463;2 623;0;50;113;;2 786;37 234;2 178;1 908;13 769;7 660;15 527;21 429;4 086;4 680;;;;;;;;33 148;789,0;220,0;8,1 %;2 801;-44,79 %;-66,0 %;;;;;;;;;;;717;600;508,05;
06.02.23;06.02.23;MA;-0,48 %;25 190;8 292;0;802;34 284;40 558;-2 092;1 994;0;50;113;;2 157;36 441;2 178;1 908;13 630;7 552;15 290;21 182;4 086;4 680;;;;;;;;32 355;789,0;849,0;7,7 %;2 637;-45,48 %;-26,2 %;;;;;;;;;;;718;600;508,7;
07.02.23;07.02.23;ti;0,47 %;25 300;8 348;0;798;34 446;40 035;-2 725;838;400;50;113;;1 401;35 847;1 655;1 908;13 630;7 552;15 290;21 182;3 563;4 680;;Visamaksu 2031€. Visanosto 1300€. ostin tukisukat 120€ ja lääkkeitä jalkaan ihottumaan ja turvotuksen;;;;;;32 284;789,0;1605,0;8,1 %;2 799;-44,79 %;47,0 %;;;;;;;;;;;719;600;509,35;
08.02.23;08.02.23;ke;0,13 %;25 317;8 377;0;798;34 492;40 158;-2 894;792;400;50;113;;1 355;35 847;1 778;1 908;13 630;7 552;15 290;21 182;3 686;4 680;;Maksoin tyttöjen osallistumis-maksun tanssikisoihin;;;;;;32 161;789,0;1651,0;8,2 %;2 845;-44,60 %;49,9 %;;;;;;;;;;;720;600;510;
09.02.23;09.02.23;to;0,53 %;25 432;8 444;0;798;34 674;40 241;-2 977;792;400;75;113;;1 380;36 054;1 861;1 908;13 630;7 552;15 290;21 182;3 769;4 680;;;;;;;;32 285;789,0;1626,0;8,7 %;3 027;-43,84 %;49,9 %;;;;;;;;;;;721;600;510,65;
10.02.23;10.02.23;pe;-1,26 %;25 116;8 324;0;797;34 237;40 248;-3 229;547;400;75;113;;1 135;35 372;1 868;1 908;13 630;7 552;15 290;21 182;3 776;4 680;;;;;;;;31 596;789,0;1871,0;7,6 %;2 590;-45,68 %;65,4 %;;;;;;;;;;;722;600;511,3;
13.02.23;13.02.23;MA;1,57 %;25 466;8 515;0;795;34 776;40 271;-3 252;547;400;75;113;;1 135;35 911;1 891;1 908;13 630;7 552;15 290;21 182;3 799;4 680;;;;;;;;32 112;789,0;1871,0;9,0 %;3 129;-43,42 %;65,4 %;;;;;;;;;;;723;600;511,95;
14.02.23;14.02.23;ti;0,58 %;25 633;8 545;0;798;34 976;40 277;-3 258;547;50;75;107;;779;35 755;1 897;1 908;13 630;7 552;15 290;21 182;3 805;4 680;;;;;;;;31 950;789,0;2227,0;9,5 %;3 329;-42,60 %;65,4 %;;;;;;;;;;;724;600;512,6;
15.02.23;15.02.23;ke;0,51 %;25 755;8 604;0;797;35 156;40 382;-3 513;397;50;75;107;;629;35 785;2 002;1 908;13 630;7 552;15 290;21 182;3 910;4 800;;;;;;;;31 875;789,0;2377,0;10,0 %;3 509;-41,87 %;74,9 %;;;;;;;;;;;725;600;513,25;
16.02.23;16.02.23;to;1,18 %;26 031;8 741;0;798;35 570;40 481;-3 612;397;50;75;107;;629;36 199;2 101;1 908;13 630;7 552;15 290;21 182;4 009;4 800;;;;;;;;32 190;789,0;2377,0;11,0 %;3 923;-40,22 %;74,9 %;;;;;;;;;;;726;600;513,9;
17.02.23;17.02.23;pe;-0,53 %;25 905;8 678;0;798;35 381;40 521;-3 672;377;50;75;107;;609;35 990;2 141;1 908;13 630;7 552;15 290;21 182;4 049;4 800;;Veikkaukseen 20€;;;;;;31 941;789,0;2397,0;10,6 %;3 734;-40,97 %;76,1 %;;;;;;;;;;;727;600;514,55;
20.02.23;20.02.23;MA;0,67 %;26 049;8 775;0;793;35 617;40 596;-3 761;363;50;75;107;;595;36 212;2 216;1 908;13 630;7 552;15 290;21 182;4 124;4 800;;;;;;;;32 088;789,0;2411,0;11,1 %;3 970;-40,03 %;77,0 %;;;;;;;;;;;728;600;515,2;
21.02.23;21.02.23;ti;1,12 %;26 322;8 900;0;793;36 015;40 628;-3 793;363;50;75;107;;595;36 610;2 248;1 908;13 630;7 552;15 290;21 182;4 156;4 800;;;;;;;;32 454;789,0;2411,0;12,1 %;4 368;-38,49 %;77,0 %;;;;;;;;;;;729;600;515,85;
22.02.23;22.02.23;ke;-0,90 %;26 059;8 845;0;786;35 690;40 667;-3 862;333;50;75;107;;565;36 255;2 287;1 908;13 630;7 552;15 290;21 182;4 195;4 800;;;;;;;;32 060;789,0;2441,0;11,3 %;4 043;-39,75 %;78,9 %;;;;;;;;;;;730;600;516,5;
23.02.23;23.02.23;to;1,32 %;26 355;9 019;0;786;36 160;40 667;-3 862;333;50;75;107;;565;36 725;2 287;1 908;13 630;7 552;15 290;21 182;4 195;4 800;;;;;;;;32 530;789,0;2441,0;12,5 %;4 513;-37,93 %;78,9 %;;;;;;;;;;;731;600;517,15;
24.02.23;24.02.23;pe;-0,19 %;26 328;8 978;0;785;36 091;41 335;-3 817;1 046;50;75;107;;1 278;37 369;3 017;1 846;13 630;7 552;15 290;21 182;4 863;4 800;;Ostin visalla television vanhemmille, isä maksoi tilille.;;;;;;32 506;789,0;1728,0;12,3 %;4 444;-38,20 %;33,8 %;;;;;;;;;;;732;600;517,8;
27.02.23;27.02.23;MA;1,92 %;26 833;9 169;0;783;36 785;41 335;-3 817;1 046;50;75;107;;1 278;38 063;3 017;1 846;13 630;7 552;15 290;21 182;4 863;4 800;;;;;;;;33 200;789,0;1728,0;14,0 %;5 138;-35,59 %;33,8 %;;;;;;;;;;;733;600;518,45;
28.02.23;28.02.23;ti;-0,81 %;26 640;9 064;0;783;36 487;41 415;-3 897;1 046;50;75;107;;1 278;37 765;3 097;1 846;13 630;7 552;15 290;21 182;4 943;4 800;;;;;;;;32 822;789,0;1728,0;13,3 %;4 840;-36,70 %;33,8 %;;;;;;;;;;;734;600;519,1;
01.03.23;01.03.23;ke;-0,92 %;26 402;8 967;0;781;36 150;41 451;-1 138;3 841;50;75;107;;4 073;40 223;3 133;1 846;13 630;7 552;15 290;21 182;4 979;4 800;;;;;;;;35 244;789,0;-1067,0;12,5 %;4 503;-37,97 %;-143,1 %;;;;;;;;;;;735;600;519,75;
02.03.23;02.03.23;to;-0,17 %;26 398;8 914;0;777;36 089;38 429;-1 412;545;50;75;107;;777;36 866;111;1 846;13 630;7 552;15 290;21 182;1 957;4 800;;Visalyhennys 3097€;;Myynti Nordnet indeksirahasto Suomi  (arvo 730€);;;;34 909;789,0;2229,0;12,3 %;4 442;-38,20 %;65,5 %;;;;;;;;;;;736;600;520,4;
03.03.23;03.03.23;pe;1,31 %;26 714;9 046;0;800;36 560;38 509;-931;1 106;50;75;107;;1 338;37 898;191;1 846;13 630;7 552;15 290;21 182;2 037;4 800;;Filmus maksoi 56€ bensarahoja. Myin sähkörummut ja tarvikkeet 505€.;;;;;;35 861;789,0;1668,0;13,4 %;4 913;-36,42 %;30,0 %;;;;;;;;;;;737;600;521,05;
06.03.23;06.03.23;MA;0,13 %;26 732;9 069;0;808;36 609;38 010;-1 884;163;50;75;87;;375;36 984;201;1 846;13 488;7 442;15 033;20 930;2 047;4 800;;;;;;;;34 937;789,0;2631,0;13,6 %;4 962;-36,24 %;89,7 %;;;;;;;;;;;738;600;521,7;
07.03.23;07.03.23;ti;-3,35 %;25 660;8 917;0;807;35 384;38 010;-1 557;490;350;100;87;;1 027;36 411;201;1 846;13 488;7 442;15 033;20 930;2 047;4 800;;;;;;Nosto nordnet 700€ Opiin;;34 364;789,0;1979,0;10,6 %;3 737;-40,96 %;69,0 %;;;;;;;;;;;739;600;522,35;
08.03.23;08.03.23;ke;0,55 %;25 767;9 004;0;806;35 577;38 052;-1 731;358;350;100;87;;895;36 472;243;1 846;13 488;7 442;15 033;20 930;2 089;4 800;;Maksoin Matleenan yo-kirjoitukset 102€.;;;;;;34 383;789,0;2111,0;11,0 %;3 930;-40,19 %;77,3 %;;;;;;;;;;;740;600;523;
09.03.23;09.03.23;to;-0,65 %;25 601;8 938;0;807;35 346;38 231;-1 933;335;350;100;87;;872;36 218;422;1 846;13 488;7 442;15 033;20 930;2 268;4 800;;Ostos f-seceru total 24kk 100€;;;;;;33 950;789,0;2134,0;10,5 %;3 699;-41,11 %;78,8 %;;;;;;;;;;;741;600;523,65;
10.03.23;10.03.23;pe;-3,15 %;24 881;8 550;0;800;34 231;38 231;-2 195;73;350;100;100;;623;34 854;422;1 846;13 488;7 442;15 033;20 930;2 268;4 800;;;;;;;;32 586;789,0;2383,0;7,5 %;2 584;-45,70 %;95,4 %;;;;;;;;;;;742;600;524,3;
13.03.23;13.03.23;MA;-3,34 %;24 126;8 170;0;790;33 086;38 231;-2 195;73;350;100;100;;623;33 709;422;1 846;13 488;7 442;15 033;20 930;2 268;4 800;;;;;;;;31 441;789,0;2383,0;4,3 %;1 439;-50,75 %;95,4 %;;;;;;;;;;;743;600;524,95;
14.03.23;14.03.23;ti;2,03 %;24 566;8 400;0;790;33 756;38 842;-2 306;573;350;100;100;;1 123;34 879;1 033;1 846;13 488;7 442;15 033;20 930;2 879;4 800;;Nosto Visa 500€;;;;;;32 000;789,0;1883,0;6,2 %;2 109;-47,75 %;63,7 %;;;;;;;;;;;744;600;525,6;
15.03.23;15.03.23;ke;-2,48 %;23 900;8 230;0;790;32 920;38 842;-2 456;423;0;100;100;;623;33 543;1 033;1 846;13 488;7 442;15 033;20 930;2 879;4 920;;;;;;;;30 664;789,0;2383,0;3,9 %;1 273;-51,51 %;73,2 %;;;;;;;;;;;745;600;526,25;
16.03.23;16.03.23;to;-3,22 %;23 228;7 836;0;795;31 859;38 944;-2 573;408;0;100;100;;608;32 467;1 135;1 846;13 488;7 442;15 033;20 930;2 981;4 920;;Maksoin Matleenan eväät kirjoituksiin 15€;;;;;;29 486;789,0;2398,0;0,7 %;212;-56,55 %;74,2 %;;;;;;;;;;;746;600;526,9;
17.03.23;17.03.23;pe;-2,25 %;22 710;7 638;0;795;31 143;39 037;-2 666;408;0;100;100;;608;31 751;1 228;1 846;13 488;7 442;15 033;20 930;3 074;4 920;;Palautus visiosta fsecure total;;;;;;28 677;789,0;2398,0;-1,6 %;-504;-60,15 %;74,2 %;;;;;;;;;;;747;600;527,55;
20.03.23;20.03.23;MA;1,97 %;23 115;7 849;0;794;31 758;38 940;-2 716;261;0;100;100;;461;32 219;1 131;1 846;13 488;7 442;15 033;20 930;2 977;4 920;;;;;;;;29 242;789,0;2545,0;0,3 %;111;-57,05 %;83,5 %;;;;;;;;;;;748;600;528,2;
21.03.23;21.03.23;ti;2,88 %;23 748;8 132;0;792;32 672;38 970;-2 760;247;0;100;100;;447;33 119;1 161;1 846;13 488;7 442;15 033;20 930;3 007;4 920;;;;;;;;30 112;789,0;2559,0;3,1 %;1 025;-52,66 %;84,4 %;;;;;;;;;;;749;600;528,85;
22.03.23;22.03.23;ke;0,02 %;23 700;8 182;0;796;32 678;39 010;-2 830;217;0;100;100;;417;33 095;1 201;1 846;13 488;7 442;15 033;20 930;3 047;4 920;;;;;;;;30 048;789,0;2589,0;3,2 %;1 031;-52,63 %;86,3 %;;;;;;;;;;;750;600;529,5;
23.03.23;23.03.23;to;-4,66 %;22 519;7 841;0;796;31 156;39 010;-2 130;917;0;100;100;;1 117;32 273;1 201;1 846;13 488;7 442;15 033;20 930;3 047;4 920;;Myin canon 5D mark 3 rungon 750€ Timolle ;;;;Nosto Nordnet 700€;;29 226;789,0;1889,0;-1,6 %;-491;-60,08 %;42,0 %;;;;;;;;;;;751;600;530,15;
24.03.23;24.03.23;pe;-7,13 %;21 025;7 114;0;796;28 935;38 984;-2 154;867;0;100;100;;1 067;30 002;1 201;1 820;13 488;7 442;15 033;20 930;3 021;4 920;;(nordeasta irtosi osinko);;;;;;26 981;789,0;1939,0;-9,4 %;-2 712;-72,37 %;45,1 %;;;;;;;;;;;752;600;530,8;
27.03.23;27.03.23;MA;0,75 %;21 227;7 129;0;796;29 152;40 246;-2 783;1 500;0;100;100;;1 700;30 852;2 463;1 820;13 488;7 442;15 033;20 930;4 283;4 920;;Ostin vuodesohvan 1100. Timo maksoi kamera canon 5d;;;;;;26 569;789,0;1306,0;-8,6 %;-2 495;-71,09 %;5,1 %;;;;;;;;;;;753;600;531,45;
28.03.23;28.03.23;ti;-0,13 %;21 213;7 103;0;798;29 114;40 278;-2 746;1 569;0;100;100;;1 769;30 883;2 495;1 820;13 488;7 442;15 033;20 930;4 315;4 920;;;;;;;;26 568;789,0;1237,0;-8,7 %;-2 533;-71,31 %;0,7 %;;;;;;;;;;;754;600;532,1;
29.03.23;29.03.23;ke;1,54 %;21 516;7 251;0;795;29 562;40 367;-2 855;1 549;0;100;100;;1 749;31 311;2 584;1 820;13 488;7 442;15 033;20 930;4 404;4 920;;Matleenalle maksoin 20€ vaalikahvi- ja korkeakouluhakukahvirahaa.;;;;;;26 907;789,0;1257,0;-7,1 %;-2 085;-68,72 %;2,0 %;;;;;;;;;;;755;600;532,75;
30.03.23;30.03.23;to;2,75 %;22 101;7 480;0;795;30 376;40 367;-2 855;1 549;0;100;100;;1 749;32 125;2 584;1 820;13 488;7 442;15 033;20 930;4 404;4 920;;;;;;;;27 721;789,0;1257,0;-4,2 %;-1 271;-64,20 %;2,0 %;;;;;;;;;;;756;600;533,4;
31.03.23;31.03.23;pe;2,36 %;22 841;7 451;0;802;31 094;40 421;-220;4 238;0;100;100;;4 438;35 532;2 638;1 820;13 488;7 442;15 033;20 930;4 458;4 920;;;;;;;;31 074;789,0;-1432,0;-1,8 %;-553;-60,40 %;-168,2 %;;;;;;;;;;;757;600;534,05;
03.04.23;03.04.23;MA;-0,20 %;22 809;7 413;0;810;31 032;40 504;148;4 689;0;100;100;;4 889;35 921;2 721;1 820;13 488;7 442;15 033;20 930;4 541;4 920;;;;;;;Osinko nordea yht.1500€ op ja nordnet;31 380;789,0;-1883,0;-2,0 %;-615;-60,72 %;-196,8 %;;;;;;;;;;;758;600;534,7;
04.04.23;04.04.23;ti;0,08 %;22 845;7 403;0;810;31 058;37 894;-281;1 650;450;100;100;;2 300;33 358;111;1 820;13 488;7 442;15 033;20 930;1 931;4 920;;;;;;;;31 427;789,0;706,0;-1,9 %;-589;-60,59 %;-4,4 %;;;;;;;;;;;759;600;535,35;
05.04.23;05.04.23;ke;-0,83 %;22 675;7 314;0;810;30 799;37 428;-969;993;450;100;100;;1 643;32 442;142;1 820;13 349;7 334;14 783;20 683;1 962;4 920;;;;;;;;30 480;789,0;1363,0;-2,8 %;-848;-61,94 %;37,2 %;;;;;;;;;;;760;600;536;
06.04.23;06.04.23;to;1,68 %;23 014;7 476;0;826;31 316;37 711;-1 285;960;450;100;100;;1 610;32 926;425;1 820;13 349;7 334;14 783;20 683;2 245;4 920;;;;;;;;30 681;789,0;1396,0;-1,1 %;-331;-59,27 %;39,2 %;;;;;;;;;;;761;600;536,65;
11.04.23;11.04.23;ti;1,84 %;23 464;7 602;0;826;31 892;37 730;-1 574;690;450;125;100;;1 365;33 257;444;1 820;13 349;7 334;14 783;20 683;2 264;4 920;;Vastike 245€;;;;;;30 993;789,0;1641,0;0,8 %;245;-56,39 %;56,3 %;;;;;;;;;;;762;600;537,3;
12.04.23;12.04.23;ke;-0,62 %;23 303;7 566;0;826;31 695;37 786;-1 660;660;450;125;100;;1 335;33 030;500;1 820;13 349;7 334;14 783;20 683;2 320;4 920;;;;;;;;30 710;789,0;1671,0;0,2 %;48;-57,36 %;58,2 %;;;;;;;;;;;763;600;537,95;
13.04.23;13.04.23;to;0,61 %;23 436;7 628;0;824;31 888;37 815;-1 689;660;100;125;100;;985;32 873;529;1 820;13 349;7 334;14 783;20 683;2 349;4 920;;;;;;;;30 524;789,0;2021,0;0,8 %;241;-56,41 %;58,2 %;;;;;;;;;;;764;600;538,6;
14.04.23;14.04.23;pe;1,40 %;23 652;7 858;0;826;32 336;37 891;-1 765;660;100;125;100;;985;33 321;605;1 820;13 349;7 334;14 783;20 683;2 425;4 920;;;;;;;;30 896;789,0;2021,0;2,1 %;689;-54,24 %;58,2 %;;;;;;;;;;;765;600;539,25;
17.04.23;17.04.23;MA;-1,33 %;23 351;7 730;0;826;31 907;37 891;-1 765;660;100;125;100;;985;32 892;605;1 820;13 349;7 334;14 783;20 683;2 425;4 920;;;;;;;;30 467;789,0;2021,0;0,8 %;260;-56,32 %;58,2 %;;;;;;;;;;;766;600;539,9;
18.04.23;18.04.23;ti;1,05 %;23 552;7 859;0;832;32 243;37 984;-1 978;540;100;125;94;;859;33 102;698;1 820;13 349;7 334;14 783;20 683;2 518;5 100;;;;;;;;30 584;789,0;2147,0;1,8 %;596;-54,69 %;65,8 %;;;;;;;;;;;767;600;540,55;
19.04.23;19.04.23;ke;0,39 %;23 655;7 883;0;832;32 370;38 074;-2 132;476;100;125;94;;795;33 165;788;1 820;13 349;7 334;14 783;20 683;2 608;5 100;;Käytiin elokuvissa Aftersun.;;;;;;30 557;789,0;2211,0;2,2 %;723;-54,08 %;69,9 %;;;;;;;;;;;768;600;541,2;
20.04.23;20.04.23;to;0,27 %;23 720;7 908;0;828;32 456;38 109;-2 167;476;100;125;94;;795;33 251;823;1 820;13 349;7 334;14 783;20 683;2 643;5 100;;;;;;;;30 608;789,0;2211,0;2,5 %;809;-53,67 %;69,9 %;;;;;;;;;;;769;600;541,85;
21.04.23;21.04.23;pe;-0,21 %;23 680;7 880;0;828;32 388;38 765;-2 823;476;100;125;94;;795;33 183;1 479;1 820;13 349;7 334;14 783;20 683;3 299;5 100;;Maksoin Aurinkomatkat 600 ennakkoa. Elisalle 10 bussilippua 27€.;;;;;;29 884;789,0;2211,0;2,3 %;741;-54,00 %;69,9 %;;;;;;;;;;;770;600;542,5;
24.04.23;24.04.23;MA;-9,47 %;23 710;4 786;0;826;29 322;38 849;-3 082;301;100;125;94;;620;29 942;1 607;1 776;13 349;7 334;14 783;20 683;3 383;5 100;;;;Myynti Nordea 300@10,472€ yht.3135€;;;;26 559;789,0;2386,0;-7,9 %;-2 325;-70,10 %;80,9 %;;;;;;;;;;;771;600;543,15;
25.04.23;25.04.23;ti;-1,18 %;23 441;4 712;0;824;28 977;38 849;-1 598;1 785;100;125;94;;2 104;31 081;1 607;1 776;13 349;7 334;14 783;20 683;3 383;5 100;;Isä ja äiti 1500€ tyttöjen kisamatkan lentolippoihin.;;;;;;27 698;789,0;902,0;-9,2 %;-2 670;-72,12 %;-13,0 %;;;;;;;;;;;772;600;543,8;
26.04.23;26.04.23;ke;0,09 %;23 469;4 714;0;821;29 004;39 002;1 354;4 890;100;125;94;;5 209;34 213;1 760;1 776;13 349;7 334;14 783;20 683;3 536;5 100;;Osakemyynnistä nordea rahat tilille.;;;;;;30 677;789,0;-2203,0;-9,1 %;-2 643;-71,96 %;-209,5 %;;;;;;;;;;;773;600;544,45;
27.04.23;27.04.23;to;-1,17 %;23 217;4 632;0;817;28 666;39 800;540;4 874;100;125;94;;5 193;33 859;2 558;1 776;13 349;7 334;14 783;20 683;4 334;5 100;;Ostin lentoliput tyttöjen tsekin matkalle.;;;;;;29 525;789,0;-2187,0;-10,4 %;-2 981;-73,99 %;-208,5 %;;;;;;;;;;;774;600;545,1;
28.04.23;28.04.23;pe;-0,34 %;23 152;4 593;0;824;28 569;39 865;212;4 611;100;125;94;;4 930;33 499;2 623;1 776;13 349;7 334;14 783;20 683;4 399;5 100;;Maksoin tyttöjen pukuvuokrat 100+100=200€;;;;;;29 100;789,0;-1924,0;-10,8 %;-3 078;-74,58 %;-191,8 %;;;;;;;;;;;775;600;545,75;
02.05.23;02.05.23;ti;-2,09 %;22 668;4 477;0;827;27 972;39 865;2 517;6 916;500;125;74;;7 615;35 587;2 623;1 776;13 349;7 334;14 783;20 683;4 399;5 100;;;;;;;;31 188;789,0;-4609,0;-13,1 %;-3 675;-78,31 %;-337,7 %;;;;;;;;;;;776;600;546,4;
03.05.23;03.05.23;ke;-0,64 %;22 538;4 429;0;827;27 794;37 279;2 450;4 263;500;125;74;;4 962;32 756;37;1 776;13 349;7 334;14 783;20 683;1 813;5 100;;;;;;;;30 943;789,0;-1956,0;-13,9 %;-3 853;-79,45 %;-169,8 %;;;;;;;;;;;777;600;547,05;
04.05.23;04.05.23;to;-0,68 %;22 394;4 385;0;827;27 606;36 679;2 961;4 174;500;125;74;;4 873;32 479;-563;1 776;13 349;7 334;14 783;20 683;1 213;5 100;;Aurinkomatkat palautti varausmaksun 600€.;;;;;;31 266;789,0;-1867,0;-14,6 %;-4 041;-80,67 %;-164,2 %;;;;;;;;;;;778;600;547,7;
05.05.23;05.05.23;pe;1,63 %;22 774;4 456;0;827;28 057;36 894;1 591;3 524;500;125;74;;4 223;32 280;157;1 776;13 208;7 224;14 529;20 432;1 933;5 100;;Maksoin Aurinkomatkat varausmaksun 600€ Rhodos.;;;;;;30 347;789,0;-1217,0;-12,8 %;-3 590;-77,77 %;-123,0 %;;;;;;;;;;;779;600;548,35;
08.05.23;08.05.23;MA;0,41 %;22 856;4 474;0;843;28 173;37 075;1 364;3 478;500;150;74;;4 202;32 375;338;1 776;13 208;7 224;14 529;20 432;2 114;5 100;;;;;;;;30 261;789,0;-1196,0;-12,3 %;-3 474;-77,03 %;-120,1 %;;;;;;;;;;;780;600;549;
09.05.23;09.05.23;ti;-1,11 %;22 656;4 360;0;843;27 859;37 099;1 340;3 478;500;150;74;;4 202;32 061;362;1 776;13 208;7 224;14 529;20 432;2 138;5 100;;Nordea 2,5% alas. Outokumpu 11% ylös.;;;;;;29 923;789,0;-1196,0;-13,6 %;-3 788;-79,03 %;-120,1 %;;;;;;;;;;;781;600;549,65;
10.05.23;10.05.23;ke;-0,74 %;22 505;4 299;0;850;27 654;37 438;726;3 203;500;150;101;;3 954;31 608;701;1 776;13 208;7 224;14 529;20 432;2 477;5 100;;Autokorikorjaamo Matleena parkkeeraus erhe 330€. If vakuutus omavastuu. ;;;;;;29 131;789,0;-948,0;-14,4 %;-3 993;-80,36 %;-102,7 %;;;;;;;;;;;782;600;550,3;
11.05.23;11.05.23;to;0,34 %;22 564;4 334;0;850;27 748;37 490;674;3 203;500;150;101;;3 954;31 702;753;1 776;13 208;7 224;14 529;20 432;2 529;5 100;;;;;;;;29 173;789,0;-948,0;-14,1 %;-3 899;-79,75 %;-102,7 %;;;;;;;;;;;783;600;550,95;
12.05.23;12.05.23;pe;0,26 %;22 631;4 336;0;854;27 821;37 616;548;3 203;150;150;101;;3 604;31 425;879;1 776;13 208;7 224;14 529;20 432;2 655;5 100;;;;;;;;28 770;789,0;-598,0;-13,8 %;-3 826;-79,27 %;-102,7 %;;;;;;;;;;;784;600;551,6;
15.05.23;15.05.23;MA;1,23 %;22 906;4 403;0;855;28 164;37 626;418;3 083;150;150;101;;3 484;31 648;889;1 776;13 208;7 224;14 529;20 432;2 665;5 220;;;;;;;;28 983;789,0;-478,0;-12,4 %;-3 483;-77,09 %;-95,1 %;;;;;;;;;;;785;600;552,25;
16.05.23;16.05.23;ti;-0,69 %;22 724;4 390;0;855;27 969;37 667;377;3 083;150;150;101;;3 484;31 453;930;1 776;13 208;7 224;14 529;20 432;2 706;5 220;;;;;;;;28 747;789,0;-478,0;-13,2 %;-3 678;-78,33 %;-95,1 %;;;;;;;;;;;786;600;552,9;
17.05.23;17.05.23;ke;-0,52 %;22 596;4 373;0;855;27 824;38 424;-423;3 040;150;150;101;;3 441;31 265;1 687;1 776;13 208;7 224;14 529;20 432;3 463;5 220;;Autohuolto 600€ 90000km.;;;;;;27 802;789,0;-435,0;-13,7 %;-3 823;-79,26 %;-92,4 %;;;;;;;;;;;787;600;553,55;
19.05.23;19.05.23;pe;-0,43 %;22 447;4 399;0;858;27 704;38 743;-742;3 040;150;150;101;;3 441;31 145;2 006;1 776;13 208;7 224;14 529;20 432;3 782;5 220;;;;;;;;27 363;789,0;-435,0;-14,2 %;-3 943;-80,03 %;-92,4 %;;;;;;;;;;;788;600;554,2;
22.05.23;22.05.23;MA;-0,20 %;22 395;4 396;0;858;27 649;38 743;-742;3 040;150;150;101;;3 441;31 090;2 006;1 776;13 208;7 224;14 529;20 432;3 782;5 220;;;;;;;;27 308;789,0;-435,0;-14,5 %;-3 998;-80,39 %;-92,4 %;;;;;;;;;;;789;600;554,85;
23.05.23;23.05.23;ti;0,41 %;22 510;4 394;0;858;27 762;38 743;-742;3 040;150;150;101;;3 441;31 203;2 006;1 776;13 208;7 224;14 529;20 432;3 782;5 220;;Lehtimaksu Hesari 234€;;;;;;27 421;789,0;-435,0;-14,0 %;-3 885;-79,66 %;-92,4 %;;;;;;;;;;;790;600;555,5;
24.05.23;24.05.23;ke;-1,61 %;22 129;4 326;0;859;27 314;38 705;-1 024;2 720;150;150;101;;3 121;30 435;2 011;1 733;13 208;7 224;14 529;20 432;3 744;5 220;;;;;;;;26 691;789,0;-115,0;-15,9 %;-4 333;-82,60 %;-72,2 %;;;;;;;;;;;791;600;556,15;
25.05.23;25.05.23;to;-0,88 %;21 916;4 300;0;859;27 075;38 778;-1 132;2 685;150;150;101;;3 086;30 161;2 084;1 733;13 208;7 224;14 529;20 432;3 817;5 220;;;;;;;;26 344;789,0;-80,0;-16,9 %;-4 572;-84,21 %;-69,9 %;;;;;;;;;;;792;600;556,8;
26.05.23;26.05.23;pe;0,46 %;22 000;4 341;0;859;27 200;38 834;-1 217;2 656;150;150;101;;3 057;30 257;2 140;1 733;13 208;7 224;14 529;20 432;3 873;5 220;;;;;;;;26 384;789,0;-51,0;-16,3 %;-4 447;-83,37 %;-68,1 %;;;;;;;;;;;793;600;557,45;
29.05.23;29.05.23;MA;-0,35 %;21 945;4 302;0;859;27 106;39 305;-1 789;2 555;150;150;101;;2 956;30 062;2 611;1 733;13 208;7 224;14 529;20 432;4 344;5 220;;Ostin puvun Turo sininen 450€. Siirsin Matleenalle 100€ yo kampaamon (Johanna Posio jos maksaisin).;;;;;;25 718;789,0;50,0;-16,8 %;-4 541;-84,00 %;-61,7 %;;;;;;;;;;;794;600;558,1;
30.05.23;30.05.23;ti;-1,06 %;21 727;4 227;0;864;26 818;39 364;-1 848;2 555;150;150;101;;2 956;29 774;2 670;1 733;13 208;7 224;14 529;20 432;4 403;5 220;;;;;;;;25 371;789,0;50,0;-18,0 %;-4 829;-85,98 %;-61,7 %;;;;;;;;;;;795;600;558,75;
31.05.23;31.05.23;ke;-0,70 %;21 572;4 194;0;864;26 630;39 483;-1 997;2 525;150;150;101;;2 926;29 556;2 789;1 733;13 208;7 224;14 529;20 432;4 522;5 220;;Siirsin Elisalle 30€. Ostin Matleenalle lenkkarit 80€.;;;;;;25 034;789,0;80,0;-18,8 %;-5 017;-87,29 %;-59,8 %;;;;;;;;;;;796;600;559,4;
01.06.23;01.06.23;to;0,38 %;21 612;4 254;0;864;26 730;39 483;708;5 230;150;150;101;;5 631;32 361;2 789;1 733;13 208;7 224;14 529;20 432;4 522;5 220;;Matleenalle ylioppilaslahja 300€. Jarille 2 lippua flow-parkkiin 56€(Johanna lupasi maksaa puolet).;;;;;;27 839;789,0;-2625,0;-18,4 %;-4 917;-86,59 %;-231,0 %;;;;;;;;;;;797;600;560,05;
02.06.23;02.06.23;pe;2,35 %;22 116;4 377;0;864;27 357;39 483;653;5 175;150;150;101;;5 576;32 933;2 789;1 733;13 208;7 224;14 529;20 432;4 522;5 220;;;;;;;;28 411;789,0;-2570,0;-15,7 %;-4 290;-82,32 %;-227,5 %;;;;;;;;;;;798;600;560,7;
05.06.23;05.06.23;MA;-0,53 %;22 015;4 333;0;864;27 212;36 638;-409;1 771;150;150;101;;2 172;29 384;447;1 733;13 068;7 115;14 275;20 183;2 180;5 220;;;;;;;;27 204;789,0;834,0;-16,3 %;-4 435;-83,29 %;-12,1 %;;;;;;;;;;;799;600;561,35;
06.06.23;06.06.23;ti;0,67 %;22 119;4 381;0;895;27 395;36 688;-775;1 455;150;150;81;;1 836;29 231;497;1 733;13 068;7 115;14 275;20 183;2 230;5 220;;Vakuutusmaksu 316€.;;;;;;27 001;789,0;1170,0;-15,5 %;-4 252;-82,06 %;7,9 %;;;;;;;;;;;800;600;562;
07.06.23;07.06.23;ke;0,64 %;22 237;4 437;0;895;27 569;36 854;-966;1 430;150;175;81;;1 836;29 405;663;1 733;13 068;7 115;14 275;20 183;2 396;5 220;;Maksoin tyttöjen hotellin prahaan 166€;;;;;;27 009;789,0;1170,0;-14,8 %;-4 078;-80,91 %;9,5 %;;;;;;;;;;;801;600;562,65;
08.06.23;08.06.23;to;0,23 %;22 285;4 452;0;895;27 632;36 892;-1 628;806;559;175;81;;1 621;29 253;701;1 733;13 068;7 115;14 275;20 183;2 434;5 220;;Maksoin Matleenan ylioppilasruoista 191 Joannalle kurkkaa vastaan.;;;;;;26 819;789,0;1385,0;-14,5 %;-4 015;-80,50 %;49,0 %;;;;;;;;;;;802;600;563,3;
09.06.23;09.06.23;pe;0,22 %;22 352;4 445;0;895;27 692;36 959;-1 746;755;559;175;81;;1 570;29 262;768;1 733;13 068;7 115;14 275;20 183;2 501;5 220;;;;;;;;26 761;789,0;1436,0;-14,3 %;-3 955;-80,11 %;52,2 %;;;;;;;;;;;803;600;563,95;
12.06.23;12.06.23;MA;0,51 %;22 474;4 462;0;897;27 833;37 109;-2 141;510;559;175;95;;1 339;29 172;918;1 733;13 068;7 115;14 275;20 183;2 651;5 220;;Ostin junalipun kiteelle 150€;;;;;;26 521;789,0;1667,0;-13,7 %;-3 814;-79,20 %;67,7 %;;;;;;;;;;;804;600;564,6;
13.06.23;13.06.23;ti;0,92 %;22 688;4 505;0;897;28 090;37 179;-2 232;489;559;175;95;;1 318;29 408;988;1 733;13 068;7 115;14 275;20 183;2 721;5 220;;;;;;;;26 687;789,0;1688,0;-12,7 %;-3 557;-77,56 %;69,1 %;;;;;;;;;;;805;600;565,25;
14.06.23;14.06.23;ke;-0,33 %;22 654;4 440;0;904;27 998;37 191;-2 248;485;559;175;95;;1 314;29 312;1 000;1 733;13 068;7 115;14 275;20 183;2 733;5 220;;;;;;;;26 579;789,0;1692,0;-13,0 %;-3 649;-78,14 %;69,3 %;;;;;;;;;;;806;600;565,9;
16.06.23;16.06.23;pe;0,99 %;22 840;4 530;0;904;28 274;37 481;-2 694;329;209;175;95;;808;29 082;1 290;1 733;13 068;7 115;14 275;20 183;3 023;5 220;;;;;;;;26 059;789,0;2198,0;-11,9 %;-3 373;-76,40 %;79,2 %;;;;;;;;;;;807;600;566,55;
19.06.23;19.06.23;MA;-1,17 %;22 560;4 480;0;904;27 944;37 481;-2 694;329;209;175;95;;808;28 752;1 290;1 733;13 068;7 115;14 275;20 183;3 023;5 220;;;;;;;;25 729;789,0;2198,0;-13,3 %;-3 703;-78,49 %;79,2 %;;;;;;;;;;;808;600;567,2;
21.06.23;21.06.23;ke;0,21 %;22 572;4 528;0;904;28 004;37 543;-2 605;480;209;175;95;;959;28 963;1 352;1 733;13 068;7 115;14 275;20 183;3 085;5 220;;;;;;;;25 878;789,0;2047,0;-13,0 %;-3 643;-78,10 %;69,6 %;;;;;;;;;;;809;600;567,85;
22.06.23;22.06.23;to;-2,57 %;22 003;4 376;0;904;27 283;37 543;-2 605;480;209;175;95;;959;28 242;1 352;1 733;13 068;7 115;14 275;20 183;3 085;5 220;;;;;;;;25 157;789,0;2047,0;-16,0 %;-4 364;-82,81 %;69,6 %;;;;;;;;;;;810;600;568,5;
26.06.23;26.06.23;MA;-0,03 %;21 976;4 395;0;904;27 275;37 706;-2 886;362;209;175;95;;841;28 116;1 558;1 690;13 068;7 115;14 275;20 183;3 248;5 340;;;;;;;;24 868;789,0;2165,0;-16,0 %;-4 372;-82,86 %;77,1 %;;;;;;;;;;;811;600;569,15;
27.06.23;27.06.23;ti;0,38 %;22 077;4 398;0;904;27 379;37 706;-2 886;362;209;175;95;;841;28 220;1 558;1 690;13 068;7 115;14 275;20 183;3 248;5 340;;;;;;;;24 972;789,0;2165,0;-15,6 %;-4 268;-82,17 %;77,1 %;;;;;;;;;;;812;600;569,8;
28.06.23;28.06.23;ke;0,23 %;22 110;4 427;0;904;27 441;37 827;-2 857;512;209;175;95;;991;28 432;1 679;1 690;13 068;7 115;14 275;20 183;3 369;5 340;;Isä ja äiti 150€ käytiin ostamassa isälle uusi kännykkä.;;;;;;25 063;789,0;2015,0;-15,3 %;-4 206;-81,76 %;67,6 %;;;;;;;;;;;813;600;570,45;
29.06.23;29.06.23;to;0,63 %;22 232;4 477;0;904;27 613;37 827;-2 857;512;209;175;95;;991;28 604;1 679;1 690;13 068;7 115;14 275;20 183;3 369;5 340;;;;;;;;25 235;789,0;2015,0;-14,6 %;-4 034;-80,63 %;67,6 %;;;;;;;;;;;814;600;571,1;
30.06.23;30.06.23;pe;1,30 %;22 500;4 568;0;904;27 972;37 827;-2 857;512;209;175;95;;991;28 963;1 679;1 690;13 068;7 115;14 275;20 183;3 369;5 340;;;;;;;;25 594;789,0;2015,0;-13,1 %;-3 675;-78,31 %;67,6 %;;;;;;;;;;;815;600;571,75;
03.07.23;03.07.23;MA;0,72 %;22 677;4 598;0;898;28 173;36 202;-268;1 476;209;175;95;;1 955;30 128;54;1 690;13 068;7 115;14 275;20 183;1 744;5 340;;Visalyhennys 1835€;;;;;;28 384;789,0;1051,0;-12,3 %;-3 474;-77,03 %;6,6 %;;;;;;;;;;;816;600;572,4;
04.07.23;04.07.23;ti;-0,71 %;22 520;4 554;0;898;27 972;35 909;-1 092;849;209;175;95;;1 328;29 300;251;1 690;12 944;7 005;14 019;19 949;1 941;5 340;;;;;;;;27 359;789,0;1678,0;-13,1 %;-3 675;-78,31 %;46,3 %;;;;;;;;;;;817;600;573,05;
05.07.23;05.07.23;ke;-0,64 %;22 362;4 532;0;898;27 792;35 909;-1 092;849;209;175;95;;1 328;29 120;251;1 690;12 944;7 005;14 019;19 949;1 941;5 340;;;;;;;;27 179;789,0;1678,0;-13,9 %;-3 855;-79,46 %;46,3 %;;;;;;;;;;;818;600;573,7;
06.07.23;06.07.23;to;-1,62 %;22 000;4 445;0;898;27 343;35 971;-1 408;595;209;175;95;;1 074;28 417;313;1 690;12 944;7 005;14 019;19 949;2 003;5 340;;Elisalle 250€ Ruotsin matkalle.;;;;;;26 414;789,0;1932,0;-15,7 %;-4 304;-82,41 %;62,3 %;;;;;;;;;;;819;840;574,35;
10.07.23;10.07.23;MA;-0,19 %;21 938;4 447;0;906;27 291;36 092;-1 852;272;209;175;93;;749;28 040;434;1 690;12 944;7 005;14 019;19 949;2 124;5 340;;;;;;;;25 916;789,0;2257,0;-16,0 %;-4 356;-82,76 %;82,8 %;;;;;;;;;;;820;840;575;
11.07.23;11.07.23;ti;-3,60 %;20 918;4 485;0;906;26 309;36 092;-752;1 372;209;200;93;;1 874;28 183;434;1 690;12 944;7 005;14 019;19 949;2 124;5 340;;;;;;Nosto Nordnetistä 1100€;;26 059;789,0;1132,0;-20,3 %;-5 338;-89,58 %;13,2 %;;;;;;;;;;;821;840;575,65;
12.07.23;12.07.23;ke;0,81 %;21 059;4 554;0;909;26 522;36 154;-1 064;1 122;459;200;93;;1 874;28 396;496;1 690;12 944;7 005;14 019;19 949;2 186;5 340;;;;;;;;26 210;789,0;1132,0;-19,3 %;-5 125;-88,06 %;29,0 %;;;;;;;;;;;822;840;576,3;
13.07.23;13.07.23;to;1,80 %;21 438;4 650;0;911;26 999;36 154;-1 064;1 122;109;200;93;;1 524;28 523;496;1 690;12 944;7 005;14 019;19 949;2 186;5 340;;;;;;;;26 337;789,0;1482,0;-17,2 %;-4 648;-84,73 %;29,0 %;;;;;;;;;;;823;840;576,95;
14.07.23;14.07.23;pe;-0,30 %;21 373;4 634;0;911;26 918;36 168;-1 108;1 092;109;200;93;;1 494;28 412;510;1 690;12 944;7 005;14 019;19 949;2 200;5 340;;;;;;;;26 212;789,0;1512,0;-17,6 %;-4 729;-85,29 %;30,9 %;;;;;;;;;;;824;840;577,6;
17.07.23;17.07.23;MA;1,01 %;21 558;4 721;0;911;27 190;36 440;-1 673;799;109;200;93;;1 201;28 391;782;1 690;12 944;7 005;14 019;19 949;2 472;5 340;;Matleena 19v. Synttärilahja 100€+ 2 lasia oiva toikko;;;;;;25 919;789,0;1805,0;-16,4 %;-4 457;-83,44 %;49,4 %;;;;;;;;;;;825;840;578,25;
18.07.23;18.07.23;ti;0,01 %;21 571;4 708;0;913;27 192;36 487;-1 720;799;109;200;93;;1 201;28 393;829;1 690;12 944;7 005;14 019;19 949;2 519;5 340;;;;;;;;25 874;789,0;1805,0;-16,4 %;-4 455;-83,42 %;49,4 %;;;;;;;;;;;826;840;578,9;
19.07.23;19.07.23;ke;-0,40 %;21 496;4 675;0;913;27 084;36 550;-1 795;787;109;200;93;;1 189;28 273;892;1 690;12 944;7 005;14 019;19 949;2 582;5 340;;;;;;;;25 691;789,0;1817,0;-16,8 %;-4 563;-84,15 %;50,2 %;;;;;;;;;;;827;840;579,55;
20.07.23;20.07.23;to;0,73 %;21 675;4 694;0;913;27 282;36 952;-2 232;752;109;200;93;;1 154;28 436;1 294;1 690;12 944;7 005;14 019;19 949;2 984;5 340;;Elisa lääkärikäynti mehiläinen 100€. Matleenan ylioppilaskuvat 300€.;;;;;;25 452;789,0;1852,0;-16,0 %;-4 365;-82,82 %;52,4 %;;;;;;;;;;;828;840;580,2;
21.07.23;21.07.23;pe;0,84 %;21 862;4 732;0;917;27 511;36 982;-2 277;737;109;200;93;;1 139;28 650;1 324;1 690;12 944;7 005;14 019;19 949;3 014;5 340;;;;;;;;25 636;789,0;1867,0;-15,0 %;-4 136;-81,29 %;53,4 %;;;;;;;;;;;829;840;580,85;
24.07.23;24.07.23;MA;0,18 %;21 905;4 739;0;917;27 561;36 939;-2 284;687;109;200;93;;1 089;28 650;1 324;1 647;12 944;7 005;14 019;19 949;2 971;5 340;;;;;;;;25 679;789,0;1917,0;-14,8 %;-4 086;-80,97 %;56,5 %;;;;;;;;;;;830;840;581,5;
25.07.23;25.07.23;ti;0,84 %;22 101;4 774;0;917;27 792;37 081;-2 426;687;109;200;93;;1 089;28 881;1 466;1 647;12 944;7 005;14 019;19 949;3 113;5 460;;;;;;;;25 768;789,0;1917,0;-13,9 %;-3 855;-79,46 %;56,5 %;;;;;;;;;;;831;840;582,15;
26.07.23;26.07.23;ke;-1,77 %;21 697;4 674;0;928;27 299;37 121;-2 466;687;109;200;93;;1 089;28 388;1 506;1 647;12 944;7 005;14 019;19 949;3 153;5 460;;;;;;;;25 235;789,0;1917,0;-15,9 %;-4 348;-82,70 %;56,5 %;;;;;;;;;;;832;840;582,8;
02.08.23;02.08.23;ke;-2,00 %;21 223;4 602;0;928;26 753;37 420;-90;3 362;109;200;93;;3 764;30 517;1 805;1 647;12 944;7 005;14 019;19 949;3 452;5 460;;;;;;;;27 065;789,0;-758,0;-18,3 %;-4 894;-86,43 %;-112,8 %;;;;;;;;;;;833;840;583,45;
03.08.23;03.08.23;to;-0,30 %;21 120;4 605;0;949;26 674;35 700;-358;1 374;459;200;73;;2 106;28 780;85;1 647;12 944;7 005;14 019;19 949;1 732;5 460;;Visalyhennys 1638€;;;;;;27 048;789,0;900,0;-18,6 %;-4 973;-86,98 %;13,0 %;;;;;;;;;;;834;840;584,1;
04.08.23;04.08.23;pe;0,79 %;21 294;4 650;0;941;26 885;35 700;-285;1 447;459;200;73;;2 179;29 064;85;1 647;12 944;7 005;14 019;19 949;1 732;5 460;;Filmus bensakuitin mukaan 102€;;;;;;27 332;789,0;827,0;-17,7 %;-4 762;-85,52 %;8,4 %;;;;;;;;;;;835;840;584,75;
07.08.23;07.08.23;MA;0,64 %;21 442;4 680;0;936;27 058;35 414;-1 162;775;459;200;73;;1 507;28 565;290;1 647;12 818;6 895;13 764;19 713;1 937;5 460;;;;;;;;26 628;789,0;1499,0;-17,0 %;-4 589;-84,33 %;50,9 %;;;;;;;;;;;836;840;585,4;
08.08.23;08.08.23;ti;-1,20 %;21 199;4 597;0;936;26 732;35 414;-1 162;775;459;200;73;;1 507;28 239;290;1 647;12 818;6 895;13 764;19 713;1 937;5 460;;;;;;;;26 302;789,0;1499,0;-18,4 %;-4 915;-86,58 %;50,9 %;;;;;;;;;;;837;840;586,05;
09.08.23;09.08.23;ke;1,49 %;21 532;4 661;0;938;27 131;35 435;-1 270;688;459;225;73;;1 445;28 576;311;1 647;12 818;6 895;13 764;19 713;1 958;5 460;;Lopetin Matleenan säännöllisen viikkorahan. Elisalle säästili Raision opssa. Elisan sijoitusrahastossa yli 4000€, sanoi pankkivirkailija.;;;;;;26 618;789,0;1561,0;-16,6 %;-4 516;-83,83 %;56,5 %;;;;;;;;;;;838;840;586,7;
10.08.23;10.08.23;to;1,21 %;21 772;4 752;0;936;27 460;35 435;-1 270;688;459;225;73;;1 445;28 905;311;1 647;12 818;6 895;13 764;19 713;1 958;5 460;;;;;;;;26 947;789,0;1561,0;-15,2 %;-4 187;-81,63 %;56,5 %;;;;;;;;;;;839;840;587,35;
11.08.23;11.08.23;pe;-1,17 %;21 509;4 693;0;936;27 138;35 520;-1 355;688;459;225;73;;1 445;28 583;396;1 647;12 818;6 895;13 764;19 713;2 043;5 460;;;;;;;;26 540;789,0;1561,0;-16,6 %;-4 509;-83,79 %;56,5 %;;;;;;;;;;;840;840;588;
14.08.23;14.08.23;MA;-0,36 %;21 416;4 687;0;936;27 039;35 520;-1 355;688;459;225;73;;1 445;28 484;396;1 647;12 818;6 895;13 764;19 713;2 043;5 460;;;;;;;;26 441;789,0;1561,0;-17,0 %;-4 608;-84,46 %;56,5 %;;;;;;;;;;;841;840;588,65;
15.08.23;15.08.23;ti;-0,95 %;21 218;4 629;0;936;26 783;35 606;-1 725;404;459;225;87;;1 175;27 958;482;1 647;12 818;6 895;13 764;19 713;2 129;5 580;;;;;;;;25 829;789,0;1831,0;-18,2 %;-4 864;-86,22 %;74,4 %;;;;;;;;;;;842;840;589,3;
16.08.23;16.08.23;ke;-0,19 %;21 180;4 616;0;936;26 732;35 634;-1 753;404;209;225;87;;925;27 657;510;1 647;12 818;6 895;13 764;19 713;2 157;5 580;;;;;;;;25 500;789,0;2081,0;-18,4 %;-4 915;-86,58 %;74,4 %;;;;;;;;;;;843;840;589,95;
17.08.23;17.08.23;to;-0,10 %;21 164;4 613;0;927;26 704;35 634;-1 753;404;209;225;87;;925;27 629;510;1 647;12 818;6 895;13 764;19 713;2 157;5 580;;;;;;;;25 472;789,0;2081,0;-18,5 %;-4 943;-86,77 %;74,4 %;;;;;;;;;;;844;840;590,6;
18.08.23;18.08.23;pe;-0,34 %;21 096;4 590;0;927;26 613;35 634;-1 753;404;209;225;87;;925;27 538;510;1 647;12 818;6 895;13 764;19 713;2 157;5 580;;;;;;;;25 381;789,0;2081,0;-18,9 %;-5 034;-87,41 %;74,4 %;;;;;;;;;;;845;840;591,25;
21.08.23;21.08.23;MA;0,63 %;21 233;4 620;0;927;26 780;35 634;-1 753;404;209;225;87;;925;27 705;510;1 647;12 818;6 895;13 764;19 713;2 157;5 580;;;;;;;;25 548;789,0;2081,0;-18,2 %;-4 867;-86,24 %;74,4 %;;;;;;;;;;;846;840;591,9;
22.08.23;22.08.23;ti;-0,39 %;21 151;4 604;0;921;26 676;35 634;-1 771;386;209;225;87;;907;27 583;510;1 647;12 818;6 895;13 764;19 713;2 157;5 580;;Marilta lainaa 3000€.;;;;;;25 426;789,0;2099,0;-18,6 %;-4 971;-86,97 %;75,6 %;;;;;;;;;;;847;840;592,55;
23.08.23;23.08.23;ke;-0,53 %;21 049;4 565;0;921;26 535;35 645;1 218;3 386;209;225;87;;3 907;30 442;521;1 647;12 818;6 895;13 764;19 713;2 168;5 580;;;;;;;;28 274;789,0;-901,0;-19,3 %;-5 112;-87,96 %;-114,3 %;;;;;;;;;;;848;840;593,2;
24.08.23;24.08.23;to;-0,91 %;20 853;4 519;0;921;26 293;35 645;1 218;3 386;209;225;87;;3 907;30 200;521;1 647;12 818;6 895;13 764;19 713;2 168;5 580;;;;;;;;28 032;789,0;-901,0;-20,4 %;-5 354;-89,69 %;-114,3 %;;;;;;;;;;;849;840;593,85;
25.08.23;25.08.23;pe;0,39 %;20 947;4 528;0;921;26 396;35 845;1 018;3 386;209;225;87;243;3 907;30 303;521;1 604;12 818;6 895;13 764;19 713;2 368;5 580;;OP GOLD KORTTI;;;;;;27 935;789,0;-901,0;-19,9 %;-5 251;-88,95 %;-114,3 %;;;;;;;;;;;850;840;594,5;
28.08.23;28.08.23;MA;1,57 %;21 265;4 614;0;932;26 811;35 845;655;3 023;209;225;87;243;3 544;30 355;521;1 604;12 818;6 895;13 764;19 713;2 368;5 580;;Maksoin jälkiveroa 548€.;;;;;;27 987;789,0;-538,0;-18,0 %;-4 836;-86,03 %;-91,3 %;;;;;;;;;;;851;840;595,15;
29.08.23;29.08.23;ti;0,97 %;21 489;4 649;0;932;27 070;35 976;524;3 023;209;225;87;318;3 544;30 614;577;1 604;12 818;6 895;13 764;19 713;2 499;5 580;;Lopetin visa credit kortin;;;;;;28 115;789,0;-538,0;-16,9 %;-4 577;-84,25 %;-91,3 %;;;;;;;;;;;852;840;595,8;
30.08.23;30.08.23;ke;0,47 %;21 587;4 667;0;943;27 197;36 004;496;3 023;209;225;87;346;3 544;30 741;577;1 604;12 818;6 895;13 764;19 713;2 527;5 580;;Elisa synttärilahja kampaaja 130 + 50€;;;;;;28 214;789,0;-538,0;-16,4 %;-4 450;-83,39 %;-91,3 %;;;;;;;;;;;853;840;596,45;
31.08.23;31.08.23;to;0,16 %;21 630;4 667;0;943;27 240;36 004;496;3 023;209;225;87;346;3 544;30 784;577;1 604;12 818;6 895;13 764;19 713;2 527;5 580;;;Osto Investor ab 55@210,10€.;Myynti Huhtamäki 30@31,36€.;;;;28 257;789,0;-538,0;-16,2 %;-4 407;-83,10 %;-91,3 %;;;;;;;;;;;854;840;597,1;
01.09.23;01.09.23;pe;-0,87 %;21 443;4 618;0;943;27 004;36 004;3 186;5 713;209;225;87;346;6 234;33 238;577;1 604;12 818;6 895;13 764;19 713;2 527;5 580;;;;;;;;30 711;789,0;-3228,0;-17,2 %;-4 643;-84,70 %;-261,6 %;;;;;;;;;;;855;840;597,75;
04.09.23;04.09.23;MA;-0,16 %;21 388;4 630;0;943;26 961;35 534;3 079;5 136;209;225;87;453;5 657;32 618;0;1 604;12 818;6 895;13 764;19 713;2 057;5 580;;;;;;;;30 561;789,0;-2651,0;-17,4 %;-4 686;-84,99 %;-225,1 %;;;;;;;;;;;856;840;598,4;
05.09.23;05.09.23;ti;0,62 %;21 512;4 672;0;945;27 129;34 883;2 017;3 916;459;225;67;295;4 667;31 796;0;1 604;12 692;6 785;13 507;19 477;1 899;5 580;;;;;;;;-3 087;789,0;-1661,0;-16,7 %;-4 518;-83,85 %;-147,8 %;;;;;;;;;;;857;840;599,05;
07.09.23;07.09.23;to;-0,97 %;21 311;4 609;0;945;26 865;35 128;1 676;3 820;459;250;67;540;4 596;31 461;0;1 604;12 692;6 785;13 507;19 477;2 144;5 580;;;;;;;;-3 667;789,0;-1590,0;-17,8 %;-4 782;-85,65 %;-141,8 %;;;;;;;;;;;858;840;599,7;
08.09.23;08.09.23;pe;0,21 %;21 353;4 609;0;960;26 922;35 162;1 627;3 805;459;250;83;574;4 597;31 519;0;1 604;12 692;6 785;13 507;19 477;2 178;5 580;;;;;;;;-3 643;789,0;-1591,0;-17,6 %;-4 725;-85,26 %;-140,8 %;;;;;;;;;;;859;840;600,35;
11.09.23;11.09.23;MA;0,25 %;21 412;4 618;0;960;26 990;35 162;1 627;3 805;459;250;83;574;4 597;31 587;0;1 604;12 692;6 785;13 507;19 477;2 178;5 580;;;;;;;;-3 575;789,0;-1591,0;-17,3 %;-4 657;-84,79 %;-140,8 %;;;;;;;;;;;860;840;601;
12.09.23;12.09.23;ti;-0,34 %;21 334;4 603;0;962;26 899;35 196;1 362;3 574;459;250;83;608;4 366;31 265;0;1 604;12 692;6 785;13 507;19 477;2 212;5 580;;;;;;;;-3 931;789,0;-1360,0;-17,7 %;-4 748;-85,42 %;-126,2 %;;;;;;;;;;;861;840;601,65;
13.09.23;13.09.23;ke;-0,12 %;21 316;4 588;0;962;26 866;35 225;1 333;3 574;459;250;83;637;4 366;31 232;0;1 604;12 692;6 785;13 507;19 477;2 241;5 580;;;;;;;;-3 993;789,0;-1360,0;-17,8 %;-4 781;-85,65 %;-126,2 %;;;;;;;;;;;862;840;602,3;
14.09.23;14.09.23;to;1,57 %;21 677;4 650;0;962;27 289;35 301;1 266;3 583;459;250;83;713;4 375;31 664;0;1 604;12 692;6 785;13 507;19 477;2 317;5 580;;Ostin elisalle kausikorttin 55€.;;;;;;-3 637;789,0;-1369,0;-16,0 %;-4 358;-82,77 %;-126,8 %;;;;;;;;;;;863;840;602,95;
15.09.23;15.09.23;pe;0,78 %;21 823;4 710;0;969;27 502;35 429;962;3 407;459;250;83;841;4 199;31 701;0;1 604;12 692;6 785;13 507;19 477;2 445;5 580;;;;;;;;-3 728;789,0;-1193,0;-15,1 %;-4 145;-81,35 %;-115,6 %;;;;;;;;;;;864;840;603,6;
18.09.23;18.09.23;MA;-1,67 %;21 451;4 623;0;969;27 043;35 472;919;3 407;59;250;83;884;3 799;30 842;0;1 604;12 692;6 785;13 507;19 477;2 488;5 700;;;;;;;;-4 630;789,0;-793,0;-17,0 %;-4 604;-84,43 %;-115,6 %;;;;;;;;;;;865;840;604,25;
20.09.23;21.09.23;ke;1,64 %;21 778;4 739;0;969;27 486;35 475;905;3 396;59;250;83;887;3 788;31 274;0;1 604;12 692;6 785;13 507;19 477;2 491;5 700;;;;;;;;-4 201;789,0;-782,0;-15,1 %;-4 161;-81,46 %;-114,9 %;;;;;;;;;;;866;840;604,9;
21.09.23;22.09.23;to;-1,06 %;21 524;4 714;0;958;27 196;35 475;804;3 295;59;250;83;887;3 687;30 883;0;1 604;12 692;6 785;13 507;19 477;2 491;5 700;;;;;;;;-4 592;789,0;-681,0;-16,4 %;-4 451;-83,39 %;-108,5 %;;;;;;;;;;;867;840;605,55;
22.09.23;23.09.23;pe;0,28 %;21 600;4 714;0;958;27 272;35 475;804;3 295;59;250;83;887;3 687;30 959;0;1 604;12 692;6 785;13 507;19 477;2 491;5 700;;Elisalle synttärirahaa 150€ 17v.;;;;;;-4 516;789,0;-681,0;-16,0 %;-4 375;-82,88 %;-108,5 %;;;;;;;;;;;868;840;606,2;
25.09.23;25.09.23;MA;-0,91 %;21 361;4 714;0;948;27 023;38 380;-2 314;3 082;59;250;83;3 835;3 474;30 497;0;1 561;12 692;6 785;13 507;19 477;5 396;5 700;;Maksoin Aurinkomatkat 2904€ loppumaksu Las Palmas/Playa del Ingles lomasta.;;;;;;-7 883;789,0;-468,0;-17,1 %;-4 624;-84,57 %;-95,1 %;;;;;;;;;;;869;840;606,85;
26.09.23;26.09.23;ti;-0,41 %;21 261;4 703;0;948;26 912;38 426;-2 360;3 082;59;250;83;3 881;3 474;30 386;0;1 561;12 692;6 785;13 507;19 477;5 442;5 700;;;;;;;;-8 040;789,0;-468,0;-17,6 %;-4 735;-85,33 %;-95,1 %;;;;;;;;;;;870;840;607,5;
27.09.23;27.09.23;ke;-0,29 %;21 199;4 695;0;940;26 834;38 433;-2 367;3 082;59;250;83;3 888;3 474;30 308;0;1 561;12 692;6 785;13 507;19 477;5 449;5 700;;;;;;;;-8 125;789,0;-468,0;-17,9 %;-4 813;-85,87 %;-95,1 %;;;;;;;;;;;871;840;608,15;
28.09.23;28.09.23;to;0,98 %;21 413;4 743;0;942;27 098;38 459;-2 393;3 082;59;250;83;3 914;3 474;30 572;0;1 561;12 692;6 785;13 507;19 477;5 475;5 700;;;;;;;;-7 887;789,0;-468,0;-16,8 %;-4 549;-84,06 %;-95,1 %;;;;;;;;;;;872;840;608,8;
29.09.23;29.09.23;pe;-0,18 %;21 349;4 758;0;942;27 049;38 472;-2 471;3 017;59;250;83;3 927;3 409;30 458;0;1 561;12 692;6 785;13 507;19 477;5 488;5 700;;;;;;;;-8 014;789,0;-403,0;-17,0 %;-4 598;-84,39 %;-90,9 %;;;;;;;;;;;873;840;609,45;
02.10.23;02.10.23;MA;0,60 %;21 500;4 768;0;942;27 210;38 472;421;5 909;59;250;83;3 927;6 301;33 511;0;1 561;12 692;6 785;13 507;19 477;5 488;5 700;;Filmus 187€ palkkio (300€verottomana);;;;;;-4 961;789,0;-3295,0;-16,3 %;-4 437;-83,30 %;-274,0 %;;;;;;;;;;;874;840;610,1;
03.10.23;03.10.23;ti;-3,41 %;20 700;4 640;0;942;26 282;38 534;359;5 909;59;250;83;3 989;6 301;32 583;0;1 561;12 692;6 785;13 507;19 477;5 550;5 700;;myin invest, ostin nordea ost-tilillä;;;;;;-5 951;789,0;-3295,0;-20,4 %;-5 365;-89,77 %;-274,0 %;;;;;;;;;;;875;840;610,75;
04.10.23;04.10.23;ke;-0,05 %;20 673;4 641;0;955;26 269;37 648;-41;4 623;459;250;63;3 103;5 395;31 664;0;1 561;12 692;6 785;13 507;19 477;4 664;5 700;;Ostin elisalle talvitakin 77€. Visa gold 886,65€lyhennys;;;;;;-5 984;789,0;-2389,0;-20,5 %;-5 378;-89,87 %;-192,6 %;;;;;;;;;;;876;840;611,4;
05.10.23;05.10.23;to;0,39 %;20 766;4 651;0;955;26 372;37 274;-793;3 996;459;250;63;3 228;4 768;31 140;0;1 561;12 564;6 674;13 247;19 238;4 789;5 700;;Autolainassa korko nyt 60€/kk;;;;;;-6 134;789,0;-1762,0;-20,0 %;-5 275;-89,12 %;-152,9 %;;;;;;;;;;;877;840;612,05;
06.10.23;06.10.23;pe;1,57 %;21 099;4 732;0;955;26 786;37 354;-889;3 980;459;250;63;3 308;4 752;31 538;0;1 561;12 564;6 674;13 247;19 238;4 869;5 700;;Ostin filmus lle kamera sliderin;;;;;;-5 816;789,0;-1746,0;-18,1 %;-4 861;-86,20 %;-151,9 %;;;;;;;;;;;878;840;612,7;
09.10.23;09.10.23;MA;-0,17 %;21 084;4 702;0;955;26 741;37 354;-889;3 980;459;275;63;3 308;4 777;31 518;0;1 561;12 564;6 674;13 247;19 238;4 869;5 700;;;;;;;;-5 836;789,0;-1771,0;-18,3 %;-4 906;-86,52 %;-151,9 %;;;;;;;;;;;879;840;613,35;
10.10.23;10.10.23;ti;3,12 %;21 787;4 827;0;961;27 575;37 354;-889;3 980;459;275;85;3 308;4 799;32 374;0;1 561;12 564;6 674;13 247;19 238;4 869;5 700;;;;;;;;-4 980;789,0;-1793,0;-14,8 %;-4 072;-80,87 %;-151,9 %;;;;;;;;;;;880;840;614;
11.10.23;11.10.23;ke;0,79 %;21 945;4 880;0;967;27 792;37 400;-1 224;3 691;459;275;85;3 354;4 510;32 302;0;1 561;12 564;6 674;13 247;19 238;4 915;5 700;;;;;;;;-5 098;789,0;-1504,0;-13,9 %;-3 855;-79,46 %;-133,6 %;;;;;;;;;;;881;840;614,65;
12.10.23;12.10.23;to;0,09 %;21 969;4 881;0;967;27 817;37 443;-1 267;3 691;459;275;85;3 397;4 510;32 327;0;1 561;12 564;6 674;13 247;19 238;4 958;5 700;;;;;;;;-5 116;789,0;-1504,0;-13,8 %;-3 830;-79,30 %;-133,6 %;;;;;;;;;;;882;840;615,3;
13.10.23;13.10.23;pe;-0,61 %;21 851;4 828;0;967;27 646;37 950;-1 410;4 055;459;275;85;3 904;4 874;32 520;0;1 561;12 564;6 674;13 247;19 238;5 465;5 700;;Filmus maksoi sliderin 379€;;;;;;-5 430;789,0;-1868,0;-14,5 %;-4 001;-80,41 %;-156,6 %;;;;;;;;;;;883;840;615,95;
15.10.23;15.10.23;Sunnuntai;0,01 %;21 851;4 828;0;971;27 650;34 046;-1 411;150;459;275;85;0;969;28 619;0;1 561;12 564;6 674;13 247;19 238;1 561;5 700;;;;;;;;-5 427;789,0;2037,0;-14,5 %;-3 997;-80,38 %;90,5 %;;;;;;;;;;;884;840;616,6;
16.10.23;16.10.23;MA;0,10 %;21 877;4 830;0;971;27 678;34 046;-1 534;27;459;275;85;0;846;28 524;0;1 561;12 564;6 674;13 247;19 238;1 561;5 700;;;;;;;;-5 522;789,0;2160,0;-14,3 %;-3 969;-80,20 %;98,3 %;;;;;;;;;;;885;840;617,25;
17.10.23;17.10.23;ti;-0,65 %;21 714;4 813;0;971;27 498;34 134;-1 633;16;459;275;85;88;835;28 333;0;1 561;12 564;6 674;13 247;19 238;1 649;5 700;;;;;;;;-5 801;789,0;2171,0;-15,1 %;-4 149;-81,38 %;99,0 %;;;;;;;;;;;886;840;617,9;
18.10.23;18.10.23;ke;-0,62 %;21 524;4 837;0;967;27 328;34 247;-1 546;216;59;275;85;201;635;27 963;0;1 561;12 564;6 674;13 247;19 238;1 762;5 700;;;;;;Nosto Nordnetistä 200€;;-6 284;789,0;2371,0;-15,8 %;-4 319;-82,51 %;86,3 %;;;;;;;;;;;887;840;618,55;
19.10.23;19.10.23;to;-1,30 %;21 245;4 760;0;967;26 972;34 410;-1 709;216;59;275;85;364;635;27 607;0;1 561;12 564;6 674;13 247;19 238;1 925;5 700;;;;;;;;-6 803;789,0;2371,0;-17,3 %;-4 675;-84,92 %;86,3 %;;;;;;;;;;;888;840;619,2;
20.10.23;20.10.23;pe;-1,38 %;20 950;4 700;0;951;26 601;34 577;-1 901;191;59;275;85;531;610;27 211;0;1 561;12 564;6 674;13 247;19 238;2 092;5 820;;;;;;;;-7 366;789,0;2396,0;-19,0 %;-5 046;-87,50 %;87,9 %;;;;;;;;;;;889;840;619,85;
23.10.23;23.10.23;MA;-0,95 %;20 747;4 657;0;943;26 347;34 592;-1 929;178;59;275;85;546;597;26 944;0;1 561;12 564;6 674;13 247;19 238;2 107;5 820;;;;;;;;-7 648;789,0;2409,0;-20,1 %;-5 300;-89,30 %;88,7 %;;;;;;;;;;;890;840;620,5;
24.10.23;24.10.23;ti;-0,74 %;20 636;4 572;0;943;26 151;34 592;-1 929;178;59;275;85;546;597;26 748;0;1 561;12 564;6 674;13 247;19 238;2 107;5 820;;;;;;;;-7 844;789,0;2409,0;-21,0 %;-5 496;-90,72 %;88,7 %;;;;;;;;;;;891;840;621,15;
25.10.23;25.10.23;ke;-0,07 %;20 625;4 566;0;943;26 134;34 592;-1 929;178;59;275;85;546;597;26 731;0;1 561;12 564;6 674;13 247;19 238;2 107;5 820;;;;;;;;-7 861;789,0;2409,0;-21,1 %;-5 513;-90,85 %;88,7 %;;;;;;;;;;;892;840;621,8;
27.10.23;27.10.23;pe;-0,06 %;20 626;4 549;0;943;26 118;34 724;-2 161;78;59;275;85;722;497;26 615;0;1 517;12 564;6 674;13 247;19 238;2 239;5 820;;;;;;;;-8 109;789,0;2509,0;-21,2 %;-5 529;-90,96 %;95,1 %;;;;;;;;;;;893;840;622,45;
30.10.23;30.10.23;MA;-0,46 %;20 525;4 530;0;943;25 998;34 864;-2 301;78;59;275;85;862;497;26 495;0;1 517;12 564;6 674;13 247;19 238;2 379;5 820;;;;;;;;-8 369;789,0;2509,0;-21,7 %;-5 649;-91,85 %;95,1 %;;;;;;;;;;;894;840;623,1;
31.10.23;31.10.23;ti;2,14 %;21 037;4 574;0;943;26 554;34 864;-2 301;78;59;275;85;862;497;27 051;0;1 517;12 564;6 674;13 247;19 238;2 379;5 820;;;;;;;;-7 813;789,0;2509,0;-19,2 %;-5 093;-87,83 %;95,1 %;;;;;;;;;;;895;840;623,75;
06.11.23;06.11.23;MA;0,76 %;21 157;4 611;0;987;26 755;34 435;-1 055;1 392;59;275;65;930;1 791;28 546;0;1 517;12 437;6 563;12 988;19 000;2 447;5 820;;;;;;;;-5 889;789,0;1215,0;-18,3 %;-4 892;-86,42 %;11,9 %;;;;;;;;;;;896;840;624,4;
08.11.23;08.11.23;ke;-0,53 %;21 027;4 597;0;989;26 613;34 487;-1 107;1 392;59;300;65;982;1 816;28 429;0;1 517;12 437;6 563;12 988;19 000;2 499;5 820;;;;;;;;-6 058;789,0;1190,0;-18,9 %;-5 034;-87,41 %;11,9 %;;;;;;;;;;;897;840;625,05;
09.11.23;09.11.23;to;1,08 %;21 283;4 629;0;989;26 901;34 487;-1 107;1 392;59;300;65;982;1 816;28 717;0;1 517;12 437;6 563;12 988;19 000;2 499;5 820;;;;;;;;-5 770;789,0;1190,0;-17,6 %;-4 746;-85,41 %;11,9 %;;;;;;;;;;;898;840;625,7;
10.11.23;10.11.23;pe;-0,64 %;21 139;4 600;0;989;26 728;34 487;-1 107;1 392;59;300;65;982;1 816;28 544;0;1 517;12 437;6 563;12 988;19 000;2 499;5 820;;;;;;;;-5 943;789,0;1190,0;-18,4 %;-4 919;-86,61 %;11,9 %;;;;;;;;;;;899;840;626,35;
13.11.23;13.11.23;MA;0,70 %;21 277;4 647;0;990;26 914;34 130;-1 546;596;59;300;69;625;1 024;27 938;0;1 517;12 437;6 563;12 988;19 000;2 142;5 820;;;;;;;;-6 192;789,0;1982,0;-17,6 %;-4 733;-85,32 %;62,3 %;;;;;;;;;;;900;840;627;
14.11.23;14.11.23;ti;1,25 %;21 562;4 698;0;990;27 250;34 130;-1 546;596;59;300;69;625;1 024;28 274;0;1 517;12 437;6 563;12 988;19 000;2 142;5 820;;;;;;;;-5 856;789,0;1982,0;-16,1 %;-4 397;-83,03 %;62,3 %;;;;;;;;;;;901;840;627,65;
15.11.23;15.11.23;ke;0,77 %;21 722;4 741;0;997;27 460;34 611;-2 147;476;86;300;69;1 106;931;28 391;0;1 517;12 437;6 563;12 988;19 000;2 623;5 940;;;;;;;;-6 220;789,0;2075,0;-15,2 %;-4 187;-81,63 %;69,9 %;;;;;;;;;;;902;840;628,3;
16.11.23;16.11.23;to;0,01 %;21 722;4 745;0;997;27 464;34 611;-2 147;476;86;300;69;1 106;931;28 395;0;1 517;12 437;6 563;12 988;19 000;2 623;5 940;;;;;;;;-6 216;789,0;2075,0;-15,2 %;-4 183;-81,61 %;69,9 %;;;;;;;;;;;903;840;628,95;
17.11.23;17.11.23;pe;1,04 %;21 958;4 795;0;997;27 750;34 668;-2 204;476;86;300;69;1 163;931;28 681;0;1 517;12 437;6 563;12 988;19 000;2 680;5 940;;;;;;;;-5 987;789,0;2075,0;-14,0 %;-3 897;-79,73 %;69,9 %;;;;;;;;;;;904;840;629,6;
20.11.23;20.11.23;MA;0,00 %;21 958;4 795;0;997;27 750;34 683;-2 219;476;86;300;69;1 178;931;28 681;0;1 517;12 437;6 563;12 988;19 000;2 695;5 940;;;;;;;;-6 002;789,0;2075,0;-14,0 %;-3 897;-79,73 %;69,9 %;;;;;;;;;;;905;840;630,25;
21.11.23;21.11.23;ti;-1,13 %;21 704;4 733;0;1 000;27 437;34 683;-2 260;435;86;300;69;1 178;890;28 327;0;1 517;12 437;6 563;12 988;19 000;2 695;5 940;;;;;;;;-6 356;789,0;2116,0;-15,3 %;-4 210;-81,78 %;72,5 %;;;;;;;;;;;906;840;630,9;
22.11.23;22.11.23;ke;-0,52 %;21 588;4 706;0;1 000;27 294;34 725;-2 302;435;86;300;69;1 220;890;28 184;0;1 517;12 437;6 563;12 988;19 000;2 737;5 940;;;;;;;;-6 541;789,0;2116,0;-15,9 %;-4 353;-82,74 %;72,5 %;;;;;;;;;;;907;840;631,55;
23.11.23;23.11.23;to;0,95 %;21 801;4 746;0;1 005;27 552;34 768;-2 345;435;86;300;69;1 263;890;28 442;0;1 517;12 437;6 563;12 988;19 000;2 780;5 940;;;;;;;;-6 326;789,0;2116,0;-14,9 %;-4 095;-81,02 %;72,5 %;;;;;;;;;;;908;840;632,2;
24.11.23;24.11.23;pe;0,64 %;21 946;4 777;0;1 005;27 728;35 144;-2 785;371;86;300;69;1 682;826;28 554;0;1 474;12 437;6 563;12 988;19 000;3 156;5 940;;;;;;;;-6 590;789,0;2180,0;-14,1 %;-3 919;-79,88 %;76,5 %;;;;;;;;;;;909;840;632,85;
27.11.23;27.11.23;MA;-0,89 %;21 767;4 710;0;1 005;27 482;35 144;-2 821;335;86;300;69;1 682;790;28 272;0;1 474;12 437;6 563;12 988;19 000;3 156;5 940;;;;;;;;-6 872;789,0;2216,0;-15,2 %;-4 165;-81,49 %;78,8 %;;;;;;;;;;;910;840;633,5;
28.11.23;28.11.23;ti;0,30 %;21 849;4 710;0;1 005;27 564;35 162;-2 839;335;86;300;69;1 700;790;28 354;0;1 474;12 437;6 563;12 988;19 000;3 174;5 940;;;;;;;;-6 808;789,0;2216,0;-14,8 %;-4 083;-80,95 %;78,8 %;;;;;;;;;;;911;840;634,15;
29.11.23;29.11.23;ke;-0,15 %;21 813;4 704;0;1 005;27 522;35 207;-2 884;335;86;300;69;1 745;790;28 312;0;1 474;12 437;6 563;12 988;19 000;3 219;5 940;;;;;;;;-6 895;789,0;2216,0;-15,0 %;-4 125;-81,22 %;78,8 %;;;;;;;;;;;912;840;634,8;
30.11.23;30.11.23;to;0,72 %;22 000;4 716;0;1 005;27 721;35 207;-2 884;335;86;300;69;1 745;790;28 511;0;1 474;12 437;6 563;12 988;19 000;3 219;5 940;;;;;;;;-6 696;789,0;2216,0;-14,2 %;-3 926;-79,92 %;78,8 %;;;;;;;;;;;913;840;635,45;
01.12.23;01.12.23;pe;1,40 %;22 292;4 809;0;1 009;28 110;35 289;819;4 120;86;300;69;1 827;4 575;32 685;0;1 474;12 437;6 563;12 988;19 000;3 301;5 940;;Metsäyhtymä siirsi osakkaille 1100€;;;;;;-2 604;789,0;-1569,0;-12,6 %;-3 537;-77,43 %;-160,8 %;;;;;;;;;;;914;840;636,1;
02.12.23;02.12.23;La;0,00 %;22 292;4 809;0;1 009;28 110;34 026;819;2 857;86;300;69;564;3 312;31 422;0;1 474;12 437;6 563;12 988;19 000;2 038;5 940;;Visalyhennys 1263€;;;;;;-2 604;789,0;-306,0;-12,6 %;-3 537;-77,43 %;-80,8 %;;;;;;;;;;;915;840;636,75;
04.12.23;04.12.23;MA;-0,07 %;22 285;4 789;0;1 017;28 091;34 137;693;2 842;86;300;49;675;3 277;31 368;0;1 474;12 437;6 563;12 988;19 000;2 149;5 940;;;;;;;;-2 769;789,0;-271,0;-12,7 %;-3 556;-77,55 %;-79,9 %;;;;;;;;;;;916;840;637,4;
05.12.23;05.12.23;ti;0,57 %;22 444;4 789;0;1 017;28 250;33 633;63;2 212;86;300;49;675;2 647;30 897;0;1 474;12 308;6 450;12 726;18 758;2 149;5 940;;;;;;;;-2 736;789,0;359,0;-12,0 %;-3 397;-76,55 %;-40,0 %;;;;;;;;;;;917;840;638,05;
06.12.23;06.12.23;ke;0,01 %;22 416;4 820;0;1 017;28 253;33 815;-569;1 762;536;300;49;857;2 647;30 900;0;1 474;12 308;6 450;12 726;18 758;2 331;5 940;;Ostin elisalle toppahousut 90€;;;;;;-2 915;789,0;359,0;-12,0 %;-3 394;-76,53 %;-11,5 %;;;;;;;;;;;918;840;638,7;
07.12.23;07.12.23;to;1,30 %;22 701;4 884;0;1 036;28 621;33 815;-594;1 737;536;325;49;857;2 647;31 268;0;1 474;12 308;6 450;12 726;18 758;2 331;5 940;;;;;;;;-2 547;789,0;359,0;-10,6 %;-3 026;-74,26 %;-9,9 %;;;;;;;;;;;919;840;639,35;
08.12.23;08.12.23;pe;0,73 %;22 867;4 927;0;1 036;28 830;33 898;-702;1 712;536;325;49;940;2 622;31 452;0;1 474;12 308;6 450;12 726;18 758;2 414;5 940;;;;;;;;-2 446;789,0;384,0;-9,8 %;-2 817;-73,00 %;-8,4 %;;;;;;;;;;;920;840;640;
11.12.23;11.12.23;MA;0,00 %;22 867;4 927;0;1 036;28 830;33 912;-976;1 452;536;325;49;954;2 362;31 192;0;1 474;12 308;6 450;12 726;18 758;2 428;5 940;;;;;;;;-2 720;789,0;644,0;-9,8 %;-2 817;-73,00 %;8,1 %;;;;;;;;;;;921;840;640,65;
12.12.23;12.12.23;ti;-0,37 %;22 729;4 958;0;1 036;28 723;33 914;-1 220;1 210;736;325;49;956;2 320;31 043;0;1 474;12 308;6 450;12 726;18 758;2 430;5 940;;Ostin videoeditointi ohjelma lisenssin DaVinci 300€;;;;;;-2 871;789,0;686,0;-10,2 %;-2 924;-73,64 %;23,4 %;;;;;;;;;;;922;840;641,3;
14.12.23;14.12.23;to;1,36 %;23 035;5 030;0;1 048;29 113;33 970;-1 276;1 210;736;325;49;1 012;2 320;31 433;0;1 474;12 308;6 450;12 726;18 758;2 486;5 940;;;;;;;;-2 537;789,0;686,0;-8,7 %;-2 534;-71,32 %;23,4 %;;;;;;;;;;;923;840;641,95;
15.12.23;15.12.23;pe;0,95 %;23 239;5 104;0;1 048;29 391;34 005;-1 266;1 255;136;325;58;1 047;1 774;31 165;0;1 474;12 308;6 450;12 726;18 758;2 521;6 060;;Filmus maksoi 165€ Tampereen hotellista;;;;;;-2 840;789,0;1232,0;-7,7 %;-2 256;-69,70 %;20,6 %;;;;;;;;;;;924;840;642,6;
18.12.23;18.12.23;MA;0,28 %;23 294;5 124;0;1 054;29 472;34 029;-1 290;1 255;136;325;58;1 071;1 774;31 246;0;1 474;12 308;6 450;12 726;18 758;2 545;6 060;;;;;;;;-2 783;789,0;1232,0;-7,4 %;-2 175;-69,23 %;20,6 %;;;;;;;;;;;925;840;643,25;
19.12.23;19.12.23;ti;-0,05 %;23 294;5 108;0;1 054;29 456;34 029;-1 290;1 255;136;325;58;1 071;1 774;31 230;0;1 474;12 308;6 450;12 726;18 758;2 545;6 060;;;;;;;;-2 799;789,0;1232,0;-7,4 %;-2 191;-69,32 %;20,6 %;;;;;;;;;;;926;840;643,9;
20.12.23;20.12.23;ke;-0,58 %;23 169;5 062;0;1 055;29 286;34 450;-1 711;1 255;136;325;58;1 492;1 774;31 060;0;1 474;12 308;6 450;12 726;18 758;2 966;6 060;;Autohuolto 211€;;;;;;-3 390;789,0;1232,0;-8,1 %;-2 361;-70,31 %;20,6 %;;;;;;;;;;;927;840;644,55;
22.12.23;22.12.23;pe;0,44 %;23 250;5 109;0;1 056;29 415;34 956;-2 439;1 033;136;325;58;1 998;1 552;30 967;0;1 474;12 308;6 450;12 726;18 758;3 472;6 060;;;;;;;;-3 989;789,0;1454,0;-7,6 %;-2 232;-69,56 %;34,6 %;;;;;;;;;;;928;840;645,2;
27.12.23;27.12.23;ke;1,08 %;23 511;5 166;0;1 056;29 733;34 922;-2 559;879;136;325;58;2 057;1 398;31 131;0;1 381;12 308;6 450;12 726;18 758;3 438;6 060;;Ostin sähköpiano Yamaha joululahjaksi 230€;;;;;;-3 791;789,0;1608,0;-6,4 %;-1 914;-67,75 %;44,4 %;;;;;;;;;;;929;840;645,85;
28.12.23;28.12.23;to;-0,48 %;23 391;5 142;0;1 056;29 589;34 940;-2 577;879;136;325;58;2 075;1 398;30 987;0;1 381;12 308;6 450;12 726;18 758;3 456;6 060;;;;;;;;-3 953;789,0;1608,0;-7,0 %;-2 058;-68,56 %;44,4 %;;;;;;;;;;;930;840;646,5;
29.12.23;29.12.23;pe;-0,33 %;23 303;5 130;0;1 059;29 492;34 940;-2 577;879;136;325;58;2 075;1 398;30 890;0;1 381;12 308;6 450;12 726;18 758;3 456;6 060;;;;;;;;-4 050;789,0;1608,0;-7,3 %;-2 155;-69,12 %;44,4 %;;;;;;;;;;;931;840;647,15;
02.01.24;02.01.24;ti;1,16 %;23 573;5 203;0;1 059;29 835;35 057;100;3 673;136;325;58;2 192;4 192;34 027;0;1 381;12 308;6 450;12 726;18 758;3 573;6 060;;;;;;;;-1 030;789,0;-1186,0;-6,1 %;-1 812;-67,17 %;-132,5 %;;;;;;;;;;;932;840;647,8;2024
03.01.24;03.01.24;ke;-1,21 %;23 285;5 130;0;1 059;29 474;35 183;-26;3 673;136;325;58;2 318;4 192;33 666;0;1 381;12 308;6 450;12 726;18 758;3 699;6 060;;;Osto iShares Core S&P500 ucits eft acc 3@453,87€;Myynti Fortum 175@13,09;;;;-1 517;789,0;-1186,0;-7,4 %;-2 173;-69,22 %;-132,5 %;;;;;;;;;;;933;840;648,45;
04.01.24;04.01.24;to;2,46 %;23 831;5 295;0;1 074;30 200;33 282;-114;1 684;136;325;58;417;2 203;32 403;0;1 381;12 308;6 450;12 726;18 758;1 798;6 060;;Ostin elisalle bussiliput 27e.   Visalasku 1989€;;;;;;-879;789,0;803,0;-4,8 %;-1 447;-65,15 %;-6,6 %;;;;;;;;;;;934;840;649,1;
05.01.24;05.01.24;pe;1,03 %;24 072;5 365;0;1 074;30 511;32 772;-791;1 032;136;325;58;442;1 551;32 062;0;1 381;12 183;6 342;12 424;18 525;1 823;6 060;;;;;;;;-710;789,0;1455,0;-3,7 %;-1 136;-63,47 %;34,7 %;;;;;;;;;;;935;840;649,75;
08.01.24;08.01.24;MA;-1,40 %;23 754;5 258;0;1 072;30 084;32 772;-871;952;136;352;58;442;1 498;31 582;0;1 381;12 183;6 342;12 424;18 525;1 823;6 060;;;;;;;;-1 190;789,0;1508,0;-5,2 %;-1 563;-65,79 %;39,7 %;;;;;;;;;;;936;840;650,4;
09.01.24;09.01.24;ti;-0,21 %;23 698;5 247;0;1 076;30 021;32 784;-883;952;136;352;58;454;1 498;31 519;0;1 381;12 183;6 342;12 424;18 525;1 835;6 060;;Jari armeijaan;;;;;;-1 265;789,0;1508,0;-5,4 %;-1 626;-66,14 %;39,7 %;;;;;;;;;;;937;840;651,05;
11.01.24;11.01.24;to;-1,86 %;23 246;5 141;0;1 076;29 463;32 838;-1 201;688;136;352;58;508;1 234;30 697;0;1 381;12 183;6 342;12 424;18 525;1 889;6 060;;;;;;;;-2 141;789,0;1772,0;-7,4 %;-2 184;-69,28 %;56,5 %;;;;;;;;;;;938;840;651,7;
12.01.24;12.01.24;pe;0,26 %;23 303;5 157;0;1 079;29 539;32 838;-1 201;688;136;352;54;508;1 230;30 769;0;1 381;12 183;6 342;12 424;18 525;1 889;6 060;;;;;;;;-2 069;789,0;1776,0;-7,1 %;-2 108;-68,85 %;56,5 %;;;;;;;;;;;939;840;652,35;
15.01.24;15.01.24;MA;-0,27 %;23 249;5 134;0;1 076;29 459;33 059;-1 858;252;36;352;54;729;694;30 153;0;1 381;12 183;6 342;12 424;18 525;2 110;6 060;;;;;;;;-2 906;789,0;2312,0;-7,4 %;-2 188;-69,31 %;84,1 %;;;;;;;;;;;940;840;653;
16.01.24;16.01.24;ti;-0,88 %;23 034;5 089;0;1 076;29 199;33 190;-1 989;252;36;352;54;860;694;29 893;0;1 381;12 183;6 342;12 424;18 525;2 241;6 060;;;;;;;;-3 297;789,0;2312,0;-8,4 %;-2 448;-70,81 %;84,1 %;;;;;;;;;;;941;840;653,65;
17.01.24;17.01.24;ke;-1,00 %;22 783;5 044;0;1 081;28 908;33 272;-2 075;248;36;152;54;942;490;29 398;0;1 381;12 183;6 342;12 424;18 525;2 323;6 060;;Maksoin Elisan Abiristeilyn 191€;;;;;;-3 874;789,0;2516,0;-9,5 %;-2 739;-72,53 %;84,3 %;;;;;;;;;;;942;840;654,3;
18.01.24;18.01.24;to;-1,39 %;22 400;5 025;0;1 081;28 506;33 272;-1 775;548;36;152;54;942;790;29 296;0;1 381;12 183;6 342;12 424;18 525;2 323;6 060;;;;;;Nosto Nordnetistä 300€;;-3 976;789,0;2216,0;-11,0 %;-3 141;-74,97 %;65,3 %;;;;;;;;;;;943;840;654,95;
19.01.24;19.01.24;pe;-0,13 %;22 375;5 018;0;1 076;28 469;33 390;-1 893;548;36;152;54;1 060;790;29 259;0;1 381;12 183;6 342;12 424;18 525;2 441;6 060;;;;;;;;-4 131;789,0;2216,0;-11,2 %;-3 178;-75,19 %;65,3 %;;;;;;;;;;;944;840;655,6;
22.01.24;22.01.24;MA;1,12 %;22 628;5 083;0;1 076;28 787;33 450;-1 953;548;36;152;54;1 120;790;29 577;0;1 381;12 183;6 342;12 424;18 525;2 501;6 180;;;Osto ishares core S&P 500 ucits eft usd (acc) 1@467€;;;;;-3 873;789,0;2216,0;-9,9 %;-2 860;-73,26 %;65,3 %;;;;;;;;;;;945;840;656,25;
23.01.24;23.01.24;ti;-0,26 %;22 560;5 072;0;1 081;28 713;33 450;-1 953;548;36;152;54;1 120;790;29 503;0;1 381;12 183;6 342;12 424;18 525;2 501;6 180;;;;;;;;-3 947;789,0;2216,0;-10,2 %;-2 934;-73,71 %;65,3 %;;;;;;;;;;;946;840;656,9;
24.01.24;24.01.24;ke;1,23 %;22 840;5 144;0;1 081;29 065;33 474;-1 817;708;36;152;54;1 144;950;30 015;0;1 381;12 183;6 342;12 424;18 525;2 525;6 180;;Filmus maksoi 188€ ; Osto Amazon 10kpl@158€.;Myynti Sampo 50@38,41.;;;;-3 459;789,0;2056,0;-8,9 %;-2 582;-71,60 %;55,2 %;;;;;;;;;;;947;840;657,55;
25.01.24;25.01.24;to;1,49 %;23 166;5 248;0;1 084;29 498;33 429;-1 904;576;36;152;54;1 144;818;30 316;0;1 336;12 183;6 342;12 424;18 525;2 480;6 180;;Maksoin Elisan hygieniapassin 61e.;;;;;;-3 113;789,0;2188,0;-7,3 %;-2 149;-69,08 %;63,5 %;;;;;;;;;;;948;840;658,2;
26.01.24;26.01.24;pe;0,34 %;23 238;5 275;0;1 084;29 597;33 429;-1 924;556;36;152;54;1 144;798;30 395;0;1 336;12 183;6 342;12 424;18 525;2 480;6 180;;;;;;;;-3 034;789,0;2208,0;-6,9 %;-2 050;-68,52 %;64,8 %;;;;;;;;;;;949;840;658,85;
29.01.24;29.01.24;MA;-0,25 %;23 189;5 251;0;1 084;29 524;33 429;-1 924;556;36;152;54;1 144;798;30 322;0;1 336;12 183;6 342;12 424;18 525;2 480;6 180;;;;;;;;-3 107;789,0;2208,0;-7,2 %;-2 123;-68,93 %;64,8 %;;;;;;;;;;;950;840;659,5;
30.01.24;30.01.24;ti;0,58 %;23 309;5 286;0;1 099;29 694;33 573;-2 093;531;36;152;54;1 288;773;30 467;0;1 336;12 183;6 342;12 424;18 525;2 624;6 180;;;;;;;;-3 106;789,0;2233,0;-6,6 %;-1 953;-67,97 %;66,4 %;;;;;;;;;;;951;840;660,15;
31.01.24;31.01.24;ke;-1,04 %;23 063;5 223;0;1 099;29 385;33 573;-2 093;531;36;152;54;1 288;773;30 158;0;1 336;12 183;6 342;12 424;18 525;2 624;6 180;;;;;;;;-3 415;789,0;2233,0;-7,7 %;-2 262;-69,73 %;66,4 %;;;;;;;;;;;952;840;660,8;
01.02.24;01.02.24;to;-1,25 %;22 788;5 140;0;1 090;29 018;33 621;697;3 369;36;152;34;1 336;3 591;32 609;0;1 336;12 183;6 342;12 424;18 525;2 672;6 180;;;;;;;;-1 012;789,0;-585,0;-9,1 %;-2 629;-71,88 %;-113,2 %;;;;;;;;;;;953;840;661,45;
02.02.24;02.02.24;pe;1,14 %;23 074;5 181;0;1 094;29 349;32 541;653;2 245;36;152;34;256;2 467;31 816;0;1 336;12 183;6 342;12 424;18 525;1 592;6 180;;;;;;;;-725;789,0;539,0;-7,8 %;-2 298;-69,94 %;-42,1 %;;;;;;;;;;;954;840;662,1;
05.02.24;05.02.24;MA;-3,70 %;22 247;4 922;0;1 094;28 263;32 086;-147;1 445;36;152;34;256;1 667;29 930;0;1 336;12 057;6 233;12 204;18 290;1 592;6 180;;;Osto Nordea 45kpl@10,774€;;;;;-2 156;789,0;1339,0;-12,0 %;-3 384;-76,47 %;8,5 %;;;;;;;;;;;955;840;662,75;
06.02.24;06.02.24;ti;0,42 %;22 325;4 941;0;1 117;28 383;32 210;-671;1 045;436;152;58;380;1 691;30 074;0;1 336;12 057;6 233;12 204;18 290;1 716;6 180;;;;;;;;-2 136;789,0;1315,0;-11,5 %;-3 264;-75,72 %;33,9 %;;;;;;;;;;;956;840;663,4;
07.02.24;07.02.24;ke;-0,93 %;22 101;4 901;0;1 117;28 119;32 440;-877;1 069;436;177;58;610;1 740;29 859;0;1 336;12 057;6 233;12 204;18 290;1 946;6 180;;Filmus maksoi bensakulut. Maksoin Elisan bussiliput 27€;;;;;;-2 581;789,0;1266,0;-12,5 %;-3 528;-77,37 %;32,3 %;;;;;;;;;;;957;840;664,05;
08.02.24;08.02.24;to;-0,60 %;21 976;4 856;0;1 117;27 949;32 583;-1 020;1 069;436;177;58;753;1 740;29 689;0;1 336;12 057;6 233;12 204;18 290;2 089;6 180;;;;;;;;-2 894;789,0;1266,0;-13,2 %;-3 698;-78,45 %;32,3 %;;;;;;;;;;;958;840;664,7;
09.02.24;09.02.24;pe;-0,59 %;21 847;4 820;0;1 117;27 784;32 583;-1 349;740;436;177;58;753;1 411;29 195;0;1 336;12 057;6 233;12 204;18 290;2 089;6 180;;;;;;;;-3 388;789,0;1595,0;-13,9 %;-3 863;-79,51 %;53,2 %;;;;;;;;;;;959;840;665,35;
12.02.24;12.02.24;MA;1,32 %;22 124;4 906;0;1 122;28 152;32 583;-1 349;740;436;177;58;753;1 411;29 563;0;1 336;12 057;6 233;12 204;18 290;2 089;6 180;;;;;;;;-3 020;789,0;1595,0;-12,4 %;-3 495;-77,17 %;53,2 %;;;;;;;;;;;960;840;666;
13.02.24;13.02.24;ti;-0,47 %;21 998;4 897;0;1 126;28 021;32 583;-1 349;740;436;177;40;753;1 393;29 414;0;1 336;12 057;6 233;12 204;18 290;2 089;6 180;;;;;;;;-3 169;789,0;1613,0;-12,9 %;-3 626;-78,00 %;53,2 %;;;;;;;;;;;961;840;666,65;
14.02.24;14.02.24;ke;0,22 %;22 050;4 908;0;1 126;28 084;32 630;-1 516;620;436;177;40;800;1 273;29 357;0;1 336;12 057;6 233;12 204;18 290;2 136;6 300;;;;;;;;-3 273;789,0;1733,0;-12,7 %;-3 563;-77,60 %;60,8 %;;;;;;;;;;;962;840;667,3;
15.02.24;15.02.24;to;0,35 %;22 140;4 917;0;1 124;28 181;32 630;-1 516;620;436;177;40;800;1 273;29 454;0;1 336;12 057;6 233;12 204;18 290;2 136;6 300;;;;;;;;-3 176;789,0;1733,0;-12,3 %;-3 466;-76,98 %;60,8 %;;;;;;;;;;;963;840;667,95;
16.02.24;16.02.24;pe;1,56 %;22 477;5 019;0;1 124;28 620;32 630;-1 516;620;436;177;40;800;1 273;29 893;0;1 336;12 057;6 233;12 204;18 290;2 136;6 300;;;;;;;;-2 737;789,0;1733,0;-10,6 %;-3 027;-74,27 %;60,8 %;;;;;;;;;;;964;840;668,6;
19.02.24;19.02.24;MA;0,56 %;22 581;5 076;0;1 124;28 781;32 630;-1 516;620;436;177;40;800;1 273;30 054;0;1 336;12 057;6 233;12 204;18 290;2 136;6 300;;;;;;;;-2 576;789,0;1733,0;-10,0 %;-2 866;-73,29 %;60,8 %;;;;;;;;;;;965;840;669,25;
20.02.24;20.02.24;ti;-0,03 %;22 562;5 080;0;1 129;28 771;32 851;-1 764;593;63;177;40;1 021;873;29 644;0;1 336;12 057;6 233;12 204;18 290;2 357;6 300;;Ostin kengät ecco 100€;;;;;;-3 207;789,0;2133,0;-10,0 %;-2 876;-73,36 %;62,5 %;;;;;;;;;;;966;840;669,9;
21.02.24;21.02.24;ke;-0,20 %;22 520;5 064;0;1 129;28 713;32 851;-1 764;593;63;177;40;1 021;873;29 586;0;1 336;12 057;6 233;12 204;18 290;2 357;6 300;;;;;;;;-3 265;789,0;2133,0;-10,2 %;-2 934;-73,71 %;62,5 %;;;;;;;;;;;967;840;670,55;
22.02.24;22.02.24;to;0,60 %;22 676;5 086;0;1 123;28 885;32 916;-1 842;580;63;177;40;1 086;860;29 745;0;1 336;12 057;6 233;12 204;18 290;2 422;6 300;;;;;;;;-3 171;789,0;2146,0;-9,6 %;-2 762;-72,67 %;63,3 %;;;;;;;;;;;968;840;671,2;
23.02.24;23.02.24;pe;0,35 %;22 755;5 107;0;1 123;28 985;32 960;-1 922;544;63;177;40;1 130;824;29 809;0;1 336;12 057;6 233;12 204;18 290;2 466;6 300;;;;;;;;-3 151;789,0;2182,0;-9,2 %;-2 662;-72,08 %;65,6 %;;;;;;;;;;;969;840;671,85;
26.02.24;26.02.24;MA;0,06 %;22 755;5 111;0;1 137;29 003;32 922;-1 934;494;63;177;40;1 135;774;29 777;0;1 293;12 057;6 233;12 204;18 290;2 428;6 300;;;;;;;;-3 145;789,0;2232,0;-9,1 %;-2 644;-71,97 %;68,7 %;;;;;;;;;;;970;840;672,5;
27.02.24;27.02.24;ti;0,39 %;22 858;5 122;0;1 137;29 117;32 981;-1 993;494;63;177;40;1 194;774;29 891;0;1 293;12 057;6 233;12 204;18 290;2 487;6 300;;;;;;;;-3 090;789,0;2232,0;-8,7 %;-2 530;-71,30 %;68,7 %;;;;;;;;;;;971;840;673,15;
28.02.24;28.02.24;ke;0,94 %;23 070;5 189;0;1 132;29 391;33 033;-2 045;494;63;177;40;1 246;774;30 165;0;1 293;12 057;6 233;12 204;18 290;2 539;6 300;;;;;;;;-2 868;789,0;2232,0;-7,7 %;-2 256;-69,70 %;68,7 %;;;;;;;;;;;972;840;673,8;
29.02.24;29.02.24;to;-0,48 %;22 944;5 173;0;1 132;29 249;33 033;-2 113;426;63;177;40;1 246;706;29 955;0;1 293;12 057;6 233;12 204;18 290;2 539;6 300;;;;;;;;-3 078;789,0;2300,0;-8,2 %;-2 398;-70,52 %;73,0 %;;;;;;;;;;;973;840;674,45;
01.03.24;01.03.24;pe;0,47 %;23 073;5 179;0;1 135;29 387;33 041;367;2 914;63;177;40;1 254;3 194;32 581;0;1 293;12 057;6 233;12 204;18 290;2 547;6 300;;;;;;;;-460;789,0;-188,0;-7,7 %;-2 260;-69,72 %;-84,4 %;;;;;;;;;;;974;840;675,1;
04.03.24;04.03.24;MA;-0,31 %;22 988;5 170;0;1 139;29 297;31 947;350;1 803;63;177;20;160;2 063;31 360;0;1 293;12 057;6 233;12 204;18 290;1 453;6 300;;visamaksu 1096€;;;;;;-587;789,0;943,0;-8,0 %;-2 350;-70,24 %;-14,1 %;;;;;;;;;;;975;840;675,75;
05.03.24;05.03.24;ti;0,17 %;23 025;5 182;0;1 139;29 346;31 441;-282;1 171;13;177;20;160;1 381;30 727;0;1 293;11 928;6 122;11 938;18 050;1 453;6 300;;;;;;;;-714;789,0;1625,0;-7,8 %;-2 301;-69,96 %;25,9 %;;;;;;;;;;;976;840;676,4;
06.03.24;06.03.24;ke;0,57 %;23 147;5 213;0;1 154;29 514;31 515;-356;1 171;13;177;20;234;1 381;30 895;0;1 293;11 928;6 122;11 938;18 050;1 527;6 300;;;;;;;;-620;789,0;1625,0;-7,2 %;-2 133;-68,99 %;25,9 %;;;;;;;;;;;977;840;677,05;
07.03.24;07.03.24;to;0,48 %;23 270;5 229;0;1 156;29 655;31 575;-462;1 125;13;202;20;294;1 360;31 015;0;1 293;11 928;6 122;11 938;18 050;1 587;6 300;;Elisalle 10 bussilippua 27€.;;Myynti Nordea 300kpl@11,4€ yht 3420€;;;;-560;789,0;1646,0;-6,7 %;-1 992;-68,19 %;28,8 %;;;;;;;;;;;978;840;677,7;
08.03.24;08.03.24;pe;-0,50 %;23 109;5 243;0;1 156;29 508;31 575;-462;1 125;13;202;20;294;1 360;30 868;0;1 293;11 928;6 122;11 938;18 050;1 587;6 300;;;Osto NVIDIA 2Kpl@946€ yht. 1892€;;;;;-707;789,0;1646,0;-7,2 %;-2 139;-69,03 %;28,8 %;;;;;;;;;;;979;840;678,35;
11.03.24;11.03.24;MA;-1,62 %;22 724;5 144;0;1 161;29 029;31 575;-462;1 125;13;202;20;294;1 360;30 389;0;1 293;11 928;6 122;11 938;18 050;1 587;6 300;;Maksoin Matleena kielikurssin;;;;;;-1 186;789,0;1646,0;-9,0 %;-2 618;-71,81 %;28,8 %;;;;;;;;;;;980;840;679;
12.03.24;12.03.24;ti;1,21 %;23 027;5 191;0;1 161;29 379;31 895;-1 069;838;13;202;20;614;1 073;30 452;0;1 293;11 928;6 122;11 938;18 050;1 907;6 300;;;;;;;;-1 443;789,0;1933,0;-7,7 %;-2 268;-69,77 %;47,0 %;;;;;;;;;;;981;840;679,65;
13.03.24;13.03.24;ke;-1,60 %;22 508;5 232;0;1 168;28 908;31 984;-1 091;905;13;202;45;703;1 165;30 073;0;1 293;11 928;6 122;11 938;18 050;1 996;6 300;;Maksu Marille Albanian matka 1/2 500€;;;;Nosto 600€ Nordnetistä.;;-1 911;789,0;1841,0;-9,5 %;-2 739;-72,53 %;42,7 %;;;;;;;;;;;982;840;680,3;
14.03.24;14.03.24;to;-1,10 %;22 262;5 161;0;1 168;28 591;31 984;-1 091;905;13;202;45;703;1 165;29 756;0;1 293;11 928;6 122;11 938;18 050;1 996;6 300;;;;;;;;-2 228;789,0;1841,0;-10,7 %;-3 056;-74,45 %;42,7 %;;;;;;;;;;;983;840;680,95;
15.03.24;15.03.24;pe;-1,39 %;21 966;5 064;0;1 164;28 194;32 054;-1 310;756;13;202;45;773;1 016;29 210;0;1 293;11 928;6 122;11 938;18 050;2 066;6 420;;Laitoin Elisan tilille 30€ ylimääräistä, koska muuten tilin kate ei riitä sijoitus maksuun huomenna.;;;;;;-2 844;789,0;1990,0;-12,2 %;-3 453;-76,90 %;52,2 %;;;;;;;;;;;984;840;681,6;
18.03.24;18.03.24;MA;-0,55 %;21 870;5 005;0;1 164;28 039;32 367;-1 653;726;13;202;45;1 086;986;29 025;0;1 293;11 928;6 122;11 938;18 050;2 379;6 420;;289€ maksoin Elisan lentoliput tsekkeihin.;;;;;;-3 342;789,0;2020,0;-12,9 %;-3 608;-77,88 %;54,1 %;;;;;;;;;;;985;840;682,25;
19.03.24;19.03.24;ti;1,45 %;22 184;5 100;0;1 162;28 446;32 413;-1 699;726;13;202;45;1 132;986;29 432;0;1 293;11 928;6 122;11 938;18 050;2 425;6 420;;;;;;;;-2 981;789,0;2020,0;-11,3 %;-3 201;-75,34 %;54,1 %;;;;;;;;;;;986;840;682,9;
20.03.24;20.03.24;ke;0,16 %;22 224;5 105;0;1 162;28 491;32 413;-1 699;726;13;202;45;1 132;986;29 477;0;1 293;11 928;6 122;11 938;18 050;2 425;6 420;;;;;;;;-2 936;789,0;2020,0;-11,1 %;-3 156;-75,06 %;54,1 %;;;;;;;;;;;987;840;683,55;
21.03.24;21.03.24;to;0,86 %;22 417;5 151;0;1 168;28 736;32 468;-1 856;624;13;202;45;1 187;884;29 620;0;1 293;11 928;6 122;11 938;18 050;2 480;6 420;;;;;;;;-2 848;789,0;2122,0;-10,1 %;-2 911;-73,57 %;60,5 %;;;;;;;;;;;988;840;684,2;
22.03.24;22.03.24;pe;-4,24 %;21 576;4 765;0;1 176;27 517;32 611;-1 697;926;13;202;45;1 330;1 186;28 703;0;1 293;11 928;6 122;11 938;18 050;2 623;6 420;;Nordea osinko irtosi. Filmus palkkio 208€ +pysäköinti 106€;;;;;;-3 908;789,0;1820,0;-15,0 %;-4 130;-81,26 %;41,4 %;;;;;;;;;;;989;840;684,85;
25.03.24;25.03.24;MA;-0,45 %;21 485;4 731;0;1 177;27 393;32 613;-1 740;885;13;202;45;1 377;1 145;28 538;0;1 248;11 928;6 122;11 938;18 050;2 625;6 420;;Ville maksoi 23€ Lontoo kahvilla Mari maksoi. Johanna haukkui puhelimessa minua itsekkääksi ja sanoi että lapset eivät pääse mummulaan pääsiäisenä, eikä miinuksen luokse. Koska he muuttavat. Tarjosin apua ja pysyin rauhallisena. Mutta heillä on kuukausi aikaa muuttaa, eikä nyt pääsiäisenä ehdi käymään mummulassa? Naurettava väite.;;;;;;-4 075;789,0;1861,0;-15,5 %;-4 254;-82,08 %;44,0 %;;;;;;;;;;;990;840;685,5;
26.03.24;26.03.24;ti;0,24 %;21 500;4 783;0;1 177;27 460;32 635;-1 762;885;13;202;45;1 399;1 145;28 605;0;1 248;11 928;6 122;11 938;18 050;2 647;6 420;;;;;;;;-4 030;789,0;1861,0;-15,2 %;-4 187;-81,63 %;44,0 %;;;;;;;;;;;991;840;686,15;
27.03.24;27.03.24;ke;-0,21 %;21 447;4 777;0;1 177;27 401;32 649;-1 776;885;13;202;45;1 413;1 145;28 546;0;1 248;11 928;6 122;11 938;18 050;2 661;6 420;;;;;;;;-4 103;789,0;1861,0;-15,5 %;-4 246;-82,02 %;44,0 %;;;;;;;;;;;992;840;686,8;
28.03.24;28.03.24;to;0,19 %;21 489;4 785;0;1 179;27 453;32 694;-1 840;866;13;202;45;1 458;1 126;28 579;0;1 248;11 928;6 122;11 938;18 050;2 706;6 420;;;;;;;;-4 115;789,0;1880,0;-15,3 %;-4 194;-81,68 %;45,2 %;;;;;;;;;;;993;840;687,45;
01.04.24;01.04.24;MA;0,11 %;21 520;4 785;0;1 179;27 484;32 694;-1 840;866;13;202;45;1 458;1 126;28 610;0;1 248;11 928;6 122;11 938;18 050;2 706;6 420;;;;;;;;-4 084;789,0;1880,0;-15,1 %;-4 163;-81,47 %;45,2 %;;;;;;;;;;;994;840;688,1;
02.04.24;02.04.24;ti;0,48 %;21 600;4 837;0;1 179;27 616;32 694;933;3 639;13;202;45;1 458;3 899;31 515;0;1 248;11 928;6 122;11 938;18 050;2 706;6 420;;;;;;;;-1 179;789,0;-893,0;-14,6 %;-4 031;-80,61 %;-130,3 %;;;;;;;;;;;995;840;688,75;
03.04.24;03.04.24;ke;3,93 %;22 616;4 910;0;1 176;28 702;31 407;847;2 266;413;202;45;171;2 926;31 628;0;1 248;11 928;6 122;11 938;18 050;1 419;6 420;;1287€ visamaksu;;Osinkoja Nordea 1350€;;;;221;789,0;80,0;-10,3 %;-2 945;-73,77 %;-43,4 %;;;;;;;;;;;996;840;689,4;
04.04.24;04.04.24;to;0,01 %;22 609;4 904;0;1 193;28 706;31 430;324;1 766;413;202;45;194;2 426;31 132;0;1 248;11 928;6 122;11 938;18 050;1 442;6 420;;Maksoin Marille 500€ Albanian matkaan toisen erän.;;;;;;-298;789,0;580,0;-10,2 %;-2 941;-73,75 %;-11,8 %;;;;;;;;;;;997;840;690,05;
05.04.24;05.04.24;pe;0,17 %;22 668;4 897;0;1 191;28 756;30 933;-333;1 113;413;202;45;198;1 773;30 529;0;1 248;11 801;6 012;11 674;17 813;1 446;6 420;;;;;;;;-404;789,0;1233,0;-10,1 %;-2 891;-73,45 %;29,6 %;;;;;;;;;;;998;840;690,7;
08.04.24;08.04.24;MA;0,47 %;22 768;4 931;0;1 192;28 891;30 944;-534;923;413;202;45;209;1 583;30 474;0;1 248;11 801;6 012;11 674;17 813;1 457;6 420;;;;;;;;-470;789,0;1423,0;-9,5 %;-2 756;-72,64 %;41,6 %;;;;;;;;;;;999;840;691,35;
09.04.24;09.04.24;ti;0,70 %;22 856;5 045;0;1 192;29 093;30 945;-535;923;413;227;45;210;1 608;30 701;0;1 248;11 801;6 012;11 674;17 813;1 458;6 420;;;;;;;;-244;789,0;1398,0;-8,8 %;-2 554;-71,44 %;41,6 %;;;;;;;;;;;1000;840;692;
10.04.24;10.04.24;ke;-0,22 %;22 869;4 968;0;1 192;29 029;30 945;-797;661;413;227;45;210;1 346;30 375;0;1 248;11 801;6 012;11 674;17 813;1 458;6 420;;;;;;;;-570;789,0;1660,0;-9,0 %;-2 618;-71,81 %;58,2 %;;;;;;;;;;;1001;840;692,65;
11.04.24;11.04.24;to;-0,48 %;22 829;4 869;0;1 192;28 890;30 956;-808;661;413;227;45;221;1 346;30 236;0;1 248;11 801;6 012;11 674;17 813;1 469;6 420;;;;;;;;-720;789,0;1660,0;-9,5 %;-2 757;-72,64 %;58,2 %;;;;;;;;;;;1002;840;693,3;
12.04.24;12.04.24;pe;0,62 %;22 945;4 926;0;1 197;29 068;30 983;-835;661;413;227;30;248;1 331;30 399;0;1 248;11 801;6 012;11 674;17 813;1 496;6 420;;;;;;;;-584;789,0;1675,0;-8,9 %;-2 579;-71,58 %;58,2 %;;;;;;;;;;;1003;840;693,95;
15.04.24;15.04.24;MA;-0,86 %;22 726;4 894;0;1 197;28 817;31 009;-1 016;506;13;227;30;274;776;29 593;0;1 248;11 801;6 012;11 674;17 813;1 522;6 540;;;;;;;;-1 416;789,0;2230,0;-9,8 %;-2 830;-73,08 %;68,0 %;;;;;;;;;;;1004;840;694,6;
16.04.24;16.04.24;ti;-1,30 %;22 457;4 787;0;1 197;28 441;31 048;-1 055;506;13;227;30;313;776;29 217;0;1 248;11 801;6 012;11 674;17 813;1 561;6 540;;;;;;;;-1 831;789,0;2230,0;-11,3 %;-3 206;-75,37 %;68,0 %;;;;;;;;;;;1005;840;695,25;
17.04.24;17.04.24;ke;0,09 %;22 443;4 846;0;1 178;28 467;31 048;-1 068;493;13;227;30;313;763;29 230;0;1 248;11 801;6 012;11 674;17 813;1 561;6 540;;;;;;;;-1 818;789,0;2243,0;-11,2 %;-3 180;-75,21 %;68,8 %;;;;;;;;;;;1006;840;695,9;
18.04.24;18.04.24;to;0,84 %;22 625;4 906;0;1 175;28 706;31 093;-1 163;443;13;227;30;358;713;29 419;0;1 248;11 801;6 012;11 674;17 813;1 606;6 540;;Elisalle kisarahaa 50€ Hyvinkäälle sm kisoihin. S pankki sijoitukset myynti toimeksianto;;;;;;-1 674;789,0;2293,0;-10,2 %;-2 941;-73,75 %;72,0 %;;;;;;;;;;;1007;840;696,55;
19.04.24;19.04.24;pe;-0,03 %;22 545;4 977;0;1 175;28 697;31 099;-1 169;443;13;227;30;364;713;29 410;0;1 248;11 801;6 012;11 674;17 813;1 612;6 540;;;;;;;;-1 689;789,0;2293,0;-10,3 %;-2 950;-73,80 %;72,0 %;;;;;;;;;;;1008;840;697,2;
22.04.24;22.04.24;MA;1,31 %;22 840;5 057;0;1 175;29 072;31 123;-1 221;415;13;227;30;388;685;29 757;0;1 248;11 801;6 012;11 674;17 813;1 636;6 540;;;;;;;;-1 366;789,0;2321,0;-8,9 %;-2 575;-71,56 %;73,7 %;;;;;;;;;;;1009;840;697,85;
23.04.24;23.04.24;ti;0,82 %;23 165;5 146;0;1 000;29 311;31 128;-1 339;302;13;227;198;388;740;30 051;0;1 253;11 801;6 012;11 674;17 813;1 641;6 540;;;s pankin sijoitus indeksiin 1000€.;;;;;-1 077;789,0;2266,0;-8,0 %;-2 336;-70,16 %;80,9 %;;;;;;;;;;;1010;840;698,5;
24.04.24;24.04.24;ke;-2,02 %;22 705;5 016;0;999;28 720;31 282;-1 493;302;13;227;198;542;740;29 460;0;1 253;11 801;6 012;11 674;17 813;1 795;6 540;;;Osto Nordea 17@11,15 OST tilille;;;;;-1 822;789,0;2266,0;-10,2 %;-2 927;-73,66 %;80,9 %;;;;;;;;;;;1011;840;699,15;
25.04.24;25.04.24;to;-0,41 %;22 626;4 977;0;1 000;28 603;31 331;-1 616;228;13;227;198;641;666;29 269;0;1 203;11 801;6 012;11 674;17 813;1 844;6 540;;;;;;;;-2 062;789,0;2340,0;-10,6 %;-3 044;-74,37 %;85,6 %;;;;;;;;;;;1012;840;699,8;
26.04.24;26.04.24;pe;0,98 %;22 895;4 993;0;995;28 883;31 452;-1 737;228;13;227;198;762;666;29 549;0;1 203;11 801;6 012;11 674;17 813;1 965;6 540;;;;;;;;-1 903;789,0;2340,0;-9,6 %;-2 764;-72,68 %;85,6 %;;;;;;;;;;;1013;840;700,45;
29.04.24;29.04.24;MA;0,57 %;23 035;5 004;0;1 010;29 049;31 551;-1 836;228;13;227;198;861;666;29 715;0;1 203;11 801;6 012;11 674;17 813;2 064;6 540;;Maksoin Elisan bussiliput 27€;;;;;;-1 836;789,0;2340,0;-8,9 %;-2 598;-71,70 %;85,6 %;;;;;;;;;;;1014;840;701,1;
01.05.24;01.05.24;ke;-0,24 %;22 941;5 029;0;1 010;28 980;31 622;1 125;3 260;13;227;198;932;3 698;32 678;0;1 203;11 801;6 012;11 674;17 813;2 135;6 540;;;;;;;;1 056;789,0;-692,0;-9,2 %;-2 667;-72,10 %;-106,3 %;;;;;;;;;;;1015;840;701,75;
02.05.24;02.05.24;to;0,20 %;23 040;5 002;0;996;29 038;31 234;724;2 471;413;227;178;544;3 289;32 327;0;1 203;11 801;6 012;11 674;17 813;1 747;6 540;;;;;;;;1 093;789,0;-283,0;-9,0 %;-2 609;-71,76 %;-56,4 %;;;;;;;;;;;1016;840;702,4;
03.05.24;03.05.24;pe;0,59 %;23 176;5 009;0;1 025;29 210;30 783;875;2 171;413;27;78;593;2 689;31 899;0;703;11 801;6 012;11 674;17 813;1 296;6 540;;Lyhensin jatkuvaa luottoa 500€;;;;;;1 116;789,0;317,0;-8,3 %;-2 437;-70,75 %;-37,4 %;;;;;;;;;;;1017;840;703,05;
06.05.24;06.05.24;MA;0,65 %;23 291;5 077;0;1 032;29 400;30 372;325;1 717;413;27;78;689;2 235;31 635;0;703;11 672;5 901;11 407;17 573;1 392;6 540;;;Nosto 250€;;;;;1 263;789,0;771,0;-7,6 %;-2 247;-69,65 %;-8,7 %;;;;;;;;;;;1018;840;703,7;
07.05.24;07.05.24;ti;0,76 %;23 441;5 141;0;1 041;29 623;30 413;259;1 692;413;52;78;730;2 235;31 858;0;703;11 672;5 901;11 407;17 573;1 433;6 540;;;;;;;;1 445;789,0;771,0;-6,8 %;-2 024;-68,37 %;-7,1 %;;;;;;;;;;;1019;840;704,35;
08.05.24;08.05.24;ke;-0,59 %;23 301;5 105;0;1 042;29 448;30 469;157;1 646;413;52;78;759;2 189;31 637;0;730;11 672;5 901;11 407;17 573;1 489;6 540;;;;;;;;1 168;789,0;817,0;-7,5 %;-2 199;-69,37 %;-4,2 %;;;;;;;;;;;1020;840;705;
09.05.24;09.05.24;to;-0,13 %;23 264;5 105;0;1 042;29 411;30 469;157;1 646;413;52;78;759;2 189;31 600;0;730;11 672;5 901;11 407;17 573;1 489;6 540;;;;;;;;1 131;789,0;817,0;-7,6 %;-2 236;-69,58 %;-4,2 %;;;;;;;;;;;1021;840;705,65;
10.05.24;10.05.24;pe;1,18 %;23 532;5 182;0;1 044;29 758;30 540;-176;1 384;413;52;78;830;1 927;31 685;0;730;11 672;5 901;11 407;17 573;1 560;6 540;;;;;;;;1 145;789,0;1079,0;-6,3 %;-1 889;-67,61 %;12,4 %;;;;;;;;;;;1022;840;706,3;
13.05.24;13.05.24;MA;0,55 %;23 660;5 212;0;1 049;29 921;30 540;-176;1 384;413;52;78;830;1 927;31 848;0;730;11 672;5 901;11 407;17 573;1 560;6 540;;;;;;;;1 308;789,0;1079,0;-5,8 %;-1 726;-66,69 %;12,4 %;;;;;;;;;;;1023;840;706,95;
14.05.24;14.05.24;ti;-0,12 %;23 648;5 192;0;1 046;29 886;30 615;-266;1 369;413;52;78;905;1 912;31 798;0;730;11 672;5 901;11 407;17 573;1 635;6 540;;;;;;;;1 183;789,0;1094,0;-5,9 %;-1 761;-66,89 %;13,4 %;;;;;;;;;;;1024;840;707,6;
15.05.24;15.05.24;ke;0,02 %;23 674;5 169;0;1 050;29 893;30 655;-446;1 229;13;52;78;945;1 372;31 265;0;730;11 672;5 901;11 407;17 573;1 675;6 660;;;;;;;;610;789,0;1634,0;-5,9 %;-1 754;-66,85 %;22,2 %;;;;;;;;;;;1025;840;708,25;
16.05.24;16.05.24;to;0,19 %;23 719;5 169;0;1 061;29 949;30 655;-446;1 229;13;52;78;945;1 372;31 321;0;730;11 672;5 901;11 407;17 573;1 675;6 660;;;;;;;;666;789,0;1634,0;-5,7 %;-1 698;-66,54 %;22,2 %;;;;;;;;;;;1026;840;708,9;
17.05.24;17.05.24;pe;0,64 %;23 845;5 235;0;1 061;30 141;30 869;-660;1 229;13;52;78;1 159;1 372;31 513;0;730;11 672;5 901;11 407;17 573;1 889;6 660;;;;;;;;644;789,0;1634,0;-5,0 %;-1 506;-65,48 %;22,2 %;;;;;;;;;;;1027;840;709,55;
21.05.24;21.05.24;ti;-0,37 %;23 790;5 178;0;1 061;30 029;30 922;-739;1 203;13;52;78;1 212;1 346;31 375;0;730;11 672;5 901;11 407;17 573;1 942;6 660;;;;;;;;453;789,0;1660,0;-5,4 %;-1 618;-66,09 %;23,9 %;;;;;;;;;;;1028;840;710,2;
22.05.24;22.05.24;ke;-0,62 %;23 642;5 137;0;1 065;29 844;31 063;-880;1 203;13;52;78;1 353;1 346;31 190;0;730;11 672;5 901;11 407;17 573;2 083;6 660;;;;;;;;127;789,0;1660,0;-6,0 %;-1 803;-67,12 %;23,9 %;;;;;;;;;;;1029;840;710,85;
23.05.24;23.05.24;to;0,88 %;23 890;5 150;0;1 067;30 107;31 072;-914;1 178;13;52;78;1 362;1 321;31 428;0;730;11 672;5 901;11 407;17 573;2 092;6 660;;;;;;;;356;789,0;1685,0;-5,1 %;-1 540;-65,66 %;25,4 %;;;;;;;;;;;1030;840;711,5;
24.05.24;24.05.24;pe;-0,16 %;23 854;5 145;0;1 060;30 059;31 047;-939;1 128;13;52;78;1 410;1 271;31 330;0;657;11 672;5 901;11 407;17 573;2 067;6 660;;;;;;;;283;789,0;1735,0;-5,3 %;-1 588;-65,93 %;28,6 %;;;;;;;;;;;1031;840;712,15;
27.05.24;27.05.24;MA;0,29 %;23 928;5 153;0;1 065;30 146;31 047;-954;1 113;13;52;78;1 410;1 256;31 402;0;657;11 672;5 901;11 407;17 573;2 067;6 660;;;;;;;;355;789,0;1750,0;-5,0 %;-1 501;-65,45 %;29,6 %;;;;;;;;;;;1032;840;712,8;
28.05.24;28.05.24;ti;1,32 %;24 276;5 203;0;1 065;30 544;31 047;-954;1 113;13;52;78;1 410;1 256;31 800;0;657;11 672;5 901;11 407;17 573;2 067;6 660;;;;;;;;753;789,0;1750,0;-3,6 %;-1 103;-63,29 %;29,6 %;;;;;;;;;;;1033;840;713,45;
29.05.24;29.05.24;ke;-0,81 %;24 030;5 203;0;1 063;30 296;31 177;-1 084;1 113;13;52;78;1 540;1 256;31 552;0;657;11 672;5 901;11 407;17 573;2 197;6 660;;;;;;;;375;789,0;1750,0;-4,5 %;-1 351;-64,63 %;29,6 %;;;;;;;;;;;1034;840;714,1;
30.05.24;30.05.24;to;-0,54 %;23 940;5 132;0;1 061;30 133;31 263;-1 170;1 113;13;52;78;1 626;1 256;31 389;0;657;11 672;5 901;11 407;17 573;2 283;6 660;;;;;;;;126;789,0;1750,0;-5,0 %;-1 514;-65,52 %;29,6 %;;;;;;;;;;;1035;840;714,75;
31.05.24;31.05.24;pe;0,02 %;23 925;5 162;0;1 051;30 138;31 273;-1 180;1 113;13;52;78;1 636;1 256;31 394;0;657;11 672;5 901;11 407;17 573;2 293;6 660;;Kesälomarahaa 100€ Matleenalle ja Elisalle.;;;;;;121;789,0;1750,0;-5,0 %;-1 509;-65,49 %;29,6 %;;;;;;;;;;;1036;840;715,4;
03.06.24;03.06.24;MA;0,92 %;24 175;5 185;0;1 056;30 416;31 361;1 355;3 736;13;52;78;1 724;3 879;34 295;0;657;11 672;5 901;11 407;17 573;2 381;6 660;;Vanhemmilta 500€ synttärilahja;;;;;;2 934;789,0;-873,0;-4,0 %;-1 231;-63,98 %;-136,5 %;;;;;;;;;;;1037;840;716,05;
04.06.24;04.06.24;ti;-0,84 %;23 981;5 102;0;1 076;30 159;31 408;1 308;3 736;13;52;78;1 771;3 879;34 038;0;657;11 672;5 901;11 407;17 573;2 428;6 660;;;;;;;;2 630;789,0;-873,0;-4,9 %;-1 488;-65,38 %;-136,5 %;;;;;;;;;;;1038;840;716,7;
05.06.24;05.06.24;ke;0,92 %;24 240;5 116;0;1 079;30 435;29 542;251;1 318;413;52;78;410;1 861;32 296;0;657;11 544;5 790;11 141;17 334;1 067;6 660;;;;Myynti Nordea 450@11,22€ =5049€;;;;2 754;789,0;1145,0;-4,0 %;-1 212;-63,88 %;16,6 %;;;;;;;;;;;1039;840;717,35;
06.06.24;06.06.24;to;0,77 %;24 383;5 208;0;1 079;30 670;29 608;185;1 318;413;52;78;476;1 861;32 531;0;657;11 544;5 790;11 141;17 334;1 133;6 660;;;;;;;;2 923;789,0;1145,0;-3,2 %;-977;-62,62 %;16,6 %;;;;;;;;;;;1040;840;718;
07.06.24;07.06.24;pe;-13,26 %;20 354;5 157;0;1 091;26 602;29 683;1 119;2 327;413;77;78;551;2 895;29 497;0;657;11 544;5 790;11 141;17 334;1 208;6 660;;Laina Mari takaisinmaksu 3000€.;Nosto 4000€;Myynti Nordea 280@11,36.;;Nousto 4000€ nordnetistä.;;-186;789,0;111,0;-19,0 %;-5 045;-87,49 %;-47,3 %;;;;;;;;;;;1041;840;718,65;
10.06.24;10.06.24;MA;0,30 %;20 444;5 144;0;1 095;26 683;29 715;809;2 049;413;77;78;583;2 617;29 300;0;657;11 544;5 790;11 141;17 334;1 240;6 660;;;;;;;;-415;789,0;389,0;-18,6 %;-4 964;-86,92 %;-29,7 %;;;;;;;;;;;1042;840;719,3;
11.06.24;11.06.24;ti;0,22 %;20 461;5 176;0;1 106;26 743;29 224;643;1 392;413;77;78;749;1 960;28 703;0;0;11 544;5 790;11 141;17 334;749;6 660;;;OSTO invest AB 7@286,70€;;;;;-521;789,0;1046,0;-18,3 %;-4 904;-86,50 %;11,9 %;;;;;;;;;;;1043;840;719,95;
12.06.24;12.06.24;ke;1,96 %;20 769;5 386;0;1 111;27 266;30 842;-1 195;1 172;413;77;78;2 367;1 740;29 006;0;0;11 544;5 790;11 141;17 334;2 367;6 660;;Ostin Matleenalle tietokoneen MacBook air 13 m3 512gt. Yht. 1579€. Elisa synttärilahja 18v 220€.;;;;;;-1 836;789,0;1266,0;-16,1 %;-4 381;-82,92 %;25,8 %;;;;;;;;;;;1044;840;720,6;
13.06.24;13.06.24;to;-0,83 %;20 715;5 214;0;1 111;27 040;30 881;-1 113;1 293;413;77;78;2 406;1 861;28 901;0;0;11 544;5 790;11 141;17 334;2 406;6 660;;;OSTO invest AB 53@287,75SEK yht1500€;;;;;-1 980;789,0;1145,0;-17,0 %;-4 607;-84,45 %;18,2 %;;;;;;;;;;;1045;840;721,25;
14.06.24;14.06.24;pe;-0,09 %;20 731;5 164;0;1 121;27 016;31 040;-1 407;1 158;13;77;78;2 565;1 326;28 342;0;0;11 544;5 790;11 141;17 334;2 565;6 660;;;;;;;;-2 698;789,0;1680,0;-17,1 %;-4 631;-84,62 %;26,7 %;;;;;;;;;;;1046;840;721,9;
17.06.24;17.06.24;MA;0,03 %;20 713;5 189;0;1 121;27 023;31 040;-1 419;1 146;13;77;78;2 565;1 314;28 337;0;0;11 544;5 790;11 141;17 334;2 565;6 780;;;;;;;;-2 703;789,0;1692,0;-17,1 %;-4 624;-84,57 %;27,5 %;;;;;;;;;;;1047;840;722,55;
18.06.24;18.06.24;ti;0,75 %;20 887;5 217;0;1 121;27 225;31 051;-1 330;1 246;13;77;78;2 576;1 414;28 639;0;0;11 544;5 790;11 141;17 334;2 576;6 780;;;;;;;;-2 412;789,0;1592,0;-16,2 %;-4 422;-83,20 %;21,1 %;;;;;;;;;;;1048;840;723,2;
19.06.24;19.06.24;ke;-0,35 %;20 832;5 164;0;1 133;27 129;31 051;-1 330;1 246;13;77;78;2 576;1 414;28 543;0;0;11 544;5 790;11 141;17 334;2 576;6 780;;;;;;;;-2 508;789,0;1592,0;-16,7 %;-4 518;-83,85 %;21,1 %;;;;;;;;;;;1049;840;723,85;
20.06.24;20.06.24;to;0,99 %;21 100;5 164;0;1 133;27 397;31 051;-1 330;1 246;13;77;78;2 576;1 414;28 811;0;0;11 544;5 790;11 141;17 334;2 576;6 780;;;;;;;;-2 240;789,0;1592,0;-15,5 %;-4 250;-82,05 %;21,1 %;;;;;;;;;;;1050;840;724,5;
21.06.24;21.06.24;pe;-0,98 %;20 806;5 189;0;1 133;27 128;31 150;-1 429;1 246;13;77;78;2 675;1 414;28 542;0;0;11 544;5 790;11 141;17 334;2 675;6 780;;;;;;;;-2 608;789,0;1592,0;-16,7 %;-4 519;-83,85 %;21,1 %;;;;;;;;;;;1051;840;725,15;
24.06.24;24.06.24;MA;-1,08 %;20 495;5 208;0;1 131;26 834;31 150;-1 429;1 246;13;77;78;2 675;1 414;28 248;0;0;11 544;5 790;11 141;17 334;2 675;6 780;;;;;;;;-2 902;789,0;1592,0;-17,9 %;-4 813;-85,87 %;21,1 %;;;;;;;;;;;1052;840;725,8;
25.06.24;25.06.24;ti;0,23 %;20 637;5 134;0;1 125;26 896;31 208;-1 540;1 193;13;77;78;2 733;1 361;28 257;0;0;11 544;5 790;11 141;17 334;2 733;6 780;;;;;;;;-2 951;789,0;1645,0;-17,7 %;-4 751;-85,44 %;24,5 %;;;;;;;;;;;1053;840;726,45;
26.06.24;26.06.24;ke;-5,50 %;19 211;5 075;0;1 131;25 417;31 247;-79;2 693;13;77;78;2 772;2 861;28 278;0;0;11 544;5 790;11 141;17 334;2 772;6 780;;;Nosto 1500€;;;Nousto 1500€ nordnetistä.;;-2 969;789,0;145,0;-24,5 %;-6 230;-96,23 %;-70,4 %;;;;;;;;;;;1054;840;727,1;
27.06.24;27.06.24;to;-0,30 %;19 154;5 050;0;1 136;25 340;31 265;-97;2 693;13;77;78;2 790;2 861;28 201;0;0;11 544;5 790;11 141;17 334;2 790;6 780;;;;;;;;-3 064;789,0;145,0;-24,9 %;-6 307;-96,83 %;-70,4 %;;;;;;;;;;;1055;840;727,75;
28.06.24;28.06.24;pe;-0,56 %;18 982;5 080;0;1 136;25 198;31 412;-244;2 693;13;77;78;2 937;2 861;28 059;0;0;11 544;5 790;11 141;17 334;2 937;6 780;;;;;;;;-3 353;789,0;145,0;-25,6 %;-6 449;-97,94 %;-70,4 %;;;;;;;;;;;1056;840;728,4;
01.07.24;01.07.24;MA;1,52 %;19 228;5 217;0;1 136;25 581;31 412;2 579;5 516;13;77;78;2 937;5 684;31 265;0;0;11 544;5 790;11 141;17 334;2 937;6 780;;;;;;;;-147;789,0;-2678,0;-23,7 %;-6 066;-94,97 %;-249,1 %;;;;;;;;;;;1057;840;729,05;
02.07.24;02.07.24;ti;-0,80 %;19 119;5 121;0;1 136;25 376;31 422;1 924;4 871;13;77;78;2 947;5 039;30 415;0;0;11 544;5 790;11 141;17 334;2 947;6 780;;;;;;;;-1 007;789,0;-2033,0;-24,7 %;-6 271;-96,55 %;-208,3 %;;;;;;;;;;;1058;840;729,7;
03.07.24;03.07.24;ke;0,97 %;19 292;5 171;0;1 158;25 621;31 422;1 924;4 871;13;77;58;2 947;5 019;30 640;0;0;11 544;5 790;11 141;17 334;2 947;6 780;;;;;;;;-782;789,0;-2013,0;-23,5 %;-6 026;-94,67 %;-208,3 %;;;;;;;;;;;1059;840;730,35;
04.07.24;04.07.24;to;0,28 %;19 341;5 194;0;1 158;25 693;28 233;736;1 009;413;77;58;273;1 557;27 250;0;0;11 411;5 678;10 871;17 089;273;6 780;;;;;;;;-983;789,0;1449,0;-23,2 %;-5 954;-94,12 %;36,1 %;;;;;;;;;;;1060;840;731;
05.07.24;05.07.24;pe;-1,10 %;19 161;5 091;0;1 158;25 410;28 383;586;1 009;413;77;58;423;1 557;26 967;0;0;11 411;5 678;10 871;17 089;423;6 780;;;;;;;;-1 416;789,0;1449,0;-24,5 %;-6 237;-96,28 %;36,1 %;;;;;;;;;;;1061;840;731,65;
08.07.24;08.07.24;MA;-0,50 %;19 101;5 020;0;1 162;25 283;28 383;524;947;413;77;58;423;1 495;26 778;0;0;11 411;5 678;10 871;17 089;423;6 780;;;;;;;;-1 605;789,0;1511,0;-25,2 %;-6 364;-97,27 %;40,1 %;;;;;;;;;;;1062;840;732,3;
09.07.24;09.07.24;ti;-0,66 %;19 045;4 908;0;1 162;25 115;28 383;524;947;413;77;58;423;1 495;26 610;0;0;11 411;5 678;10 871;17 089;423;6 780;;;;;;;;-1 773;789,0;1511,0;-26,0 %;-6 532;-98,59 %;40,1 %;;;;;;;;;;;1063;840;732,95;
10.07.24;10.07.24;ke;0,75 %;19 200;4 942;0;1 162;25 304;28 425;219;684;413;77;58;465;1 232;26 536;0;0;11 411;5 678;10 871;17 089;465;6 780;;;;;;;;-1 889;789,0;1774,0;-25,1 %;-6 343;-97,11 %;56,7 %;;;;;;;;;;;1064;840;733,6;
12.07.24;12.07.24;pe;-2,22 %;18 555;5 022;0;1 165;24 742;28 586;458;1 084;413;77;64;626;1 638;26 380;0;0;11 411;5 678;10 871;17 089;626;6 780;;;Nosto 500€;;;Nosto 500€ nordnetistä.;;-2 206;789,0;1368,0;-27,9 %;-6 905;-101,58 %;31,4 %;;;;;;;;;;;1065;840;734,25;
15.07.24;15.07.24;MA;-1,76 %;18 311;4 830;0;1 165;24 306;28 586;323;949;13;102;64;626;1 128;25 434;0;0;11 411;5 678;10 871;17 089;626;6 900;;;;;;;;-3 152;789,0;1878,0;-30,2 %;-7 341;-105,20 %;39,9 %;;;;;;;;;;;1066;840;734,9;
19.07.24;19.07.24;pe;-2,24 %;17 786;4 810;0;1 165;23 761;29 637;-977;700;13;102;64;1 677;879;24 640;0;0;11 411;5 678;10 871;17 089;1 677;6 900;;Palautin Matleenan tietokoneen verkkokaupan. Ostin Matleenalle tietokoneen Gigantista: MacBook 13 m2 256gt 8mt, 1000€. Rakkaat takaisin muutaman päivän päästä.;;;;;;-4 997;789,0;2127,0;-33,2 %;-7 886;-109,91 %;55,7 %;;;;;;;;;;;1067;840;735,55;
22.07.24;22.07.24;MA;1,76 %;18 100;4 933;0;1 147;24 180;29 651;-991;700;13;102;64;1 691;879;25 059;0;0;11 411;5 678;10 871;17 089;1 691;6 900;;;;;;;;-4 592;789,0;2127,0;-30,9 %;-7 467;-106,27 %;55,7 %;;;;;;;;;;;1068;840;736,2;
23.07.24;23.07.24;ti;0,00 %;18 100;4 933;0;1 147;24 180;29 651;-991;700;13;102;64;1 691;879;25 059;0;0;11 411;5 678;10 871;17 089;1 691;6 900;;Vaihdoin vakuutukset lähitapiolaan. Paitsi lasten matkavakuutus.;;;;;;-4 592;789,0;2127,0;-30,9 %;-7 467;-106,27 %;55,7 %;;;;;;;;;;;1069;840;736,85;
24.07.24;24.07.24;ke;-1,81 %;17 728;4 849;0;1 166;23 743;29 651;538;2 229;13;102;64;1 691;2 408;26 151;0;0;11 411;5 678;10 871;17 089;1 691;6 900;;Verkkokauppa palautti rahat Matleenan MacBook 1550€.;;;;;;-3 500;789,0;598,0;-33,3 %;-7 904;-110,07 %;-41,1 %;;;;;;;;;;;1070;840;737,5;
26.07.24;26.07.24;pe;0,06 %;17 720;4 872;0;1 166;23 758;29 651;538;2 229;13;102;64;1 691;2 408;26 166;0;0;11 411;5 678;10 871;17 089;1 691;6 900;;;;;;;;-3 485;789,0;598,0;-33,2 %;-7 889;-109,93 %;-41,1 %;;;;;;;;;;;1071;840;738,15;
29.07.24;29.07.24;MA;0,08 %;17 750;4 883;0;1 145;23 778;29 651;538;2 229;13;102;64;1 691;2 408;26 186;0;0;11 411;5 678;10 871;17 089;1 691;6 900;;;;;;;;-3 465;789,0;598,0;-33,1 %;-7 869;-109,76 %;-41,1 %;;;;;;;;;;;1072;840;738,8;
30.07.24;30.07.24;ti;-0,35 %;17 602;4 947;0;1 145;23 694;29 651;538;2 229;13;102;64;1 691;2 408;26 102;0;0;11 411;5 678;10 871;17 089;1 691;6 900;;;;;;;;-3 549;789,0;598,0;-33,6 %;-7 953;-110,50 %;-41,1 %;;;;;;;;;;;1073;840;739,45;
31.07.24;31.07.24;ke;2,18 %;18 121;4 945;0;1 145;24 211;29 651;538;2 229;13;102;64;1 691;2 408;26 619;0;0;11 411;5 678;10 871;17 089;1 691;6 900;;;;;;;;-3 032;789,0;598,0;-30,7 %;-7 436;-106,01 %;-41,1 %;;;;;;;;;;;1074;840;740,1;
01.08.24;01.08.24;to;-1,97 %;17 746;4 844;0;1 145;23 735;29 651;3 303;4 994;13;102;64;1 691;5 173;28 908;0;0;11 411;5 678;10 871;17 089;1 691;6 900;;;;;;;;-743;789,0;-2167,0;-33,3 %;-7 912;-110,14 %;-216,1 %;;;;;;;;;;;1075;840;740,75;
02.08.24;02.08.24;pe;-3,36 %;17 075;4 693;0;1 169;22 937;28 269;2 994;3 303;13;102;64;309;3 482;26 419;0;0;11 411;5 678;10 871;17 089;309;6 900;;;;;;;;-1 850;789,0;-476,0;-38,0 %;-8 710;-117,45 %;-109,1 %;;;;;;;;;;;1076;840;741,4;
05.08.24;05.08.24;MA;-2,77 %;16 506;4 627;0;1 169;22 302;27 757;2 348;2 657;13;102;64;309;2 836;25 138;0;0;11 279;5 567;10 602;16 846;309;6 900;;Pörssit romahti -10%. Autohuolto 460€/120t km;Osto amazon 4@598,77.;;;;;-2 619;789,0;170,0;-41,9 %;-9 345;-123,64 %;-68,2 %;;;;;;;;;;;1077;840;742,05;
06.08.24;06.08.24;ti;0,43 %;16 692;4 591;0;1 115;22 398;28 280;1 825;2 657;13;102;64;832;2 836;25 234;0;0;11 279;5 567;10 602;16 846;832;6 900;;;;;;;;-3 046;789,0;170,0;-41,3 %;-9 249;-122,68 %;-68,2 %;;;;;;;;;;;1078;840;742,7;
07.08.24;07.08.24;ke;0,90 %;16 791;4 693;0;1 115;22 599;28 280;1 825;2 657;13;127;64;832;2 861;25 460;0;0;11 279;5 567;10 602;16 846;832;6 900;;;;;;;;-2 820;789,0;145,0;-40,0 %;-9 048;-120,70 %;-68,2 %;;;;;;;;;;;1079;840;743,35;
08.08.24;08.08.24;to;1,24 %;17 035;4 730;0;1 115;22 880;28 280;1 825;2 657;13;127;64;832;2 861;25 741;0;0;11 279;5 567;10 602;16 846;832;6 900;;;;;;;;-2 539;789,0;145,0;-38,3 %;-8 767;-117,99 %;-68,2 %;;;;;;;;;;;1080;840;744;
09.08.24;09.08.24;pe;0,36 %;17 078;4 769;0;1 115;22 962;28 280;1 825;2 657;13;127;64;832;2 861;25 823;0;0;11 279;5 567;10 602;16 846;832;6 900;;;;;;;;-2 457;789,0;145,0;-37,8 %;-8 685;-117,21 %;-68,2 %;;;;;;;;;;;1081;840;744,65;
12.08.24;12.08.24;MA;0,50 %;17 170;4 771;0;1 136;23 077;28 431;1 693;2 676;13;127;48;983;2 864;25 941;0;0;11 279;5 567;10 602;16 846;983;6 900;;Op vakuutus palautti 240€;;;;;;-2 490;789,0;142,0;-37,1 %;-8 570;-116,13 %;-69,4 %;;;;;;;;;;;1082;840;745,3;
13.08.24;13.08.24;ti;1,23 %;17 464;4 762;0;1 136;23 362;28 431;1 693;2 676;13;127;48;983;2 864;26 226;0;0;11 279;5 567;10 602;16 846;983;6 900;;;;;;;;-2 205;789,0;142,0;-35,5 %;-8 285;-113,49 %;-69,4 %;;;;;;;;;;;1083;840;745,95;
14.08.24;14.08.24;ke;0,17 %;17 504;4 744;0;1 153;23 401;28 470;1 654;2 676;13;127;48;1 022;2 864;26 265;0;0;11 279;5 567;10 602;16 846;1 022;6 900;;;;;;;;-2 205;789,0;142,0;-35,2 %;-8 246;-113,14 %;-69,4 %;;;;;;;;;;;1084;840;746,6;
15.08.24;15.08.24;to;1,71 %;17 888;4 764;0;1 148;23 800;28 597;957;2 106;13;127;48;1 149;2 294;26 094;0;0;11 279;5 567;10 602;16 846;1 149;7 020;;;;;;;;-2 503;789,0;712,0;-33,0 %;-7 847;-109,56 %;-33,3 %;;;;;;;;;;;1085;840;747,25;
16.08.24;16.08.24;pe;0,24 %;17 922;4 787;0;1 148;23 857;28 731;823;2 106;13;127;48;1 283;2 294;26 151;0;0;11 279;5 567;10 602;16 846;1 283;7 020;;Elisalle 10 bussilippua 27€. (ei tarkka pvm);;;;;;-2 580;789,0;712,0;-32,7 %;-7 790;-109,06 %;-33,3 %;;;;;;;;;;;1086;840;747,9;
19.08.24;19.08.24;MA;1,32 %;18 166;4 835;0;1 172;24 173;28 793;735;2 080;13;127;48;1 345;2 268;26 441;0;0;11 279;5 567;10 602;16 846;1 345;7 020;;;;;;;;-2 352;789,0;738,0;-30,9 %;-7 474;-106,33 %;-31,6 %;;;;;;;;;;;1087;840;748,55;
20.08.24;20.08.24;ti;-1,00 %;18 002;4 757;0;1 172;23 931;28 793;735;2 080;13;127;48;1 345;2 268;26 199;0;0;11 279;5 567;10 602;16 846;1 345;7 020;;;;;;;;-2 594;789,0;738,0;-32,2 %;-7 716;-108,42 %;-31,6 %;;;;;;;;;;;1088;840;749,2;
21.08.24;21.08.24;ke;0,48 %;18 086;4 789;0;1 172;24 047;28 793;735;2 080;13;127;48;1 345;2 268;26 315;0;0;11 279;5 567;10 602;16 846;1 345;7 020;;Ostin Elisalle iPhone 13 Elisa@395€;;;;;;-2 478;789,0;738,0;-31,6 %;-7 600;-107,41 %;-31,6 %;;;;;;;;;;;1089;840;749,85;
22.08.24;22.08.24;to;-0,56 %;17 950;4 789;0;1 174;23 913;29 253;249;2 054;13;127;48;1 805;2 242;26 155;0;0;11 279;5 567;10 602;16 846;1 805;7 020;;;;;;;;-3 098;789,0;764,0;-32,3 %;-7 734;-108,57 %;-30,0 %;;;;;;;;;;;1090;840;750,5;
23.08.24;23.08.24;pe;1,14 %;18 155;4 856;0;1 174;24 185;29 264;68;1 884;13;127;48;1 816;2 072;26 257;0;0;11 279;5 567;10 602;16 846;1 816;7 020;;;;;;;;-3 007;789,0;934,0;-30,9 %;-7 462;-106,23 %;-19,2 %;;;;;;;;;;;1091;840;751,15;
26.08.24;26.08.24;MA;-0,60 %;18 043;4 826;0;1 172;24 041;29 281;30;1 863;13;127;48;1 833;2 051;26 092;0;0;11 279;5 567;10 602;16 846;1 833;7 020;;;;;;;;-3 189;789,0;955,0;-31,6 %;-7 606;-107,46 %;-17,9 %;;;;;;;;;;;1092;840;751,8;
27.08.24;27.08.24;ti;0,13 %;18 043;4 856;0;1 174;24 073;29 291;20;1 863;13;127;48;1 843;2 051;26 124;0;0;11 279;5 567;10 602;16 846;1 843;7 020;;;;;;;;-3 167;789,0;955,0;-31,5 %;-7 574;-107,19 %;-17,9 %;;;;;;;;;;;1093;840;752,45;
28.08.24;28.08.24;ke;-0,34 %;17 962;4 856;0;1 174;23 992;29 404;-186;1 770;13;127;48;1 956;1 958;25 950;0;0;11 279;5 567;10 602;16 846;1 956;7 020;;;;Myynti Nvidia 30kpl@126,90USD YHT 3807USD;;;;-3 454;789,0;1048,0;-31,9 %;-7 655;-107,89 %;-12,0 %;;;;;;;;;;;1094;840;753,1;
29.08.24;29.08.24;to;0,26 %;18 027;4 856;0;1 172;24 055;29 445;-227;1 770;13;127;48;1 997;1 958;26 013;0;0;11 279;5 567;10 602;16 846;1 997;7 020;;;;;;;;-3 432;789,0;1048,0;-31,6 %;-7 592;-107,34 %;-12,0 %;;;;;;;;;;;1095;840;753,75;
1.9.2024;1.9.2024;su;0,72 %;18 172;4 881;0;1 174;24 227;29 596;-378;1 770;13;127;48;2 148;1 958;26 185;0;0;11 279;5 567;10 602;16 846;2 148;7 020;;Maksoin Elisan Mafynet apin ylioppilaskirjoituksia varten 43€;;;;;;-3 411;789,0;1048,0;-30,6 %;-7 420;-105,87 %;-12,0 %;;;;;;;;;;;1096;840;754,4;
2.9.2024;2.9.2024;MA;0,31 %;18 228;4 899;0;1 174;24 301;29 665;2 391;4 608;13;127;48;2 217;4 796;29 097;0;0;11 279;5 567;10 602;16 846;2 217;7 020;;;;;;;;-568;789,0;-1790,0;-30,2 %;-7 346;-105,24 %;-191,6 %;;;;;;;;;;;1097;840;755,05;
3.9.2024;3.9.2024;ti;-0,84 %;18 072;4 851;0;1 174;24 097;27 860;2 773;3 185;63;127;48;412;3 423;27 520;0;0;11 279;5 567;10 602;16 846;412;7 020;;;;;;;;-340;789,0;-417,0;-31,3 %;-7 550;-106,98 %;-101,6 %;;;;;;;;;;;1098;840;755,7;
4.9.2024;4.9.2024;ke;-0,94 %;17 880;4 805;0;1 185;23 870;27 455;2 032;2 553;63;127;48;521;2 791;26 661;0;0;11 147;5 455;10 332;16 602;521;7 020;;Ostin Elisalle 10 bussilippua 27€.;;;;;;-794;789,0;215,0;-32,6 %;-7 777;-108,95 %;-61,6 %;;;;;;;;;;;1099;840;756,35;
07.09.24;07.09.24;to;0,52 %;17 940;4 870;0;1 185;23 995;27 455;2 032;2 553;63;127;48;521;2 791;26 786;0;0;11 147;5 455;10 332;16 602;521;7 020;;;;;;;;-669;789,0;215,0;-31,9 %;-7 652;-107,86 %;-61,6 %;;;;;;;;;;;1100;840;757;
08.09.24;08.09.24;pe;-1,42 %;17 708;4 769;0;1 178;23 655;27 546;1 919;2 531;63;127;28;612;2 749;26 404;0;0;11 147;5 455;10 332;16 602;612;7 020;;;;;;;;-1 142;789,0;257,0;-33,8 %;-7 992;-110,85 %;-60,2 %;;;;;;;;;;;1101;840;757,65;
09.09.24;09.09.24;MA;1,13 %;17 907;4 837;0;1 178;23 922;27 553;1 624;2 243;63;152;28;619;2 486;26 408;0;0;11 147;5 455;10 332;16 602;619;7 020;;;;;;;;-1 145;789,0;520,0;-32,3 %;-7 725;-108,49 %;-42,0 %;;;;;;;;;;;1102;840;758,3;
10.09.24;10.09.24;ti;-0,20 %;17 939;4 757;0;1 178;23 874;27 553;1 624;2 243;63;152;28;619;2 486;26 360;0;0;11 147;5 455;10 332;16 602;619;7 020;;;;;;;;-1 193;789,0;520,0;-32,6 %;-7 773;-108,91 %;-42,0 %;;;;;;;;;;;1103;840;758,95;
11.09.24;11.09.24;ke;-0,10 %;17 948;4 723;0;1 178;23 849;27 563;1 614;2 243;63;152;28;629;2 486;26 335;0;0;11 147;5 455;10 332;16 602;629;7 020;;;;;;;;-1 228;789,0;520,0;-32,7 %;-7 798;-109,13 %;-42,0 %;;;;;;;;;;;1104;840;759,6;
12.09.24;12.09.24;to;0,61 %;18 044;4 748;0;1 203;23 995;27 677;1 500;2 243;63;152;28;743;2 486;26 481;0;0;11 147;5 455;10 332;16 602;743;7 020;;;;;;;;-1 196;789,0;520,0;-31,9 %;-7 652;-107,86 %;-42,0 %;;;;;;;;;;;1105;840;760,25;
13.09.24;13.09.24;pe;0,14 %;18 073;4 753;0;1 203;24 029;27 764;900;1 730;63;152;28;830;1 973;26 002;0;0;11 147;5 455;10 332;16 602;830;7 020;;;;;;;;-1 762;789,0;1033,0;-31,7 %;-7 618;-107,57 %;-9,5 %;;;;;;;;;;;1106;840;760,9;
16.09.24;16.09.24;MA;-0,25 %;18 019;4 741;0;1 208;23 968;27 793;741;1 600;63;152;28;859;1 843;25 811;0;0;11 147;5 455;10 332;16 602;859;7 140;;;;;;;;-1 982;789,0;1163,0;-32,0 %;-7 679;-108,09 %;-1,3 %;;;;;;;;;;;1107;840;761,55;
17.09.24;17.09.24;ti;1,08 %;18 197;4 821;0;1 208;24 226;27 793;741;1 600;63;152;28;859;1 843;26 069;0;0;11 147;5 455;10 332;16 602;859;7 140;;;;;;;;-1 724;789,0;1163,0;-30,6 %;-7 421;-105,88 %;-1,3 %;;;;;;;;;;;1108;840;762,2;
18.09.24;18.09.24;ke;0,00 %;18 197;4 821;0;1 208;24 226;27 793;741;1 600;63;152;28;859;1 843;26 069;0;0;11 147;5 455;10 332;16 602;859;7 140;;;Osto Eli Lilly 2@907,62$;;;;;-1 724;789,0;1163,0;-30,6 %;-7 421;-105,88 %;-1,3 %;;;;;;;;;;;1109;840;762,85;
19.09.24;19.09.24;to;0,65 %;18 299;4 876;0;1 208;24 383;27 793;741;1 600;63;152;28;859;1 843;26 226;0;0;11 147;5 455;10 332;16 602;859;7 140;;;;;;;;-1 567;789,0;1163,0;-29,8 %;-7 264;-104,55 %;-1,3 %;;;;;;;;;;;1110;840;763,5;
20.09.24;20.09.24;pe;0,38 %;18 367;4 901;0;1 208;24 476;27 974;517;1 557;143;152;28;1 040;1 880;26 356;0;0;11 147;5 455;10 332;16 602;1 040;7 140;;;;;;;;-1 618;789,0;1126,0;-29,3 %;-7 171;-103,78 %;1,5 %;;;;;;;;;;;1111;840;764,15;
23.09.24;23.09.24;MA;0,22 %;18 420;4 901;0;1 208;24 529;27 974;517;1 557;143;152;28;1 040;1 880;26 409;0;0;11 147;5 455;10 332;16 602;1 040;7 140;;;;;;;;-1 565;789,0;1126,0;-29,0 %;-7 118;-103,33 %;1,5 %;;;;;;;;;;;1112;840;764,8;
25.09.24;25.09.24;ke;-0,65 %;18 391;4 771;0;1 208;24 370;28 195;283;1 544;143;152;28;1 261;1 867;26 237;0;0;11 147;5 455;10 332;16 602;1 261;7 140;;;;;;;;-1 958;789,0;1139,0;-29,9 %;-7 277;-104,66 %;2,3 %;;;;;;;;;;;1113;840;765,45;
26.09.24;26.09.24;to;0,52 %;18 460;4 828;0;1 208;24 496;28 195;283;1 544;143;152;28;1 261;1 867;26 363;0;0;11 147;5 455;10 332;16 602;1 261;7 140;;;;;;;;-1 832;789,0;1139,0;-29,2 %;-7 151;-103,61 %;2,3 %;;;;;;;;;;;1114;840;766,1;
27.09.24;27.09.24;pe;-0,07 %;18 399;4 872;0;1 208;24 479;28 605;-173;1 498;143;152;28;1 671;1 821;26 300;0;0;11 147;5 455;10 332;16 602;1 671;7 140;;;;;;;;-2 305;789,0;1185,0;-29,3 %;-7 168;-103,75 %;5,2 %;;;;;;;;;;;1115;840;766,75;
30.09.24;30.09.24;MA;-0,27 %;18 364;4 840;0;1 208;24 412;28 605;-173;1 498;143;152;28;1 671;1 821;26 233;0;0;11 147;5 455;10 332;16 602;1 671;7 140;;;;;;;;-2 372;789,0;1185,0;-29,6 %;-7 235;-104,31 %;5,2 %;;;;;;;;;;;1116;840;767,4;
01.10.24;01.10.24;ti;-1,38 %;18 135;4 732;0;1 208;24 075;28 665;2 605;4 336;143;152;28;1 731;4 659;28 734;0;0;11 147;5 455;10 332;16 602;1 731;7 140;;;;;;;;69;789,0;-1653,0;-31,5 %;-7 572;-107,17 %;-174,4 %;;;;;;;;;;;1117;840;768,05;
02.10.24;02.10.24;ke;0,54 %;18 211;4 787;0;1 208;24 206;28 665;2 605;4 336;143;152;28;1 731;4 659;28 865;0;0;11 147;5 455;10 332;16 602;1 731;7 140;;;;;;;;200;789,0;-1653,0;-30,7 %;-7 441;-106,05 %;-174,4 %;;;;;;;;;;;1118;840;768,7;
03.10.24;03.10.24;to;0,00 %;18 211;4 787;0;1 208;24 206;27 618;2 525;3 209;143;152;28;684;3 532;27 738;0;0;11 147;5 455;10 332;16 602;684;7 140;;Maksoin Elisan abiristeily 126€ (toinen osa);;;;;;120;789,0;-526,0;-30,7 %;-7 441;-106,05 %;-103,1 %;;;;;;;;;;;1119;840;769,35;
04.10.24;04.10.24;pe;-0,02 %;18 208;4 753;0;1 240;24 201;27 703;2 247;3 016;143;152;12;769;3 323;27 524;0;0;11 147;5 455;10 332;16 602;769;7 140;;;;;;;;-179;789,0;-317,0;-30,8 %;-7 446;-106,09 %;-90,9 %;;;;;;;;;;;1120;840;770;
07.10.24;07.10.24;MA;-0,16 %;18 140;4 783;0;1 240;24 163;27 182;1 581;2 350;143;177;12;769;2 682;26 845;0;0;11 013;5 341;10 059;16 354;769;7 140;;;;;;;;-337;789,0;324,0;-31,0 %;-7 484;-106,41 %;-48,7 %;;;;;;;;;;;1121;840;770,65;
08.10.24;08.10.24;ti;0,20 %;18 200;4 771;0;1 240;24 211;27 182;1 581;2 350;143;177;12;769;2 682;26 893;0;0;11 013;5 341;10 059;16 354;769;7 140;;Maksoin Elisan bussiliput 27€;;;;;;-289;789,0;324,0;-30,7 %;-7 436;-106,01 %;-48,7 %;;;;;;;;;;;1122;840;771,3;
09.10.24;09.10.24;ke;0,43 %;18 325;4 751;0;1 240;24 316;27 338;1 425;2 350;143;177;12;925;2 682;26 998;0;0;11 013;5 341;10 059;16 354;925;7 140;;;;;;;;-340;789,0;324,0;-30,1 %;-7 331;-105,12 %;-48,7 %;;;;;;;;;;;1123;840;771,95;
10.10.24;10.10.24;to;0,21 %;18 340;4 764;0;1 264;24 368;27 348;1 152;2 087;143;177;12;935;2 419;26 787;0;0;11 013;5 341;10 059;16 354;935;7 140;;;;;;;;-561;789,0;587,0;-29,9 %;-7 279;-104,68 %;-32,1 %;;;;;;;;;;;1124;840;772,6;
11.10.24;11.10.24;pe;0,46 %;18 479;4 737;0;1 264;24 480;27 459;1 041;2 087;143;177;12;1 046;2 419;26 899;0;0;11 013;5 341;10 059;16 354;1 046;7 140;;;;;;;;-560;789,0;587,0;-29,3 %;-7 167;-103,74 %;-32,1 %;;;;;;;;;;;1125;840;773,25;
14.10.24;14.10.24;MA;0,12 %;18 508;4 735;0;1 266;24 509;27 463;587;1 637;593;177;12;1 050;2 419;26 928;0;0;11 013;5 341;10 059;16 354;1 050;7 140;;;;;;;;-535;789,0;587,0;-29,1 %;-7 138;-103,50 %;-3,6 %;;;;;;;;;;;1126;840;773,9;
15.10.24;15.10.24;ti;-4,69 %;17 350;4 744;0;1 266;23 360;27 463;631;1 681;193;177;12;1 050;2 063;25 423;0;0;11 013;5 341;10 059;16 354;1 050;7 260;;Maksoin Madeira matkan Marille 1036e.;Nosto 1200€;;;Nosto 1200e nordnetistä;;-2 040;789,0;943,0;-35,5 %;-8 287;-113,51 %;-6,4 %;;;;;;;;;;;1127;840;774,55;
16.10.24;16.10.24;ke;-0,30 %;17 277;4 748;0;1 266;23 291;27 567;527;1 681;193;177;12;1 154;2 063;25 354;0;0;11 013;5 341;10 059;16 354;1 154;7 260;;;;;;;;-2 213;789,0;943,0;-35,9 %;-8 356;-114,14 %;-6,4 %;;;;;;;;;;;1128;840;775,2;
17.10.24;17.10.24;to;2,79 %;17 612;5 047;0;1 281;23 940;27 567;527;1 681;193;177;12;1 154;2 063;26 003;0;0;11 013;5 341;10 059;16 354;1 154;7 260;;;;;;;;-1 564;789,0;943,0;-32,2 %;-7 707;-108,34 %;-6,4 %;;;;;;;;;;;1129;840;775,85;
18.10.24;18.10.24;pe;0,22 %;17 648;5 064;0;1 281;23 993;27 746;348;1 681;193;177;12;1 333;2 063;26 056;0;0;11 013;5 341;10 059;16 354;1 333;7 260;;;;;;;;-1 690;789,0;943,0;-31,9 %;-7 654;-107,88 %;-6,4 %;;;;;;;;;;;1130;840;776,5;
24.10.24;24.10.24;to;-1,94 %;17 300;4 947;0;1 281;23 528;27 843;209;1 639;193;177;12;1 430;2 021;25 549;0;0;11 013;5 341;10 059;16 354;1 430;7 260;;;;;;;;-2 294;789,0;985,0;-34,5 %;-8 119;-111,99 %;-3,7 %;;;;;;;;;;;1131;840;777,15;
28.10.24;28.10.24;MA;1,08 %;17 500;5 002;0;1 281;23 783;28 531;-508;1 610;193;177;12;2 118;1 992;25 775;0;0;11 013;5 341;10 059;16 354;2 118;7 260;;Maksoin Madeiran hotellin quinta de... 599;;;;;;-2 756;789,0;1014,0;-33,1 %;-7 864;-109,71 %;-1,9 %;;;;;;;;;;;1132;840;777,8;
29.10.24;29.10.24;ti;-0,16 %;17 470;4 993;0;1 281;23 744;28 531;-508;1 610;193;177;12;2 118;1 992;25 736;0;0;11 013;5 341;10 059;16 354;2 118;7 260;;;;;;;;-2 795;789,0;1014,0;-33,3 %;-7 903;-110,06 %;-1,9 %;;;;;;;;;;;1133;840;778,45;
30.10.24;30.10.24;ke;-1,27 %;17 225;4 936;0;1 281;23 442;28 632;-430;1 789;193;177;12;2 219;2 171;25 613;0;0;11 013;5 341;10 059;16 354;2 219;7 260;;Filmus maksoi 300€-verot;;;;;;-3 019;789,0;835,0;-35,0 %;-8 205;-112,76 %;-13,2 %;;;;;;;;;;;1134;840;779,1;
31.10.24;31.10.24;to;-1,01 %;17 004;4 920;0;1 281;23 205;28 632;-430;1 789;193;177;12;2 219;2 171;25 376;0;0;11 013;5 341;10 059;16 354;2 219;7 260;;;;;;;;-3 256;789,0;835,0;-36,4 %;-8 442;-114,94 %;-13,2 %;;;;;;;;;;;1135;840;779,75;
01.11.24;01.11.24;pe;1,90 %;17 334;5 032;0;1 281;23 647;28 660;2 380;4 627;193;177;12;2 247;5 009;28 656;0;0;11 013;5 341;10 059;16 354;2 247;7 260;;;;;;;;-4;789,0;-2003,0;-33,8 %;-8 000;-110,92 %;-192,8 %;;;;;;;;;;;1136;840;780,4;
04.11.24;04.11.24;MA;-0,19 %;17 343;4 977;0;1 281;23 601;28 660;1 930;4 177;193;177;12;2 247;4 559;28 160;0;0;11 013;5 341;10 059;16 354;2 247;7 260;;;;;;;;-500;789,0;-1553,0;-34,1 %;-8 046;-111,33 %;-164,4 %;;;;;;;;;;;1137;840;781,05;
06.11.24;06.11.24;ke;0,48 %;17 463;4 965;0;1 287;23 715;26 763;1 298;2 167;193;177;12;869;2 549;26 264;0;0;10 880;5 228;9 786;16 108;869;7 260;;Visamaksu 1378€;;;;;;-499;789,0;457,0;-33,4 %;-7 932;-110,31 %;-37,2 %;;;;;;;;;;;1138;840;781,7;
07.11.24;07.11.24;to;0,67 %;17 602;4 942;0;1 329;23 873;26 998;1 038;2 142;193;202;12;1 104;2 549;26 422;0;0;10 880;5 228;9 786;16 108;1 104;7 260;;;;;;;;-576;789,0;457,0;-32,6 %;-7 774;-108,92 %;-35,6 %;;;;;;;;;;;1139;840;782,35;
08.11.24;08.11.24;pe;0,00 %;17 602;4 942;0;1 329;23 873;27 425;611;2 142;193;202;12;1 531;2 549;26 422;0;0;10 880;5 228;9 786;16 108;1 531;7 260;;;;;;;;-1 003;789,0;457,0;-32,6 %;-7 774;-108,92 %;-35,6 %;;;;;;;;;;;1140;840;783;
11.11.24;11.11.24;MA;0,52 %;17 723;4 945;0;1 329;23 997;27 479;237;1 822;193;202;12;1 585;2 229;26 226;0;0;10 880;5 228;9 786;16 108;1 585;7 260;;;;;;;;-1 253;789,0;777,0;-31,9 %;-7 650;-107,84 %;-15,3 %;;;;;;;;;;;1141;840;783,65;
12.11.24;12.11.24;ti;-1,29 %;17 525;4 833;0;1 329;23 687;27 614;102;1 822;193;202;12;1 720;2 229;25 916;0;0;10 880;5 228;9 786;16 108;1 720;7 260;;;;;;;;-1 698;789,0;777,0;-33,6 %;-7 960;-110,56 %;-15,3 %;;;;;;;;;;;1142;840;784,3;
13.11.24;13.11.24;ke;0,22 %;17 603;4 808;0;1 329;23 740;27 614;102;1 822;193;202;12;1 720;2 229;25 969;0;0;10 880;5 228;9 786;16 108;1 720;7 260;;;;;;;;-1 645;789,0;777,0;-33,3 %;-7 907;-110,09 %;-15,3 %;;;;;;;;;;;1143;840;784,95;
14.11.24;14.11.24;to;0,81 %;17 720;4 883;0;1 329;23 932;27 614;102;1 822;193;202;12;1 720;2 229;26 161;0;0;10 880;5 228;9 786;16 108;1 720;7 260;;;;;;;;-1 453;789,0;777,0;-32,2 %;-7 715;-108,41 %;-15,3 %;;;;;;;;;;;1144;840;785,6;
15.11.24;15.11.24;pe;-0,71 %;17 501;4 931;0;1 329;23 761;27 714;-568;1 252;93;202;12;1 820;1 559;25 320;0;0;10 880;5 228;9 786;16 108;1 820;7 380;;;;;;;;-2 394;789,0;1447,0;-33,2 %;-7 886;-109,91 %;20,8 %;;;;;;;;;;;1145;840;786,25;
26.11.24;26.11.24;ti;0,21 %;17 656;4 826;0;1 329;23 811;27 714;-568;1 252;93;202;12;1 820;1 559;25 370;0;0;10 880;5 228;9 786;16 108;1 820;7 380;;;;;;;;-2 344;789,0;1447,0;-32,9 %;-7 836;-109,47 %;20,8 %;;;;;;;;;;;1146;840;786,9;
27.11.24;27.11.24;ke;-0,43 %;17 550;4 830;0;1 329;23 709;27 714;-568;1 252;93;202;12;1 820;1 559;25 268;0;0;10 880;5 228;9 786;16 108;1 820;7 380;;;;;;;;-2 446;789,0;1447,0;-33,5 %;-7 938;-110,37 %;20,8 %;;;;;;;;;;;1147;840;787,55;
28.11.24;28.11.24;to;0,71 %;17 650;4 899;0;1 329;23 878;27 714;-568;1 252;93;202;12;1 820;1 559;25 437;0;0;10 880;5 228;9 786;16 108;1 820;7 380;;;;;;;;-2 277;789,0;1447,0;-32,5 %;-7 769;-108,88 %;20,8 %;;;;;;;;;;;1148;840;788,2;
02.12.24;02.12.24;MA;1,29 %;17 921;4 936;0;1 329;24 186;28 364;1 526;3 996;93;202;12;2 470;4 303;28 489;0;0;10 880;5 228;9 786;16 108;2 470;7 380;;;;;;;;125;789,0;-1297,0;-30,8 %;-7 461;-106,22 %;-152,9 %;;;;;;;;;;;1149;840;788,85;
03.12.24;03.12.24;ti;0,20 %;18 018;4 970;0;1 247;24 235;26 363;1 526;1 995;93;202;155;469;2 445;26 680;0;0;10 880;5 228;9 786;16 108;469;7 380;;Visamaksu 2001€;;;;;;317;789,0;561,0;-30,6 %;-7 412;-105,80 %;-26,3 %;;;;;;;;;;;1150;840;789,5;
04.12.24;04.12.24;ke;0,50 %;18 135;4 981;0;1 241;24 357;26 363;1 526;1 995;93;202;155;469;2 445;26 802;0;0;10 880;5 228;9 786;16 108;469;7 380;;;;;;;;439;789,0;561,0;-29,9 %;-7 290;-104,77 %;-26,3 %;;;;;;;;;;;1151;840;790,15;
05.12.24;05.12.24;to;0,79 %;18 233;5 075;0;1 241;24 549;25 969;770;1 367;93;202;155;597;1 817;26 366;0;0;10 745;5 116;9 511;15 861;597;7 380;;;;;;;;397;789,0;1189,0;-28,9 %;-7 098;-103,17 %;13,5 %;;;;;;;;;;;1152;840;790,8;
08.12.24;08.12.24;su;0,58 %;18 375;5 075;0;1 241;24 691;26 127;543;1 298;93;202;155;755;1 748;26 439;0;0;10 745;5 116;9 511;15 861;755;7 380;;;;;;;;312;789,0;1258,0;-28,2 %;-6 956;-102,00 %;17,8 %;;;;;;;;;;;1153;840;791,45;
09.12.24;09.12.24;MA;-0,90 %;18 232;4 993;0;1 244;24 469;26 127;543;1 298;93;202;155;755;1 748;26 217;0;0;10 745;5 116;9 511;15 861;755;7 380;;;;;;;;90;789,0;1258,0;-29,3 %;-7 178;-103,83 %;17,8 %;;;;;;;;;;;1154;840;792,1;
10.12.24;10.12.24;ti;-0,60 %;18 146;4 933;0;1 244;24 323;26 127;543;1 298;93;202;155;755;1 748;26 071;0;0;10 745;5 116;9 511;15 861;755;7 380;;;;;;;;-56;789,0;1258,0;-30,1 %;-7 324;-105,06 %;17,8 %;;;;;;;;;;;1155;840;792,75;
11.12.24;11.12.24;ke;-0,53 %;18 110;4 840;0;1 244;24 194;26 127;543;1 298;93;202;155;755;1 748;25 942;0;0;10 745;5 116;9 511;15 861;755;7 380;;;;;;;;-185;789,0;1258,0;-30,8 %;-7 453;-106,15 %;17,8 %;;;;;;;;;;;1156;840;793,4;
12.12.24;12.12.24;to;0,02 %;18 072;4 883;0;1 244;24 199;26 127;543;1 298;93;202;155;755;1 748;25 947;0;0;10 745;5 116;9 511;15 861;755;7 380;;;;;;;;-180;789,0;1258,0;-30,8 %;-7 448;-106,11 %;17,8 %;;;;;;;;;;;1157;840;794,05;
13.12.24;13.12.24;pe;-0,57 %;17 935;4 883;0;1 244;24 062;26 127;543;1 298;93;202;155;755;1 748;25 810;0;0;10 745;5 116;9 511;15 861;755;7 380;;;;;;;;-317;789,0;1258,0;-31,5 %;-7 585;-107,28 %;17,8 %;;;;;;;;;;;1158;840;794,7;
16.12.24;16.12.24;MA;0,17 %;17 974;4 885;0;1 244;24 103;26 503;-639;492;43;227;155;1 131;917;25 020;0;0;10 745;5 116;9 511;15 861;1 131;7 380;;;;;;;;-1 483;789,0;2089,0;-31,3 %;-7 544;-106,93 %;68,9 %;;;;;;;;;;;1159;840;795,35;
18.12.24;18.12.24;ke;-1,22 %;17 713;4 851;0;1 244;23 808;26 571;-743;456;43;227;155;1 199;881;24 689;0;0;10 745;5 116;9 511;15 861;1 199;7 380;;;;;;;;-1 882;789,0;2125,0;-32,9 %;-7 839;-109,49 %;71,1 %;;;;;;;;;;;1160;840;796;
19.12.24;19.12.24;to;-0,66 %;17 647;4 783;0;1 220;23 650;26 699;-886;441;43;227;155;1 327;866;24 516;0;0;10 745;5 116;9 511;15 861;1 327;7 500;;;;;;;;-2 183;789,0;2140,0;-33,8 %;-7 997;-110,89 %;72,1 %;;;;;;;;;;;1161;840;796,65;
20.12.24;20.12.24;pe;-0,79 %;17 560;4 682;0;1 220;23 462;26 827;-1 027;428;43;227;155;1 455;853;24 315;0;0;10 745;5 116;9 511;15 861;1 455;7 500;;;;;;;;-2 512;789,0;2153,0;-34,9 %;-8 185;-112,58 %;72,9 %;;;;;;;;;;;1162;840;797,3;
23.12.24;23.12.24;MA;0,62 %;17 670;4 696;0;1 241;23 607;26 846;-1 046;428;43;227;155;1 474;853;24 460;0;0;10 745;5 116;9 511;15 861;1 474;7 500;;;;;;;;-2 386;789,0;2153,0;-34,1 %;-8 040;-111,28 %;72,9 %;;;;;;;;;;;1163;840;797,95;
26.12.24;26.12.24;to;0,22 %;17 712;4 707;0;1 241;23 660;26 966;-1 166;428;43;227;155;1 594;853;24 513;0;0;10 745;5 116;9 511;15 861;1 594;7 500;;;;;;;;-2 453;789,0;2153,0;-33,8 %;-7 987;-110,80 %;72,9 %;;;;;;;;;;;1164;840;798,6;
27.12.24;27.12.24;pe;0,56 %;17 776;4 776;0;1 241;23 793;27 009;-1 209;428;43;227;155;1 637;853;24 646;0;0;10 745;5 116;9 511;15 861;1 637;7 500;;;;;;;;-2 363;789,0;2153,0;-33,0 %;-7 854;-109,62 %;72,9 %;;;;;;;;;;;1165;840;799,25;
30.12.24;30.12.24;MA;-0,14 %;17 713;4 799;0;1 247;23 759;27 053;-1 253;428;43;227;155;1 681;853;24 612;0;0;10 745;5 116;9 511;15 861;1 681;7 500;;;;;;;;-2 441;789,0;2153,0;-33,2 %;-7 888;-109,92 %;72,9 %;;;;;;;;;;;1166;840;799,9;
31.12.24;31.12.24;ti;-0,01 %;17 719;4 799;0;1 238;23 756;27 053;-1 253;428;43;227;155;1 681;853;24 609;0;0;10 745;5 116;9 511;15 861;1 681;7 500;;Nostot nordnetistä 2024 yh. 7200€;;;;;;-2 444;789,0;2153,0;-33,2 %;-7 891;-109,95 %;72,9 %;;;;;;;;;;;1167;840;800,55;
02.01.25;02.01.25;to;1,37 %;18 000;4 844;0;1 238;24 082;27 089;1 566;3 283;43;227;155;1 717;3 708;27 790;0;0;10 745;5 116;9 511;15 861;1 717;7 500;;Luottokorko 4,4% autolaina. Aikaisempi korko 5,5.;;;;;;701;789,0;-702,0;-31,4 %;-7 565;-107,11 %;-107,8 %;;;;;;;;;;;1168;840;801,2;2025
03.01.25;03.01.25;pe;0,44 %;18 070;4 881;0;1 238;24 189;27 198;1 457;3 283;43;227;155;1 826;3 708;27 897;0;0;10 745;5 116;9 511;15 861;1 826;7 500;;;;;;;;699;789,0;-702,0;-30,8 %;-7 458;-106,19 %;-107,8 %;;;;;;;;;;;1169;840;801,85;
06.01.25;06.01.25;MA;-0,05 %;18 058;4 881;0;1 238;24 177;27 277;1 378;3 283;43;227;155;1 905;3 708;27 885;0;0;10 745;5 116;9 511;15 861;1 905;7 500;;;;;;;;608;789,0;-702,0;-30,9 %;-7 470;-106,30 %;-107,8 %;;;;;;;;;;;1170;840;802,5;
07.01.25;07.01.25;ti;1,19 %;18 190;5 036;0;1 238;24 464;26 829;659;2 655;43;227;155;1 996;3 080;27 544;0;0;10 600;4 998;9 235;15 598;1 996;7 500;;;;;;;;715;789,0;-74,0;-29,4 %;-7 183;-103,88 %;-68,0 %;;;;;;;;;;;1171;840;803,15;
08.01.25;08.01.25;ke;-0,67 %;18 064;5 000;0;1 236;24 300;25 355;658;1 180;43;228;155;522;1 606;25 906;0;0;10 600;4 998;9 235;15 598;522;7 500;;Visa lasku 1474€;;;;;;551;789,0;1400,0;-30,2 %;-7 347;-105,25 %;25,3 %;;;;;;;;;;;1172;840;803,8;
09.01.25;09.01.25;to;-0,06 %;18 049;5 000;0;1 236;24 285;25 355;658;1 180;43;228;155;522;1 606;25 891;0;0;10 600;4 998;9 235;15 598;522;7 500;;;;;;;;536;789,0;1400,0;-30,3 %;-7 362;-105,38 %;25,3 %;;;;;;;;;;;1173;840;804,45;
13.01.25;13.01.25;MA;0,22 %;18 092;5 018;0;1 228;24 338;25 422;272;861;43;228;155;589;1 287;25 625;0;0;10 600;4 998;9 235;15 598;589;7 500;;;;;;;;203;789,0;1719,0;-30,0 %;-7 309;-104,93 %;45,5 %;;;;;;;;;;;1174;840;805,1;
14.01.25;14.01.25;ti;-0,41 %;17 946;5 064;0;1 228;24 238;25 422;272;861;43;228;155;589;1 287;25 525;0;0;10 600;4 998;9 235;15 598;589;7 500;;;;;;;;103;789,0;1719,0;-30,6 %;-7 409;-105,78 %;45,5 %;;;;;;;;;;;1175;840;805,75;
15.01.25;15.01.25;ke;1,18 %;18 200;5 102;0;1 222;24 524;25 422;-169;420;43;228;155;589;846;25 370;0;0;10 600;4 998;9 235;15 598;589;7 620;;;;;;;;-52;789,0;2160,0;-29,0 %;-7 123;-103,38 %;73,4 %;;;;;;;;;;;1176;840;806,4;
16.01.25;16.01.25;to;-0,22 %;18 146;5 102;0;1 222;24 470;25 470;-379;258;43;228;155;637;684;25 154;0;0;10 600;4 998;9 235;15 598;637;7 620;;;;;;;;-316;789,0;2322,0;-29,3 %;-7 177;-103,83 %;83,7 %;;;;;;;;;;;1177;840;807,05;
17.01.25;17.01.25;pe;0,67 %;18 286;5 125;0;1 222;24 633;25 843;-785;225;43;228;155;1 010;651;25 284;0;0;10 600;4 998;9 235;15 598;1 010;7 620;;;;;;;;-559;789,0;2355,0;-28,5 %;-7 014;-102,48 %;85,8 %;;;;;;;;;;;1178;840;807,7;
20.01.25;20.01.25;MA;-0,19 %;18 226;5 137;0;1 222;24 585;25 847;-802;212;43;228;155;1 014;638;25 223;0;0;10 600;4 998;9 235;15 598;1 014;7 620;;Trump toinen kausi alkaa;;;;;;-624;789,0;2368,0;-28,7 %;-7 062;-102,87 %;86,6 %;;;;;;;;;;;1179;840;808,35;
21.01.25;21.01.25;ti;1,27 %;18 426;5 217;0;1 254;24 897;26 284;-1 267;184;43;228;155;1 451;610;25 507;0;0;10 600;4 998;9 235;15 598;1 451;7 620;;;;;;;;-777;789,0;2396,0;-27,1 %;-6 750;-100,33 %;88,4 %;;;;;;;;;;;1180;840;809;
22.01.25;22.01.25;ke;-0,53 %;18 300;5 212;0;1 254;24 766;26 373;-1 363;177;43;228;155;1 540;603;25 369;0;0;10 600;4 998;9 235;15 598;1 540;7 620;;Spotify rahat vuodeksi Elisalle ja Matleenalle 84+84=168€. Uintiranneke Matleenalle 48€.;Nosto nordnetistä 300€;;;;;-1 004;789,0;2403,0;-27,8 %;-6 881;-101,39 %;88,8 %;;;;;;;;;;;1181;840;809,65;
23.01.25;23.01.25;to;0,80 %;18 408;5 301;0;1 254;24 963;26 373;-1 363;177;43;228;155;1 540;603;25 566;0;0;10 600;4 998;9 235;15 598;1 540;7 620;;;;;;;;-807;789,0;2403,0;-26,8 %;-6 684;-99,80 %;88,8 %;;;;;;;;;;;1182;840;810,3;
24.01.25;24.01.25;pe;-0,06 %;18 388;5 294;0;1 266;24 948;26 376;-1 379;164;43;228;155;1 543;590;25 538;0;0;10 600;4 998;9 235;15 598;1 543;7 620;;;;;;;;-838;789,0;2416,0;-26,9 %;-6 699;-99,92 %;89,6 %;;;;;;;;;;;1183;840;810,95;
27.01.25;27.01.25;MA;-0,10 %;18 344;5 313;0;1 266;24 923;26 453;-1 456;164;43;228;155;1 620;590;25 513;0;0;10 600;4 998;9 235;15 598;1 620;7 620;;Deepseek julkaistiin, usa teknot alas;;;;;;-940;789,0;2416,0;-27,0 %;-6 724;-100,12 %;89,6 %;;;;;;;;;;;1184;840;811,6;
28.01.25;28.01.25;ti;0,47 %;18 461;5 313;0;1 266;25 040;26 453;-1 456;164;43;228;155;1 620;590;25 630;0;0;10 600;4 998;9 235;15 598;1 620;7 620;;;;;;;;-823;789,0;2416,0;-26,4 %;-6 607;-99,19 %;89,6 %;;;;;;;;;;;1185;840;812,25;
29.01.25;29.01.25;ke;-0,01 %;18 479;5 292;0;1 266;25 037;26 675;-1 678;164;43;228;155;1 842;590;25 627;0;0;10 600;4 998;9 235;15 598;1 842;7 620;;Ostin konserttiliput Tommy Emmanuel 140€ kaksio lippua;;;;;;-1 048;789,0;2416,0;-26,4 %;-6 610;-99,21 %;89,6 %;;;;;;;;;;;1186;840;812,9;
30.01.25;30.01.25;to;0,54 %;18 565;5 342;0;1 266;25 173;26 675;-1 758;84;43;228;155;1 842;510;25 683;0;0;10 600;4 998;9 235;15 598;1 842;7 620;;;;;;;;-992;789,0;2496,0;-25,7 %;-6 474;-98,13 %;94,7 %;;;;;;;;;;;1187;840;813,55;
31.01.25;31.01.25;pe;-0,11 %;18 656;5 246;0;1 243;25 145;27 649;940;3 756;43;228;155;2 816;4 182;29 327;0;0;10 600;4 998;9 235;15 598;2 816;7 620;;Ostin astianpesukone 860€ (isä halusi maksaa ja sain vastaavan summan tililleni.;;;;;;1 678;789,0;-1176,0;-25,9 %;-6 502;-98,35 %;-137,7 %;;;;;;;;;;;1188;840;814,2;
03.02.25;03.02.25;MA;-0,87 %;18 495;5 189;0;1 243;24 927;26 109;939;2 215;43;228;155;1 276;2 641;27 568;0;0;10 600;4 998;9 235;15 598;1 276;7 620;;Visalasku 1540€;;;;;;1 459;789,0;365,0;-27,0 %;-6 720;-100,09 %;-40,2 %;;;;;;;;;;;1189;840;814,85;
04.02.25;04.02.25;ti;0,02 %;18 527;5 162;0;1 243;24 932;26 204;844;2 215;43;228;155;1 371;2 641;27 573;0;0;10 600;4 998;9 235;15 598;1 371;7 620;;;;;;;;1 369;789,0;365,0;-26,9 %;-6 715;-100,05 %;-40,2 %;;;;;;;;;;;1190;840;815,5;
05.02.25;05.02.25;ke;-0,38 %;18 449;5 146;0;1 243;24 838;25 720;160;1 592;43;228;155;1 432;2 018;26 856;0;0;10 455;4 880;8 953;15 335;1 432;7 620;;;;;;;;1 136;789,0;988,0;-27,4 %;-6 809;-100,81 %;-0,8 %;;;;;;;;;;;1191;840;816,15;
06.02.25;06.02.25;to;1,82 %;18 755;5 292;0;1 243;25 290;25 776;104;1 592;43;228;155;1 488;2 018;27 308;0;0;10 455;4 880;8 953;15 335;1 488;7 620;;;;;;;;1 532;789,0;988,0;-25,1 %;-6 357;-97,22 %;-0,8 %;;;;;;;;;;;1192;840;816,8;
07.02.25;07.02.25;pe;-0,37 %;18 660;5 294;0;1 243;25 197;25 776;34;1 522;43;228;155;1 488;1 948;27 145;0;0;10 455;4 880;8 953;15 335;1 488;7 620;;Elisalle 70€ abirahaa;;;;;;1 369;789,0;1058,0;-25,6 %;-6 450;-97,94 %;3,7 %;;;;;;;;;;;1193;840;817,45;
10.02.25;10.02.25;MA;0,64 %;18 812;5 303;0;1 243;25 358;25 776;-286;1 202;43;228;155;1 488;1 628;26 986;0;0;10 455;4 880;8 953;15 335;1 488;7 620;;Vastike 265€;;;;;;1 210;789,0;1378,0;-24,8 %;-6 289;-96,69 %;23,9 %;;;;;;;;;;;1194;840;818,1;
11.02.25;11.02.25;ti;0,42 %;18 835;5 386;0;1 243;25 464;25 873;-383;1 202;43;228;155;1 585;1 628;27 092;0;0;10 455;4 880;8 953;15 335;1 585;7 620;;;;;;;;1 219;789,0;1378,0;-24,3 %;-6 183;-95,87 %;23,9 %;;;;;;;;;;;1195;840;818,75;
12.02.25;12.02.25;ke;-0,43 %;18 729;5 383;0;1 243;25 355;25 915;-425;1 202;43;228;155;1 627;1 628;26 983;0;0;10 455;4 880;8 953;15 335;1 627;7 620;;;;;;;;1 068;789,0;1378,0;-24,8 %;-6 292;-96,71 %;23,9 %;;;;;;;;;;;1196;840;819,4;
13.02.25;13.02.25;to;0,53 %;18 850;5 397;0;1 243;25 490;26 302;-812;1 202;43;228;155;2 014;1 628;27 118;0;0;10 455;4 880;8 953;15 335;2 014;7 620;;Elisalle lentolipput Puolaan 317€;;;;;;816;789,0;1378,0;-24,2 %;-6 157;-95,67 %;23,9 %;;;;;;;;;;;1197;840;820,05;
17.02.25;17.02.25;MA;1,10 %;18 984;5 543;0;1 243;25 770;26 302;-812;1 202;43;228;155;2 014;1 628;27 398;0;0;10 455;4 880;8 953;15 335;2 014;7 740;;;;;;;;1 096;789,0;1378,0;-22,8 %;-5 877;-93,54 %;23,9 %;;;;;;;;;;;1198;840;820,7;
18.02.25;18.02.25;ti;0,52 %;19 066;5 594;0;1 243;25 903;26 378;-1 395;695;43;228;155;2 090;1 121;27 024;0;0;10 455;4 880;8 953;15 335;2 090;7 740;;;;;;;;646;789,0;1885,0;-22,2 %;-5 744;-92,55 %;56,0 %;;;;;;;;;;;1199;840;821,35;
19.02.25;19.02.25;ke;-0,18 %;19 079;5 534;0;1 243;25 856;26 378;-1 460;630;43;228;155;2 090;1 056;26 912;0;0;10 455;4 880;8 953;15 335;2 090;7 740;;Maksoin Elisan fdo + kisa maksun yhteydessä ht65€. Annoin 20€ setelin kun lähti kirjastoon.;;;;;;534;789,0;1950,0;-22,4 %;-5 791;-92,90 %;60,1 %;;;;;;;;;;;1200;840;822;
20.02.25;20.02.25;to;-0,13 %;19 010;5 569;0;1 243;25 822;26 427;-1 509;630;43;228;155;2 139;1 056;26 878;0;0;10 455;4 880;8 953;15 335;2 139;7 740;;;;;;;;451;789,0;1950,0;-22,6 %;-5 825;-93,15 %;60,1 %;;;;;;;;;;;1201;840;822,65;
21.02.25;21.02.25;pe;0,43 %;19 026;5 665;0;1 243;25 934;26 447;-1 529;630;43;228;155;2 159;1 056;26 990;0;0;10 455;4 880;8 953;15 335;2 159;7 740;;Annoin Matleenalle 50€;;;;;;543;789,0;1950,0;-22,0 %;-5 713;-92,32 %;60,1 %;;;;;;;;;;;1202;840;823,3;
24.02.25;24.02.25;Monday;-0,22 %;18 959;5 662;0;1 255;25 876;26 560;-1 712;560;43;228;155;2 272;986;26 862;0;0;10 455;4 880;8 953;15 335;2 272;7 740;;;;;;;;302;789,0;2020,0;-22,3 %;-5 771;-92,75 %;64,6 %;;;;;;;;;;;1203;840;823,95;
25.02.25;26.02.25;Tuesday;0,59 %;19 006;5 767;0;1 255;26 028;26 611;-1 768;555;43;228;155;2 323;981;27 009;0;0;10 455;4 880;8 953;15 335;2 323;7 740;;;;;;;;398;789,0;2025,0;-21,6 %;-5 619;-91,62 %;64,9 %;;;;;;;;;;;1204;840;824,6;
26.02.25;26.02.25;Wednesday;1,28 %;19 254;5 852;0;1 255;26 361;26 611;-1 768;555;43;228;155;2 323;981;27 342;0;0;10 455;4 880;8 953;15 335;2 323;7 740;;;;;;;;731;789,0;2025,0;-20,1 %;-5 286;-89,20 %;64,9 %;;;;;;;;;;;1205;840;825,25;
27.02.25;27.02.25;Thursday;-1,06 %;19 064;5 763;0;1 255;26 082;26 611;-1 768;555;43;228;155;2 323;981;27 063;0;0;10 455;4 880;8 953;15 335;2 323;7 740;;;;;;;;452;789,0;2025,0;-21,3 %;-5 565;-91,23 %;64,9 %;;;;;;;;;;;1206;840;825,9;
28.02.25;28.02.25;Friday;0,33 %;19 130;5 783;0;1 255;26 168;26 611;-1 768;555;43;228;155;2 323;981;27 149;0;0;10 455;4 880;8 953;15 335;2 323;7 740;;;;;;;;538;789,0;2025,0;-20,9 %;-5 479;-90,60 %;64,9 %;;;;;;;;;;;1207;840;826,55;
03.03.25;03.03.25;Monday;0,41 %;19 140;5 879;0;1 255;26 274;24 507;953;1 172;43;228;155;219;1 598;27 872;0;0;10 455;4 880;8 953;15 335;219;7 740;;Visalasku 2238 €;;;;;;3 365;789,0;1408,0;-20,4 %;-5 373;-89,83 %;25,8 %;;;;;;;;;;;1208;840;827,2;
04.03.25;04.03.25;Tuesday;-3,12 %;18 531;5 669;0;1 255;25 455;24 507;953;1 172;43;228;155;219;1 598;27 053;0;0;10 455;4 880;8 953;15 335;219;7 740;;;;;;;;2 546;789,0;1408,0;-24,3 %;-6 192;-95,94 %;25,8 %;;;;;;;;;;;1209;840;827,85;
05.03.25;05.03.25;Wednesday;1,58 %;18 816;5 863;0;1 177;25 856;24 027;256;548;43;228;155;292;974;26 830;0;0;10 308;4 760;8 667;15 068;292;7 740;;;;;;;;2 803;789,0;2032,0;-22,4 %;-5 791;-92,90 %;65,3 %;;;;;;;;;;;1210;840;828,5;
06.03.25;06.03.25;Thursday;0,12 %;18 754;5 955;0;1 177;25 886;24 027;256;548;43;228;155;292;974;26 860;0;0;10 308;4 760;8 667;15 068;292;7 740;;Matleena osti Google pixel puhelimen, lupasin maksaa 200€ siihen. Kokonaishinta 700.;Isä soitti ja oli tilannut sairaala pastorin. Kiitin häntä soitosta.;;;;;2 833;789,0;2032,0;-22,3 %;-5 761;-92,68 %;65,3 %;;;;;;;;;;;1211;840;829,15;
07.03.25;07.03.25;Friday;0,21 %;18 721;6 042;0;1 177;25 940;24 220;35;520;43;228;155;485;946;26 886;0;0;10 308;4 760;8 667;15 068;485;7 740;;Isältä oli otettu hammas pois.;;;;;;2 666;789,0;2060,0;-22,0 %;-5 707;-92,27 %;67,1 %;;;;;;;;;;;1212;840;829,8;
10.03.25;10.03.25;Monday;-1,25 %;18 487;5 952;0;1 177;25 616;24 271;-372;164;43;228;155;536;590;26 206;0;0;10 308;4 760;8 667;15 068;536;7 740;;;;;;;;1 935;789,0;2416,0;-23,5 %;-6 031;-94,71 %;89,6 %;;;;;;;;;;;1213;840;830,45;
11.03.25;11.03.25;Tuesday;-0,75 %;18 339;5 909;0;1 177;25 425;24 319;-220;364;43;28;155;584;590;26 015;0;0;10 308;4 760;8 667;15 068;584;7 740;;Isä siirretään Ulvilan tervkesk.;;;;;;1 696;789,0;2416,0;-24,5 %;-6 222;-96,17 %;77,0 %;;;;;;;;;;;1214;840;831,1;
12.03.25;12.03.25;Wednesday;-0,19 %;18 322;5 877;0;1 177;25 376;24 319;-220;364;43;28;155;584;590;25 966;0;0;10 308;4 760;8 667;15 068;584;7 740;;;;;;;;1 647;789,0;2416,0;-24,7 %;-6 271;-96,55 %;77,0 %;;;;;;;;;;;1215;840;831,75;
13.03.25;13.03.25;Thursday;-1,23 %;18 018;5 868;0;1 177;25 063;24 339;-40;564;43;28;155;604;790;25 853;0;0;10 308;4 760;8 667;15 068;604;7 740;;;Nosto 200€ nordnetistä;;;;;1 514;789,0;2216,0;-26,3 %;-6 584;-99,00 %;64,3 %;;;;;;;;;;;1216;840;832,4;
14.03.25;14.03.25;Friday;1,25 %;18 244;5 955;0;1 177;25 376;24 349;100;714;43;28;25;614;810;26 186;0;0;10 308;4 760;8 667;15 068;614;7 740;;Ajoin isän parran, kun vierailin kaupungin sairaalassa.;Nosto s pankista 150€;;;;;1 837;789,0;2196,0;-24,7 %;-6 271;-96,55 %;54,8 %;;;;;;;;;;;1217;840;833,05;
16.03.25;16.03.25;Sunday;0,00 %;18 244;5 955;0;1 177;25 376;24 422;-373;314;108;28;25;687;475;25 851;0;0;10 308;4 760;8 667;15 068;687;7 740;;;;;;;;1 429;789,0;2531,0;-24,7 %;-6 271;-96,55 %;80,1 %;;;;;;;;;;;1218;840;833,7;
17.03.25;17.03.25;Monday;-0,18 %;18 221;5 932;0;1 177;25 330;24 491;-562;194;108;28;25;756;355;25 685;0;0;10 308;4 760;8 667;15 068;756;7 860;;;;;;;;1 194;789,0;2651,0;-24,9 %;-6 317;-96,90 %;87,7 %;;;;;;;;;;;1219;840;834,35;
18.03.25;18.03.25;Tuesday;0,04 %;18 226;5 998;0;1 116;25 340;24 491;-574;182;108;28;25;756;343;25 683;0;0;10 308;4 760;8 667;15 068;756;7 860;;;;;;;;1 192;789,0;2663,0;-24,9 %;-6 307;-96,83 %;88,5 %;;;;;;;;;;;1220;840;835;
19.03.25;19.03.25;Wednesday;-0,13 %;18 244;5 946;0;1 116;25 306;24 491;-574;182;108;28;25;756;343;25 649;0;0;10 308;4 760;8 667;15 068;756;7 860;;;;;;;;1 158;789,0;2663,0;-25,1 %;-6 341;-97,09 %;88,5 %;;;;;;;;;;;1221;840;835,65;
20.03.25;20.03.25;Thursday;-3,63 %;17 809;5 463;0;1 116;24 388;24 586;-685;166;108;28;25;851;327;24 715;0;0;10 308;4 760;8 667;15 068;851;7 860;;;;;;;;129;789,0;2679,0;-29,8 %;-7 259;-104,51 %;89,5 %;;;;;;;;;;;1222;840;836,3;
21.03.25;21.03.25;Friday;0,02 %;17 817;5 459;0;1 116;24 392;24 586;1 315;2 166;108;28;25;851;2 327;26 719;0;0;10 308;4 760;8 667;15 068;851;7 860;;Vanhemmat lahjoittivat 2000€. Jokainen lapsi puolisoineen saivat samaan summan.;;;;;;2 133;789,0;679,0;-29,7 %;-7 255;-104,48 %;-37,1 %;;;;;;;;;;;1223;840;836,95;
24.03.25;24.03.25;Monday;1,07 %;18 071;5 457;0;1 125;24 653;24 681;1 207;2 153;108;28;25;946;2 314;26 967;0;0;10 308;4 760;8 667;15 068;946;7 860;;Matleena ja Elisa saivat mummulta ja papalta 1500€ kummatkin.;;;;;;2 286;789,0;692,0;-28,4 %;-6 994;-102,31 %;-36,3 %;;;;;;;;;;;1224;840;837,6;
25.03.25;25.03.25;Tuesday;1,10 %;18 211;5 566;0;1 148;24 925;24 704;484;1 453;108;728;25;969;2 314;27 239;0;0;10 308;4 760;8 667;15 068;969;7 860;;Siirsin 700€ tavoitetilille jäännösveron maksamista varten.;;;;;;2 535;789,0;692,0;-27,0 %;-6 722;-100,10 %;8,0 %;;;;;;;;;;;1225;840;838,25;
26.03.25;26.03.25;Wednesday;-0,45 %;18 100;5 566;0;1 148;24 814;24 719;469;1 453;108;728;25;984;2 314;27 128;0;0;10 308;4 760;8 667;15 068;984;7 860;;Maksoin Elisan passikuvan;;;;;;2 409;789,0;692,0;-27,5 %;-6 833;-101,00 %;8,0 %;;;;;;;;;;;1226;840;838,9;
27.03.25;27.03.25;Thursday;-0,71 %;17 971;5 518;0;1 148;24 637;24 719;469;1 453;108;728;25;984;2 314;26 951;0;0;10 308;4 760;8 667;15 068;984;7 860;;;;;;;;2 232;789,0;692,0;-28,5 %;-7 010;-102,44 %;8,0 %;;;;;;;;;;;1227;840;839,55;
28.03.25;28.03.25;Friday;-0,01 %;18 007;5 479;0;1 148;24 634;24 719;469;1 453;108;728;25;984;2 314;26 948;0;0;10 308;4 760;8 667;15 068;984;7 860;;;Nordea osinko 420e Nordnettiin;;;;;2 229;789,0;692,0;-28,5 %;-7 013;-102,47 %;8,0 %;;;;;;;;;;;1228;840;840,2;
31.03.25;31.03.25;Monday;-1,23 %;17 804;5 379;0;1 148;24 331;24 719;469;1 453;108;728;25;984;2 314;26 645;0;0;10 308;4 760;8 667;15 068;984;7 860;;;Nordea osinko 320€ Osuuspankiin;;;;;1 926;789,0;692,0;-30,1 %;-7 316;-104,99 %;8,0 %;;;;;;;;;;;1229;840;840,85;
01.04.25;01.04.25;Tuesday;0,31 %;17 891;5 402;0;1 113;24 406;24 793;3 569;4 627;108;728;25;1 058;5 488;29 894;0;0;10 308;4 760;8 667;15 068;1 058;7 860;;Maksoin Matleenalle 200€ uuteen kännykkään (Google pixel);;;;;;5 101;789,0;-2482,0;-29,7 %;-7 241;-104,36 %;-192,8 %;;;;;;;;;;;1230;840;841,5;
02.04.25;02.04.25;Wednesday;-0,69 %;17 735;5 390;0;1 113;24 238;24 793;3 569;4 627;108;728;25;1 058;5 488;29 726;0;0;10 308;4 760;8 667;15 068;1 058;7 860;;;;;;;;4 933;789,0;-2482,0;-30,6 %;-7 409;-105,78 %;-192,8 %;;;;;;;;;;;1231;840;842,15;
03.04.25;03.04.25;Thursday;-1,38 %;17 400;5 390;0;1 113;23 903;24 079;3 184;3 528;108;728;25;344;4 389;28 292;0;0;10 308;4 760;8 667;15 068;344;7 860;;Visamaksu 899€;Osto iShares S&P500ucits 1@538,32 ;;;;;4 213;789,0;-1383,0;-32,4 %;-7 744;-108,66 %;-123,3 %;;;;;;;;;;;1232;840;842,8;
04.04.25;04.04.25;Friday;-6,27 %;16 456;4 835;0;1 113;22 404;24 079;2 284;2 628;508;728;25;344;3 889;26 293;0;0;10 308;4 760;8 667;15 068;344;7 860;;;Osto Nordea 20@10,81€, osto Nordea 11@11,21€ (OST);;;;;2 214;789,0;-883,0;-41,3 %;-9 243;-122,62 %;-66,3 %;;;;;;;;;;;1233;840;843,45;
07.04.25;07.04.25;Monday;-0,70 %;16 470;4 664;0;1 113;22 247;23 584;1 081;1 476;508;728;25;395;2 737;24 984;0;0;10 162;4 642;8 385;14 804;395;7 860;;Trump tullit voimaan;Osto Apple 2@184,60;;;;;1 400;789,0;269,0;-42,3 %;-9 400;-124,19 %;6,6 %;;;;;;;;;;;1234;840;844,1;
08.04.25;08.04.25;Tuesday;1,42 %;16 682;4 767;0;1 113;22 562;23 597;1 068;1 476;508;728;25;408;2 737;25 299;0;0;10 162;4 642;8 385;14 804;408;7 860;;;;;;;;1 702;789,0;269,0;-40,3 %;-9 085;-121,06 %;6,6 %;;;;;;;;;;;1235;840;844,75;
09.04.25;09.04.25;Wednesday;-0,43 %;16 730;4 622;0;1 113;22 465;23 597;1 068;1 476;508;728;25;408;2 737;25 202;0;0;10 162;4 642;8 385;14 804;408;7 860;;;;;;;;1 605;789,0;269,0;-40,9 %;-9 182;-122,02 %;6,6 %;;;;;;;;;;;1236;840;845,4;
10.04.25;10.04.25;Thursday;2,34 %;16 994;4 883;0;1 113;22 990;23 754;649;1 214;508;728;25;565;2 475;25 465;0;0;10 162;4 642;8 385;14 804;565;7 860;;Trump tullit tauolle, paitsi Kiina;Osinko Fortum 206€;;;;;1 711;789,0;531,0;-37,7 %;-8 657;-116,95 %;23,2 %;;;;;;;;;;;1237;840;846,05;
11.04.25;11.04.25;Friday;0,19 %;17 064;4 856;0;1 113;23 033;23 902;444;1 157;508;728;25;713;2 418;25 451;0;0;10 162;4 642;8 385;14 804;713;7 860;;;;;;;;1 549;789,0;588,0;-37,4 %;-8 614;-116,54 %;26,8 %;;;;;;;;;;;1238;840;846,7;
14.04.25;14.04.25;Monday;1,61 %;17 385;4 993;0;1 025;23 403;23 902;444;1 157;508;728;25;713;2 418;25 821;0;0;10 162;4 642;8 385;14 804;713;7 860;;;;;;;;1 919;789,0;588,0;-35,2 %;-8 244;-113,12 %;26,8 %;;;;;;;;;;;1239;840;847,35;
15.04.25;15.04.25;Tuesday;0,91 %;17 509;5 075;0;1 032;23 616;23 902;323;1 036;108;728;25;713;1 897;25 513;0;0;10 162;4 642;8 385;14 804;713;7 980;;;;;;;;1 611;789,0;1109,0;-34,0 %;-8 031;-111,20 %;34,4 %;;;;;;;;;;;1240;840;848;
16.04.25;16.04.25;Wednesday;0,29 %;17 458;5 192;0;1 034;23 684;23 902;323;1 036;108;728;25;713;1 897;25 581;0;0;10 162;4 642;8 385;14 804;713;7 980;;;;;;;;1 679;789,0;1109,0;-33,6 %;-7 963;-110,59 %;34,4 %;;;;;;;;;;;1241;840;848,65;
17.04.25;17.04.25;Thursday;0,17 %;17 520;5 173;0;1 032;23 725;24 007;218;1 036;108;728;25;818;1 897;25 622;0;0;10 162;4 642;8 385;14 804;818;7 980;;;;;;;;1 615;789,0;1109,0;-33,4 %;-7 922;-110,23 %;34,4 %;;;;;;;;;;;1242;840;849,3;
21.04.25;21.04.25;Monday;-0,57 %;17 385;5 173;0;1 032;23 590;24 007;218;1 036;108;728;25;818;1 897;25 487;0;0;10 162;4 642;8 385;14 804;818;7 980;;;;;;;;1 480;789,0;1109,0;-34,2 %;-8 057;-111,43 %;34,4 %;;;;;;;;;;;1243;840;849,95;
22.04.25;22.04.25;Tuesday;1,40 %;17 632;5 256;0;1 032;23 920;24 085;93;989;108;728;25;896;1 850;25 770;0;0;10 162;4 642;8 385;14 804;896;7 980;;;;;;;;1 685;789,0;1156,0;-32,3 %;-7 727;-108,51 %;37,4 %;;;;;;;;;;;1244;840;850,6;
23.04.25;22.04.25;Wednesday;1,65 %;17 986;5 331;0;998;24 315;24 105;-132;784;108;728;25;916;1 645;25 960;0;0;10 162;4 642;8 385;14 804;916;7 980;;;;;;;;1 855;789,0;1361,0;-30,2 %;-7 332;-105,12 %;50,4 %;;;;;;;;;;;1245;840;851,25;
24.04.25;24.04.25;Thursday;1,07 %;18 212;5 338;0;1 026;24 576;24 219;-246;784;108;728;25;1 030;1 645;26 221;0;0;10 162;4 642;8 385;14 804;1 030;7 980;;;;;;;;2 002;789,0;1361,0;-28,8 %;-7 071;-102,95 %;50,4 %;;;;;;;;;;;1246;840;851,9;
25.04.25;25.04.25;Friday;0,89 %;18 354;5 393;0;1 047;24 794;24 332;-789;354;108;728;25;1 143;1 215;26 009;0;0;10 162;4 642;8 385;14 804;1 143;7 980;;Elisalle ylioppilaslahjana 500€;;;;;;1 677;789,0;1791,0;-27,6 %;-6 853;-101,16 %;77,6 %;;;;;;;;;;;1247;840;852,55;
28.04.25;28.04.25;Monday;0,39 %;18 390;5 454;0;1 047;24 891;24 367;-724;454;108;728;25;1 178;1 315;26 206;0;0;10 162;4 642;8 385;14 804;1 178;7 980;;Filmus maksoi bensakuitin 69€ 26.4.;Leena maksoi vanhempien tililtä 100€ kulukorvausta, kun olen käynyt Ulvilassa ja kuskannut äitiä.;;;;;1 839;789,0;1691,0;-27,1 %;-6 756;-100,38 %;71,3 %;;;;;;;;;;;1248;840;853,2;
29.04.25;29.04.25;Tuesday;1,18 %;18 621;5 505;0;1 058;25 184;24 367;-485;693;108;728;25;1 178;1 554;26 738;0;0;10 162;4 642;8 385;14 804;1 178;7 980;;Filmus maksoi 300-verot + bens 30;;;;;;2 371;789,0;1452,0;-25,7 %;-6 463;-98,05 %;56,1 %;;;;;;;;;;;1249;840;853,85;
30.04.25;30.04.25;Wednesday;0,71 %;18 740;5 564;0;1 058;25 362;24 367;-485;693;108;728;25;1 178;1 554;26 916;0;0;10 162;4 642;8 385;14 804;1 178;7 980;;;;;;;;2 549;789,0;1452,0;-24,8 %;-6 285;-96,66 %;56,1 %;;;;;;;;;;;1250;840;854,5;
01.05.25;01.05.25;Thursday;0,54 %;18 878;5 564;0;1 058;25 500;24 367;-649;529;108;728;25;1 178;1 390;26 890;0;0;10 162;4 642;8 385;14 804;1 178;7 980;;;;;;;;2 523;789,0;1616,0;-24,1 %;-6 147;-95,59 %;66,5 %;;;;;;;;;;;1251;840;855,15;
02.05.25;02.05.25;Friday;0,39 %;18 871;5 660;0;1 068;25 599;24 480;2 092;3 383;108;728;25;1 291;4 244;29 843;0;0;10 162;4 642;8 385;14 804;1 291;7 980;;;;;;;;5 363;789,0;-1238,0;-23,6 %;-6 048;-94,84 %;-114,1 %;;;;;;;;;;;1252;840;855,8;
05.05.25;05.05.25;Monday;-0,39 %;18 755;5 676;0;1 068;25 499;24 480;2 092;3 383;108;728;25;1 291;4 244;29 743;0;0;10 162;4 642;8 385;14 804;1 291;7 980;;;;;;;;5 263;789,0;-1238,0;-24,1 %;-6 148;-95,60 %;-114,1 %;;;;;;;;;;;1253;840;856,45;
06.05.25;06.05.25;Tuesday;-0,97 %;18 554;5 612;0;1 086;25 252;23 182;1 300;1 844;108;728;25;544;2 705;27 957;0;0;10 016;4 522;8 100;14 538;544;7 980;;visa maksu 915€;;;;;;4 775;789,0;301,0;-25,3 %;-6 395;-97,51 %;-16,7 %;;;;;;;;;;;1254;840;857,1;
07.05.25;07.05.25;Wednesday;0,68 %;18 689;5 649;0;1 086;25 424;23 182;800;1 344;600;728;25;544;2 697;28 121;0;0;10 016;4 522;8 100;14 538;544;7 980;;;;;;;;4 939;789,0;309,0;-24,5 %;-6 223;-96,18 %;14,9 %;;;;;;;;;;;1255;840;857,75;
08.05.25;08.05.25;Thursday;0,48 %;18 786;5 681;0;1 080;25 547;23 182;800;1 344;600;728;25;544;2 697;28 244;0;0;10 016;4 522;8 100;14 538;544;7 980;;;;;;;;5 062;789,0;309,0;-23,9 %;-6 100;-95,23 %;14,9 %;;;;;;;;;;;1256;840;858,4;
09.05.25;09.05.25;Friday;-0,11 %;18 758;5 665;0;1 095;25 518;23 268;453;1 083;600;728;25;630;2 436;27 954;0;0;10 016;4 522;8 100;14 538;630;7 980;;;;;;;;4 686;789,0;570,0;-24,0 %;-6 129;-95,45 %;31,5 %;;;;;;;;;;;1257;840;859,05;
12.05.25;12.05.25;Monday;2,94 %;19 426;5 744;0;1 097;26 267;23 268;453;1 083;600;728;25;630;2 436;28 703;0;0;10 016;4 522;8 100;14 538;630;7 980;;;;;;;;5 435;789,0;570,0;-20,5 %;-5 380;-89,88 %;31,5 %;;;;;;;;;;;1258;840;859,7;
13.05.25;13.05.25;Tuesday;-0,34 %;19 365;5 715;0;1 097;26 177;23 363;358;1 083;600;728;25;725;2 436;28 613;0;0;10 016;4 522;8 100;14 538;725;7 980;;;;;;;;5 250;789,0;570,0;-20,9 %;-5 470;-90,53 %;31,5 %;;;;;;;;;;;1259;840;860,35;
14.05.25;14.05.25;Wednesday;-0,04 %;19 322;5 747;0;1 097;26 166;23 363;358;1 083;600;728;25;725;2 436;28 602;0;0;10 016;4 522;8 100;14 538;725;7 980;;;;;;;;5 239;789,0;570,0;-20,9 %;-5 481;-90,61 %;31,5 %;;;;;;;;;;;1260;840;861;
15.05.25;15.05.25;Thursday;0,87 %;19 418;5 815;0;1 160;26 393;23 440;161;963;600;728;25;802;2 316;28 709;0;0;10 016;4 522;8 100;14 538;802;7 980;;;;;;;;5 269;789,0;690,0;-19,9 %;-5 254;-88,97 %;39,1 %;;;;;;;;;;;1261;840;861,65;
16.05.25;16.05.25;Friday;0,75 %;19 554;5 869;0;1 169;26 592;23 473;128;963;208;728;25;835;1 924;28 516;0;0;10 016;4 522;8 100;14 538;835;8 100;;Siirsin vakuutukset op:iin;;;;;;5 043;789,0;1082,0;-19,0 %;-5 055;-87,56 %;39,1 %;;;;;;;;;;;1262;840;862,3;
19.05.25;19.05.25;Monday;0,13 %;19 556;5 902;0;1 169;26 627;23 473;114;949;208;728;25;835;1 910;28 537;0;0;10 016;4 522;8 100;14 538;835;8 100;;;;;;;;5 064;789,0;1096,0;-18,9 %;-5 020;-87,31 %;39,9 %;;;;;;;;;;;1263;840;862,95;
20.05.25;20.05.25;Tuesday;0,18 %;19 567;5 936;0;1 171;26 674;23 473;114;949;208;728;25;835;1 910;28 584;0;0;10 016;4 522;8 100;14 538;835;8 100;;;;;;;;5 111;789,0;1096,0;-18,6 %;-4 973;-86,98 %;39,9 %;;;;;;;;;;;1264;840;863,6;
21.05.25;21.05.25;Wednesday;-1,06 %;19 333;5 888;0;1 171;26 392;23 605;10;977;208;728;25;967;1 938;28 330;0;0;10 016;4 522;8 100;14 538;967;8 100;;filmus bensaraha 28€;;;;;;4 725;789,0;1068,0;-19,9 %;-5 255;-88,98 %;38,2 %;;;;;;;;;;;1265;840;864,25;
22.05.25;22.05.25;Thursday;-0,71 %;19 188;5 845;0;1 171;26 204;23 605;10;977;208;728;25;967;1 938;28 142;0;0;10 016;4 522;8 100;14 538;967;8 100;;;;;;;;4 537;789,0;1068,0;-20,8 %;-5 443;-90,34 %;38,2 %;;;;;;;;;;;1266;840;864,9;
23.05.25;23.05.25;Friday;-0,91 %;19 007;5 788;0;1 171;25 966;23 605;-181;786;208;728;25;967;1 747;27 713;0;0;10 016;4 522;8 100;14 538;967;8 100;;;;;;;;4 108;789,0;1259,0;-21,9 %;-5 681;-92,08 %;50,3 %;;;;;;;;;;;1267;840;865,55;
26.05.25;26.05.25;Monday;0,79 %;19 162;5 838;0;1 171;26 171;23 924;-293;993;208;728;25;1 286;1 954;28 125;0;0;10 016;4 522;8 100;14 538;1 286;8 100;;Filmus palkkio 300-verot;;;;;;4 201;789,0;1052,0;-20,9 %;-5 476;-90,58 %;37,2 %;;;;;;;;;;;1268;840;866,2;
27.05.25;27.05.25;Tuesday;0,31 %;19 312;5 815;0;1 126;26 253;23 995;-364;993;208;728;25;1 357;1 954;28 207;0;0;10 016;4 522;8 100;14 538;1 357;8 100;;;;;;;;4 212;789,0;1052,0;-20,5 %;-5 394;-89,98 %;37,2 %;;;;;;;;;;;1269;840;866,85;
28.05.25;28.05.25;Wednesday;-0,29 %;19 257;5 795;0;1 126;26 178;23 995;-564;793;208;728;25;1 357;1 754;27 932;0;0;10 016;4 522;8 100;14 538;1 357;8 100;;Ostin Apple watch 2 Matleenalta 100€. Annoin hänelle myös 100€ ylioppilaslahjana.;;;;;;3 937;789,0;1252,0;-20,9 %;-5 469;-90,53 %;49,8 %;;;;;;;;;;;1270;840;867,5;
29.05.25;29.05.25;Thursday;-0,11 %;19 228;5 795;0;1 126;26 149;23 995;-564;793;208;728;25;1 357;1 754;27 903;0;0;10 016;4 522;8 100;14 538;1 357;8 100;;;;;;;;3 908;789,0;1252,0;-21,0 %;-5 498;-90,74 %;49,8 %;;;;;;;;;;;1271;840;868,15;
30.05.25;30.05.25;Friday;0,46 %;19 280;5 834;0;1 154;26 268;24 047;-533;876;208;728;25;1 409;1 837;28 105;0;0;10 016;4 522;8 100;14 538;1 409;8 100;;;;;;;;4 058;789,0;1169,0;-20,5 %;-5 379;-89,87 %;44,6 %;;;;;;;;;;;1272;840;868,8;
02.06.25;02.06.25;Monday;0,26 %;19 325;5 856;0;1 154;26 335;24 068;2 501;3 931;208;728;25;1 430;4 892;31 227;0;0;10 016;4 522;8 100;14 538;1 430;8 100;;Vanhemmilta matkakorvaus kun olen hoitanut äidin aisoita ym.;;;;;;7 159;789,0;-1886,0;-20,2 %;-5 312;-89,39 %;-148,8 %;;;;;;;;;;;1273;840;869,45;
03.06.25;03.06.25;Tuesday;-0,15 %;19 331;5 811;0;1 154;26 296;24 306;2 263;3 931;208;728;25;1 668;4 892;31 188;0;0;10 016;4 522;8 100;14 538;1 668;8 100;;Tilasin Google streamer 4k. J laivalla. Heitin Riitan fysioterapia.;;;;;;6 882;789,0;-1886,0;-20,3 %;-5 351;-89,67 %;-148,8 %;;;;;;;;;;;1274;840;870,1;
04.06.25;04.06.25;Wednesday;0,54 %;19 454;5 829;0;1 154;26 437;23 140;1 831;2 333;708;728;25;502;3 794;30 231;0;0;10 016;4 522;8 100;14 538;502;8 100;;;;;;;;7 091;789,0;-788,0;-19,7 %;-5 210;-88,66 %;-47,7 %;;;;;;;;;;;1275;840;870,75;
05.06.25;05.06.25;Thursday;0,00 %;19 454;5 829;0;1 154;26 437;22 590;1 179;1 681;708;728;25;502;3 142;29 579;0;0;9 870;4 403;7 815;14 273;502;8 100;;;;;;;;6 989;789,0;-136,0;-19,7 %;-5 210;-88,66 %;-6,4 %;;;;;;;;;;;1276;840;871,4;
06.06.25;06.06.25;Friday;0,19 %;19 541;5 802;0;1 145;26 488;22 735;1 034;1 681;708;728;25;647;3 142;29 630;0;0;9 870;4 403;7 815;14 273;647;8 100;;;;;;;;6 895;789,0;-136,0;-19,5 %;-5 159;-88,30 %;-6,4 %;;;;;;;;;;;1277;840;872,05;
09.06.25;09.06.25;Monday;0,35 %;19 606;5 813;0;1 163;26 582;22 771;998;1 681;708;728;25;683;3 142;29 724;0;0;9 870;4 403;7 815;14 273;683;8 100;;Ostin Matleenalle vaellustarvikkeita 50eurolla;;;;;;6 953;789,0;-136,0;-19,1 %;-5 065;-87,63 %;-6,4 %;;;;;;;;;;;1278;840;872,7;
10.06.25;10.06.25;Tuesday;-0,06 %;19 641;5 763;0;1 163;26 567;22 930;458;1 300;708;728;25;842;2 761;29 328;0;0;9 870;4 403;7 815;14 273;842;8 100;;Ostin Matleenalle vaellustarvikkeita 65 eurolla;Hammaslääkäri 117€(kipuaika kunnallisessa);;;;;6 398;789,0;245,0;-19,1 %;-5 080;-87,74 %;17,7 %;;;;;;;;;;;1279;840;873,35;
11.06.25;11.06.25;Wednesday;-0,38 %;19 561;5 742;0;1 163;26 466;22 975;348;1 235;708;728;25;887;2 696;29 162;0;0;9 870;4 403;7 815;14 273;887;8 100;;Matleenalle 65€ matkarahaa;;;;;;6 187;789,0;310,0;-19,6 %;-5 181;-88,45 %;21,8 %;;;;;;;;;;;1280;840;874;
12.06.25;12.06.25;Thursday;-0,01 %;19 528;5 772;0;1 163;26 463;23 027;296;1 235;708;728;25;939;2 696;29 159;0;0;9 870;4 403;7 815;14 273;939;8 100;;;;;;;;6 132;789,0;310,0;-19,6 %;-5 184;-88,47 %;21,8 %;;;;;;;;;;;1281;840;874,65;
13.06.25;13.06.25;Friday;-1,02 %;19 355;5 676;0;1 163;26 194;23 061;262;1 235;708;728;25;973;2 696;28 890;0;0;9 870;4 403;7 815;14 273;973;8 100;;Maksoin johannalle 220€ yojuhlakuluja;;;;;;5 829;789,0;310,0;-20,8 %;-5 453;-90,41 %;21,8 %;;;;;;;;;;;1282;840;875,3;
16.06.25;16.06.25;Monday;0,94 %;19 529;5 758;0;1 152;26 439;23 078;25;1 015;88;728;25;990;1 856;28 295;0;0;9 870;4 403;7 815;14 273;990;8 220;;Maksoin johannalle 100€ lisää yo kuluja. ;Soitin johannalle sanoin että elatusapumaksu ei jatku ikuisesti. Hän sanoi että hänen vuokra on 1000€!;;;;;5 217;789,0;1150,0;-19,7 %;-5 208;-88,65 %;35,8 %;;;;;;;;;;;1283;840;875,95;
17.06.25;17.06.25;Tuesday;-0,86 %;19 375;5 685;0;1 152;26 212;23 078;25;1 015;88;728;25;990;1 856;28 068;0;0;9 870;4 403;7 815;14 273;990;8 220;;;;;;;;4 990;789,0;1150,0;-20,7 %;-5 435;-90,28 %;35,8 %;;;;;;;;;;;1284;840;876,6;
18.06.25;18.06.25;Wednesday;-0,19 %;19 325;5 683;0;1 153;26 161;23 150;-59;1 003;88;728;25;1 062;1 844;28 005;0;0;9 870;4 403;7 815;14 273;1 062;8 220;;;;;;;;4 855;789,0;1162,0;-21,0 %;-5 486;-90,65 %;36,5 %;;;;;;;;;;;1285;840;877,25;
19.06.25;19.06.25;Thursday;-0,86 %;19 154;5 628;0;1 153;25 935;23 265;-190;987;88;728;25;1 177;1 828;27 763;0;0;9 870;4 403;7 815;14 273;1 177;8 220;;;;;;;;4 498;789,0;1178,0;-22,0 %;-5 712;-92,31 %;37,5 %;;;;;;;;;;;1286;840;877,9;
23.06.25;23.06.25;Monday;-0,72 %;19 044;5 550;0;1 155;25 749;23 348;-553;707;88;728;25;1 260;1 548;27 297;0;0;9 870;4 403;7 815;14 273;1 260;8 220;;;;;;;;3 949;789,0;1458,0;-22,9 %;-5 898;-93,70 %;55,3 %;;;;;;;;;;;1287;840;878,55;
24.06.25;24.06.25;Tuesday;1,49 %;19 278;5 700;0;1 155;26 133;23 374;-579;707;88;728;25;1 286;1 548;27 681;0;0;9 870;4 403;7 815;14 273;1 286;8 220;;;;;;;;4 307;789,0;1458,0;-21,1 %;-5 514;-90,85 %;55,3 %;;;;;;;;;;;1288;840;879,2;
25.06.25;25.06.25;Wednesday;-0,08 %;19 255;5 692;0;1 166;26 113;23 399;-604;707;88;728;25;1 311;1 548;27 661;0;0;9 870;4 403;7 815;14 273;1 311;8 220;;;;;;;;4 262;789,0;1458,0;-21,2 %;-5 534;-91,00 %;55,3 %;;;;;;;;;;;1289;840;879,85;
26.06.25;26.06.25;Thursday;0,20 %;19 317;5 681;0;1 166;26 164;23 453;-658;707;88;728;25;1 365;1 548;27 712;0;0;9 870;4 403;7 815;14 273;1 365;8 220;;;;;;;;4 259;789,0;1458,0;-21,0 %;-5 483;-90,63 %;55,3 %;;;;;;;;;;;1290;840;880,5;
27.06.25;27.06.25;Friday;1,61 %;19 612;5 806;0;1 166;26 584;23 530;-635;807;88;728;25;1 442;1 648;28 232;0;0;9 870;4 403;7 815;14 273;1 442;8 220;;Vanhemmilta 100€ matkakuluja;;;;;;4 702;789,0;1358,0;-19,0 %;-5 063;-87,62 %;48,9 %;;;;;;;;;;;1291;840;881,15;
30.06.25;30.06.25;Monday;-0,72 %;19 464;5 763;0;1 166;26 393;23 530;-576;866;88;728;25;1 442;1 707;28 100;0;0;9 870;4 403;7 815;14 273;1 442;8 220;;;;;;;;4 570;789,0;1299,0;-19,9 %;-5 254;-88,97 %;45,2 %;;;;;;;;;;;1292;840;881,8;
01.07.25;01.07.25;Tuesday;-0,72 %;19 350;5 683;0;1 170;26 203;23 548;2 262;3 722;88;728;31;1 460;4 569;30 772;0;0;9 870;4 403;7 815;14 273;1 460;8 220;;;;;;;;7 224;789,0;-1563,0;-20,8 %;-5 444;-90,34 %;-135,6 %;;;;;;;;;;;1293;840;882,45;
02.07.25;02.07.25;Wednesday;0,41 %;19 424;5 717;0;1 170;26 311;23 562;2 222;3 696;88;728;31;1 474;4 543;30 854;0;0;9 870;4 403;7 815;14 273;1 474;8 220;;;;;;;;7 292;789,0;-1537,0;-20,3 %;-5 336;-89,56 %;-133,9 %;;;;;;;;;;;1294;840;883,1;
03.07.25;03.07.25;Thursday;0,97 %;19 608;5 797;0;1 162;26 567;23 679;2 105;3 696;88;728;31;1 591;4 543;31 110;0;0;9 870;4 403;7 815;14 273;1 591;8 220;;;;;;;;7 431;789,0;-1537,0;-19,1 %;-5 080;-87,74 %;-133,9 %;;;;;;;;;;;1295;840;883,75;
04.07.25;04.07.25;Friday;-0,72 %;19 491;5 722;0;1 162;26 375;22 419;1 804;2 135;388;728;31;331;3 282;29 657;0;0;9 870;4 403;7 815;14 273;331;8 220;;Visa lasku 1260€;;;;;;7 238;789,0;-276,0;-20,0 %;-5 272;-89,10 %;-35,1 %;;;;;;;;;;;1296;840;884,4;
07.07.25;07.07.25;Monday;0,69 %;19 591;5 788;0;1 179;26 558;21 893;1 116;1 482;388;728;31;366;2 629;29 187;0;0;9 716;4 283;7 528;13 999;366;8 220;;;;;;;;7 294;789,0;377,0;-19,2 %;-5 089;-87,80 %;6,2 %;;;;;;;;;;;1297;840;885,05;
08.07.25;08.07.25;Tuesday;-0,34 %;19 515;5 774;0;1 179;26 468;22 741;268;1 482;388;728;31;1 214;2 629;29 097;0;0;9 716;4 283;7 528;13 999;1 214;8 220;;Autohuolto 830€. Takajarrupalat ja levyt vaihdettiin.;;;;;;6 356;789,0;377,0;-19,6 %;-5 179;-88,44 %;6,2 %;;;;;;;;;;;1298;840;885,7;
09.07.25;09.07.25;Wednesday;1,43 %;19 756;5 911;0;1 179;26 846;22 875;134;1 482;388;728;31;1 348;2 629;29 475;0;0;9 716;4 283;7 528;13 999;1 348;8 220;;;;;;;;6 600;789,0;377,0;-17,9 %;-4 801;-85,79 %;6,2 %;;;;;;;;;;;1299;840;886,35;
10.07.25;10.07.25;Thursday;0,46 %;19 868;5 923;0;1 179;26 970;22 875;134;1 482;388;728;31;1 348;2 629;29 599;0;0;9 716;4 283;7 528;13 999;1 348;8 220;;;;;;;;6 724;789,0;377,0;-17,3 %;-4 677;-84,93 %;6,2 %;;;;;;;;;;;1300;840;887;
11.07.25;11.07.25;Friday;-0,99 %;19 733;5 786;0;1 185;26 704;22 933;-237;1 169;388;728;31;1 406;2 316;29 020;0;0;9 716;4 283;7 528;13 999;1 406;8 220;;;;;;;;6 087;789,0;690,0;-18,5 %;-4 943;-86,77 %;26,0 %;;;;;;;;;;;1301;840;887,65;
14.07.25;14.07.25;Monday;0,01 %;19 751;5 772;0;1 185;26 708;22 993;-297;1 169;388;728;31;1 466;2 316;29 024;0;0;9 716;4 283;7 528;13 999;1 466;8 220;;;;;;;;6 031;789,0;690,0;-18,5 %;-4 939;-86,75 %;26,0 %;;;;;;;;;;;1302;840;888,3;
15.07.25;15.07.25;Tuesday;-0,42 %;19 696;5 710;0;1 189;26 595;23 044;-476;1 041;188;728;31;1 517;1 988;28 583;0;0;9 716;4 283;7 528;13 999;1 517;8 340;;;;;;;;5 539;789,0;1018,0;-19,0 %;-5 052;-87,54 %;34,1 %;;;;;;;;;;;1303;840;888,95;
16.07.25;16.07.25;Wednesday;-0,39 %;19 590;5 706;0;1 196;26 492;23 132;-564;1 041;188;728;31;1 605;1 988;28 480;0;0;9 716;4 283;7 528;13 999;1 605;8 340;;;;;;;;5 348;789,0;1018,0;-19,5 %;-5 155;-88,27 %;34,1 %;;;;;;;;;;;1304;840;889,6;
17.07.25;17.07.25;Thursday;-0,95 %;19 483;5 553;0;1 205;26 241;23 195;-627;1 041;188;728;31;1 668;1 988;28 229;0;0;9 716;4 283;7 528;13 999;1 668;8 340;;;;;;;;5 034;789,0;1018,0;-20,6 %;-5 406;-90,07 %;34,1 %;;;;;;;;;;;1305;840;890,25;
18.07.25;18.07.25;Friday;0,50 %;19 574;5 585;0;1 212;26 371;23 348;-846;975;188;728;31;1 821;1 922;28 293;0;0;9 716;4 283;7 528;13 999;1 821;8 340;;;;;;;;4 945;789,0;1084,0;-20,0 %;-5 276;-89,13 %;38,3 %;;;;;;;;;;;1306;840;890,9;
21.07.25;21.07.25;Monday;0,34 %;19 652;5 601;0;1 207;26 460;23 437;-950;960;188;728;31;1 910;1 907;28 367;0;0;9 716;4 283;7 528;13 999;1 910;8 340;;;;;;;;4 930;789,0;1099,0;-19,6 %;-5 187;-88,50 %;39,2 %;;;;;;;;;;;1307;840;891,55;
22.07.25;22.07.25;Tuesday;-0,49 %;19 578;5 550;0;1 202;26 330;23 454;-967;960;188;728;31;1 927;1 907;28 237;0;0;9 716;4 283;7 528;13 999;1 927;8 340;;;;;;;;4 783;789,0;1099,0;-20,2 %;-5 317;-89,43 %;39,2 %;;;;;;;;;;;1308;840;892,2;
23.07.25;23.07.25;Wednesday;1,35 %;19 797;5 687;0;1 201;26 685;23 479;-892;1 060;188;728;31;1 952;2 007;28 692;0;0;9 716;4 283;7 528;13 999;1 952;8 340;;Vanhemmilta 100€ matkakuluja;;;;;;5 213;789,0;999,0;-18,6 %;-4 962;-86,91 %;32,9 %;;;;;;;;;;;1309;840;892,85;
24.07.25;24.07.25;Thursday;1,46 %;20 073;5 795;0;1 207;27 075;23 479;-892;1 060;188;728;31;1 952;2 007;29 082;0;0;9 716;4 283;7 528;13 999;1 952;8 340;;;;;;;;5 603;789,0;999,0;-16,9 %;-4 572;-84,21 %;32,9 %;;;;;;;;;;;1310;840;893,5;
25.07.25;25.07.25;Friday;-0,17 %;20 068;5 758;0;1 204;27 030;23 553;-1 011;1 015;188;728;31;2 026;1 962;28 992;0;0;9 716;4 283;7 528;13 999;2 026;8 340;;Vein vanhemmille White board tussitaulun ja laulukirjan;;;;;;5 439;789,0;1044,0;-17,1 %;-4 617;-84,52 %;35,8 %;;;;;;;;;;;1311;840;894,15;
28.07.25;28.07.25;Monday;0,39 %;20 169;5 763;0;1 204;27 136;23 553;-1 011;1 015;188;728;31;2 026;1 962;29 098;0;0;9 716;4 283;7 528;13 999;2 026;8 340;;;;;;;;5 545;789,0;1044,0;-16,6 %;-4 511;-83,80 %;35,8 %;;;;;;;;;;;1312;840;894,8;
29.07.25;29.07.25;Tuesday;0,11 %;20 125;5 836;0;1 204;27 165;23 553;-1 011;1 015;188;728;31;2 026;1 962;29 127;0;0;9 716;4 283;7 528;13 999;2 026;8 340;;;;;;;;5 574;789,0;1044,0;-16,5 %;-4 482;-83,60 %;35,8 %;;;;;;;;;;;1313;840;895,45;
30.07.25;30.07.25;Wednesday;0,20 %;20 132;5 882;0;1 204;27 218;23 723;-1 181;1 015;188;728;31;2 196;1 962;29 180;0;0;9 716;4 283;7 528;13 999;2 196;8 340;;;;;;;;5 457;789,0;1044,0;-16,3 %;-4 429;-83,25 %;35,8 %;;;;;;;;;;;1314;840;896,1;
31.07.25;31.07.25;Thursday;-0,20 %;20 079;5 850;0;1 235;27 164;23 726;-1 195;1 004;188;728;31;2 199;1 951;29 115;0;0;9 716;4 283;7 528;13 999;2 199;8 340;;;osto novo nordisk 9@320;;;;;5 389;789,0;1055,0;-16,5 %;-4 483;-83,61 %;36,5 %;;;;;;;;;;;1315;840;896,75;
01.08.25;01.08.25;Friday;-2,46 %;19 492;5 772;0;1 232;26 496;24 080;1 306;3 859;188;728;31;2 553;4 806;31 302;0;0;9 716;4 283;7 528;13 999;2 553;8 340;;;;;;;;7 222;789,0;-1800,0;-19,4 %;-5 151;-88,24 %;-144,2 %;;;;;;;;;;;1316;840;897,4;
04.08.25;04.08.25;Monday;0,75 %;19 631;5 863;0;1 201;26 695;22 204;1 286;1 963;188;728;31;677;2 910;29 605;0;0;9 716;4 283;7 528;13 999;677;8 340;;Visalasku 1896€;;;;;;7 401;789,0;96,0;-18,6 %;-4 952;-86,84 %;-24,2 %;;;;;;;;;;;1317;840;898,05;
05.08.25;05.08.25;Tuesday;-0,20 %;19 606;5 834;0;1 201;26 641;21 662;45;740;188;728;31;695;1 687;28 328;0;0;9 564;4 163;7 240;13 727;695;8 340;;Vanhemmilta 600€ Elisan ajokorttiin puolet;;;;;;6 666;789,0;1319,0;-18,8 %;-5 006;-87,22 %;53,2 %;;;;;;;;;;;1318;840;898,7;
06.08.25;06.08.25;Wednesday;0,70 %;19 739;5 875;0;1 214;26 828;21 677;30;740;188;728;31;710;1 687;28 515;0;0;9 564;4 163;7 240;13 727;710;8 340;;Maksoin Elisan ajokortin ja 100€ inssi-maksun;;;;;;6 838;789,0;1319,0;-18,0 %;-4 819;-85,91 %;53,2 %;;;;;;;;;;;1319;840;899,35;
07.08.25;07.08.25;Thursday;0,12 %;19 693;5 952;0;1 214;26 859;21 677;30;740;188;728;31;710;1 687;28 546;0;0;9 564;4 163;7 240;13 727;710;8 340;;;;;;;;6 869;789,0;1319,0;-17,8 %;-4 788;-85,70 %;53,2 %;;;;;;;;;;;1320;840;900;
08.08.25;08.08.25;Friday;0,56 %;19 786;6 012;0;1 212;27 010;21 716;-9;740;188;728;31;749;1 687;28 697;0;0;9 564;4 163;7 240;13 727;749;8 340;;;;;;;;6 981;789,0;1319,0;-17,2 %;-4 637;-84,66 %;53,2 %;;;;;;;;;;;1321;840;900,65;
11.08.25;11.08.25;Monday;-0,12 %;19 761;6 005;0;1 212;26 978;21 907;-463;477;188;728;31;940;1 424;28 402;0;0;9 564;4 163;7 240;13 727;940;8 340;;;;;;;;6 495;789,0;1582,0;-17,3 %;-4 669;-84,88 %;69,8 %;;;;;;;;;;;1322;840;901,3;
12.08.25;12.08.25;Tuesday;0,42 %;19 818;6 053;0;1 220;27 091;21 907;-344;596;188;728;31;940;1 543;28 634;0;0;9 564;4 163;7 240;13 727;940;8 340;;Maksoin jälkiverot 630€;;;;;;6 727;789,0;1463,0;-16,8 %;-4 556;-84,11 %;62,3 %;;;;;;;;;;;1323;840;901,95;
13.08.25;13.08.25;Wednesday;0,69 %;19 951;6 103;0;1 223;27 277;23 169;-1 606;596;188;728;31;2 202;1 543;28 820;0;0;9 564;4 163;7 240;13 727;2 202;8 340;;Ostin Elisalle MacBook Air 13 m4 16Gt 512Gt 2024 tietokoneen verkkokauppa. Com. Hinta 1219€;;;;;;5 651;789,0;1463,0;-16,0 %;-4 370;-82,85 %;62,3 %;;;;;;;;;;;1324;840;902,6;
14.08.25;14.08.25;Thursday;1,87 %;20 301;6 252;0;1 234;27 787;23 169;-1 606;596;188;728;31;2 202;1 543;29 330;0;0;9 564;4 163;7 240;13 727;2 202;8 340;;;;;;;;6 161;789,0;1463,0;-13,9 %;-3 860;-79,49 %;62,3 %;;;;;;;;;;;1325;840;903,25;
15.08.25;15.08.25;Friday;-0,09 %;20 254;6 268;0;1 240;27 762;23 325;-2 175;183;8;28;31;2 358;250;28 012;0;0;9 564;4 163;7 240;13 727;2 358;8 460;;;;myynti nordea 100@13,7€=1365€;;;;4 687;789,0;2756,0;-14,0 %;-3 885;-79,66 %;88,4 %;;;;;;;;;;;1326;840;903,9;
18.08.25;18.08.25;Monday;-0,49 %;20 214;6 180;0;1 233;27 627;23 325;-2 175;183;8;28;31;2 358;250;27 877;0;0;9 564;4 163;7 240;13 727;2 358;8 460;;;;;;;;4 552;789,0;2756,0;-14,6 %;-4 020;-80,53 %;88,4 %;;;;;;;;;;;1327;840;904,55;
19.08.25;19.08.25;Tuesday;-3,30 %;19 190;6 292;0;1 233;26 715;23 403;-1 265;1 171;8;28;31;2 436;1 238;27 953;0;0;9 564;4 163;7 240;13 727;2 436;8 460;;;;;;Nosto 1000€ Nordnetistä;;4 550;789,0;1768,0;-18,5 %;-4 932;-86,70 %;25,9 %;;;;;;;;;;;1328;840;905,2;
20.08.25;20.08.25;Wednesday;-0,68 %;19 107;6 197;0;1 230;26 534;23 525;-1 387;1 171;8;28;31;2 558;1 238;27 772;0;0;9 564;4 163;7 240;13 727;2 558;8 460;;;;;;;;4 247;789,0;1768,0;-19,3 %;-5 113;-87,97 %;25,9 %;;;;;;;;;;;1329;840;905,85;
21.08.25;21.08.25;Thursday;-0,56 %;19 049;6 110;0;1 227;26 386;23 558;-1 433;1 158;8;28;31;2 591;1 225;27 611;0;0;9 564;4 163;7 240;13 727;2 591;8 460;;;;;;;;4 053;789,0;1781,0;-19,9 %;-5 261;-89,02 %;26,7 %;;;;;;;;;;;1330;840;906,5;
22.08.25;22.08.25;Friday;0,98 %;19 250;6 167;0;1 227;26 644;23 632;-1 507;1 158;8;28;31;2 665;1 225;27 869;0;0;9 564;4 163;7 240;13 727;2 665;8 460;;;;;;;;4 237;789,0;1781,0;-18,8 %;-5 003;-87,19 %;26,7 %;;;;;;;;;;;1331;840;907,15;
26.08.25;26.08.25;Tuesday;-0,42 %;19 205;6 092;0;1 235;26 532;23 660;-1 535;1 158;8;28;31;2 693;1 225;27 757;0;0;9 564;4 163;7 240;13 727;2 693;8 460;;;;;;;;4 097;789,0;1781,0;-19,3 %;-5 115;-87,98 %;26,7 %;;;;;;;;;;;1332;840;907,8;
27.08.25;27.08.25;Wednesday;-0,35 %;19 173;6 032;0;1 235;26 440;24 661;-2 536;1 158;8;28;31;3 694;1 225;27 665;0;0;9 564;4 163;7 240;13 727;3 694;8 460;;;;;;;;3 004;789,0;1781,0;-19,7 %;-5 207;-88,64 %;26,7 %;;;;;;;;;;;1333;840;908,45;
28.08.25;28.08.25;Thursday;-0,27 %;19 119;5 996;0;1 254;26 369;24 661;-2 536;1 158;8;28;31;3 694;1 225;27 594;0;0;9 564;4 163;7 240;13 727;3 694;8 460;;;;;;;;2 933;789,0;1781,0;-20,0 %;-5 278;-89,15 %;26,7 %;;;;;;;;;;;1334;840;909,1;
29.08.25;29.08.25;Friday;-0,62 %;18 994;5 957;0;1 254;26 205;24 661;-2 536;1 158;8;28;31;3 694;1 225;27 430;0;0;9 564;4 163;7 240;13 727;3 694;8 460;;;;;;;;2 769;789,0;1781,0;-20,8 %;-5 442;-90,33 %;26,7 %;;;;;;;;;;;1335;840;909,75;
01.09.25;01.09.25;Monday;1,07 %;19 146;6 106;0;1 233;26 485;24 870;310;4 213;8;28;31;3 903;4 280;30 765;0;0;9 564;4 163;7 240;13 727;3 903;8 460;;Vanhemmat maksoi 200 kuluja;;;;;;5 895;789,0;-1274,0;-19,5 %;-5 162;-88,32 %;-166,6 %;;;;;;;;;;;1336;840;910,4;
02.09.25;02.09.25;Tuesday;-0,88 %;18 955;6 064;0;1 233;26 252;22 247;309;1 589;8;28;31;1 280;1 656;27 908;0;0;9 564;4 163;7 240;13 727;1 280;8 460;;;;;;;;5 661;789,0;1350,0;-20,6 %;-5 395;-89,99 %;-0,6 %;;;;;;;;;;;1337;840;911,05;
03.09.25;03.09.25;Wednesday;0,16 %;19 031;6 035;0;1 228;26 294;22 828;-306;1 555;8;28;31;1 861;1 622;27 916;0;0;9 564;4 163;7 240;13 727;1 861;8 460;;Ostin elisalle lentoliput Slovakian tanssikisoihin 393€. Visalasku 2623€;;;;;;5 088;789,0;1384,0;-20,4 %;-5 353;-89,69 %;1,6 %;;;;;;;;;;;1338;840;911,7;
04.09.25;04.09.25;Thursday;1,24 %;19 283;6 110;0;1 228;26 621;22 892;-370;1 555;8;28;31;1 925;1 622;28 243;0;0;9 564;4 163;7 240;13 727;1 925;8 460;;;;;;;;5 351;789,0;1384,0;-18,9 %;-5 026;-87,36 %;1,6 %;;;;;;;;;;;1339;840;912,35;
05.09.25;05.09.25;Friday;-0,44 %;19 161;6 096;0;1 247;26 504;22 641;-1 304;931;8;28;31;2 235;998;27 502;0;0;9 411;4 043;6 952;13 454;2 235;8 460;;Tallinna Marin kanssa.;;;;;;4 861;789,0;2008,0;-19,4 %;-5 143;-88,18 %;41,1 %;;;;;;;;;;;1340;840;913;
08.09.25;08.09.25;Monday;0,84 %;19 306;6 174;0;1 247;26 727;22 667;-1 271;990;8;28;31;2 261;1 057;27 784;0;0;9 411;4 043;6 952;13 454;2 261;8 460;;Vanhemmat maksoi 100€ kuluja;;Myynti investor ab ser b 64@288,9SEK yht 18490SEK 1681€;;;;5 117;789,0;1949,0;-18,4 %;-4 920;-86,61 %;37,3 %;;;;;;;;;;;1341;840;913,65;
09.09.25;09.09.25;Tuesday;0,36 %;19 388;6 201;0;1 234;26 823;22 667;-1 271;990;8;28;31;2 261;1 057;27 880;0;0;9 411;4 043;6 952;13 454;2 261;8 460;;;;;;;;5 213;789,0;1949,0;-18,0 %;-4 824;-85,94 %;37,3 %;;;;;;;;;;;1342;840;914,3;
10.09.25;10.09.25;Wednesday;0,16 %;19 373;6 252;0;1 240;26 865;22 789;-1 655;728;8;28;31;2 383;795;27 660;0;0;9 411;4 043;6 952;13 454;2 383;8 460;;;;;;;;4 871;789,0;2211,0;-17,8 %;-4 782;-85,65 %;53,9 %;;;;;;;;;;;1343;840;914,95;
11.09.25;11.09.25;Thursday;-0,17 %;19 349;6 229;0;1 240;26 818;22 826;-1 692;728;8;28;31;2 420;795;27 613;0;0;9 411;4 043;6 952;13 454;2 420;8 460;;;;;;;;4 787;789,0;2211,0;-18,0 %;-4 829;-85,98 %;53,9 %;;;;;;;;;;;1344;840;915,6;
12.09.25;12.09.25;Friday;0,29 %;19 380;6 259;0;1 257;26 896;22 889;-1 755;728;8;28;31;2 483;795;27 691;0;0;9 411;4 043;6 952;13 454;2 483;8 460;;;;;;;;4 802;789,0;2211,0;-17,7 %;-4 751;-85,44 %;53,9 %;;;;;;;;;;;1345;840;916,25;
15.09.25;15.09.25;Monday;-6,70 %;17 502;6 325;0;1 267;25 094;22 889;-225;2 258;58;28;31;2 483;2 375;27 469;0;0;9 411;4 043;6 952;13 454;2 483;8 580;;Maksoin Matleenalle 100€ Nordnet tilin avaamisen. Hän osti 6 Nordean osaketta hintaan 13,8€;;;;Nosto 2000€;;4 580;789,0;631,0;-26,1 %;-6 553;-98,76 %;-42,9 %;;;;;;;;;;;1346;840;916,9;
16.09.25;16.09.25;Tuesday;-0,36 %;17 467;6 270;0;1 267;25 004;23 017;-353;2 258;58;28;31;2 611;2 375;27 379;0;0;9 411;4 043;6 952;13 454;2 611;8 580;;;;;;;;4 362;789,0;631,0;-26,6 %;-6 643;-99,47 %;-42,9 %;;;;;;;;;;;1347;840;917,55;
17.09.25;17.09.25;Wednesday;0,08 %;17 479;6 279;0;1 267;25 025;23 033;-463;2 164;58;28;31;2 627;2 281;27 306;0;0;9 411;4 043;6 952;13 454;2 627;8 580;;;;;;;;4 273;789,0;725,0;-26,5 %;-6 622;-99,30 %;-37,0 %;;;;;;;;;;;1348;840;918,2;
18.09.25;18.09.25;Thursday;-0,06 %;17 505;6 238;0;1 267;25 010;23 033;-463;2 164;58;28;31;2 627;2 281;27 291;0;0;9 411;4 043;6 952;13 454;2 627;8 580;;Maksoin Elisan yo kuvauksen;;;;;;4 258;789,0;725,0;-26,5 %;-6 637;-99,42 %;-37,0 %;;;;;;;;;;;1349;840;918,85;
19.09.25;19.09.25;Friday;0,66 %;17 572;6 334;0;1 270;25 176;23 033;-654;1 973;58;28;31;2 627;2 090;27 266;0;0;9 411;4 043;6 952;13 454;2 627;8 580;;;;;;;;4 233;789,0;916,0;-25,7 %;-6 471;-98,11 %;-24,9 %;;;;;;;;;;;1350;840;919,5;
22.09.25;22.09.25;Monday;-0,54 %;17 489;6 281;0;1 270;25 040;23 205;-918;1 881;58;28;31;2 799;1 998;27 038;0;0;9 411;4 043;6 952;13 454;2 799;8 580;;;;;;;;3 833;789,0;1008,0;-26,4 %;-6 607;-99,19 %;-19,1 %;;;;;;;;;;;1351;840;920,15;
23.09.25;23.09.25;Tuesday;0,17 %;17 460;6 352;0;1 270;25 082;23 205;-918;1 881;58;28;31;2 799;1 998;27 080;0;0;9 411;4 043;6 952;13 454;2 799;8 580;;;;;;;;3 875;789,0;1008,0;-26,2 %;-6 565;-98,85 %;-19,1 %;;;;;;;;;;;1352;840;920,8;
24.09.25;24.09.25;Wednesday;0,33 %;17 494;6 398;0;1 274;25 166;23 333;-1 046;1 881;58;28;31;2 927;1 998;27 164;0;0;9 411;4 043;6 952;13 454;2 927;8 580;;;;;;;;3 831;789,0;1008,0;-25,8 %;-6 481;-98,19 %;-19,1 %;;;;;;;;;;;1353;840;921,45;
25.09.25;25.09.25;Thursday;-0,75 %;17 376;6 327;0;1 274;24 977;23 333;-1 046;1 881;58;28;31;2 927;1 998;26 975;0;0;9 411;4 043;6 952;13 454;2 927;8 580;;;;;;;;3 642;789,0;1008,0;-26,7 %;-6 670;-99,69 %;-19,1 %;;;;;;;;;;;1354;840;922,1;
26.09.25;26.09.25;Friday;1,29 %;17 532;6 489;0;1 278;25 299;24 622;-2 335;1 881;58;28;31;4 216;1 998;27 297;0;0;9 411;4 043;6 952;13 454;4 216;8 580;;Maksoin Barcelona hotelli h10 art 979€;;;;;;2 675;789,0;1008,0;-25,1 %;-6 348;-97,15 %;-19,1 %;;;;;;;;;;;1355;840;922,75;
29.09.25;29.09.25;Monday;0,63 %;17 668;6 512;0;1 278;25 458;24 622;-2 335;1 881;58;28;31;4 216;1 998;27 456;0;0;9 411;4 043;6 952;13 454;4 216;8 580;;;;;;;;2 834;789,0;1008,0;-24,3 %;-6 189;-95,91 %;-19,1 %;;;;;;;;;;;1356;840;923,4;
30.09.25;30.09.25;Tuesday;-0,83 %;17 577;6 387;0;1 283;25 247;24 622;-2 335;1 881;58;28;31;4 216;1 998;27 245;0;0;9 411;4 043;6 952;13 454;4 216;8 580;;;;;;;;2 623;789,0;1008,0;-25,3 %;-6 400;-97,55 %;-19,1 %;;;;;;;;;;;1357;840;924,05;
01.10.25;01.10.25;Wednesday;1,03 %;17 839;6 380;0;1 289;25 508;24 674;401;4 669;58;28;31;4 268;4 786;30 294;0;0;9 411;4 043;6 952;13 454;4 268;8 580;;Visalasku 2800€. Maksoin 1. Kitaratunti;;;;;;5 620;789,0;-1780,0;-24,1 %;-6 139;-95,53 %;-195,5 %;;;;;;;;;;;1358;840;924,7;
02.10.25;02.10.25;Thursday;-0,16 %;17 834;6 334;0;1 298;25 466;21 874;367;1 835;58;28;31;1 468;1 952;27 418;0;0;9 411;4 043;6 952;13 454;1 468;8 580;;;;;;;;5 544;789,0;1054,0;-24,3 %;-6 181;-95,85 %;-16,1 %;;;;;;;;;;;1359;840;925,35;
03.10.25;03.10.25;Friday;0,69 %;17 967;6 373;0;1 301;25 641;21 930;311;1 835;58;28;31;1 524;1 952;27 593;0;0;9 411;4 043;6 952;13 454;1 524;8 580;;;;;;;;5 663;789,0;1054,0;-23,4 %;-6 006;-94,52 %;-16,1 %;;;;;;;;;;;1360;840;926;
06.10.25;06.10.25;Monday;0,24 %;18 026;6 375;0;1 301;25 702;21 433;-409;1 182;58;28;31;1 591;1 299;27 001;0;0;9 258;3 922;6 662;13 180;1 591;8 580;;;;;;;;5 568;789,0;1707,0;-23,1 %;-5 945;-94,05 %;25,2 %;;;;;;;;;;;1361;840;926,65;
07.10.25;07.10.25;Tuesday;-0,34 %;17 950;6 355;0;1 310;25 615;21 467;-443;1 182;58;28;31;1 625;1 299;26 914;0;0;9 258;3 922;6 662;13 180;1 625;8 580;;;;;;;;5 447;789,0;1707,0;-23,5 %;-6 032;-94,71 %;25,2 %;;;;;;;;;;;1362;840;927,3;
08.10.25;08.10.25;Wednesday;0,61 %;18 120;6 341;0;1 310;25 771;21 521;-497;1 182;58;28;31;1 679;1 299;27 070;0;0;9 258;3 922;6 662;13 180;1 679;8 580;;;;;;;;5 549;789,0;1707,0;-22,8 %;-5 876;-93,54 %;25,2 %;;;;;;;;;;;1363;840;927,95;
09.10.25;09.10.25;Thursday;0,34 %;18 188;6 348;0;1 323;25 859;21 626;-602;1 182;58;28;31;1 784;1 299;27 158;0;0;9 258;3 922;6 662;13 180;1 784;8 580;;;;;;;;5 532;789,0;1707,0;-22,4 %;-5 788;-92,88 %;25,2 %;;;;;;;;;;;1364;840;928,6;
10.10.25;10.10.25;Friday;-0,96 %;17 911;6 375;0;1 325;25 611;21 734;-972;920;58;28;31;1 892;1 037;26 648;0;0;9 258;3 922;6 662;13 180;1 892;8 580;;;;;;;;4 914;789,0;1969,0;-23,6 %;-6 036;-94,74 %;41,8 %;;;;;;;;;;;1365;840;929,25;
13.10.25;13.10.25;Monday;0,36 %;18 039;6 375;0;1 289;25 703;21 734;-972;920;58;28;31;1 892;1 037;26 740;0;0;9 258;3 922;6 662;13 180;1 892;8 580;;;;;;;;5 006;789,0;1969,0;-23,1 %;-5 944;-94,05 %;41,8 %;;;;;;;;;;;1366;840;929,9;
14.10.25;14.10.25;Tuesday;-0,21 %;17 921;6 409;0;1 320;25 650;21 801;-1 052;907;58;28;31;1 959;1 024;26 674;0;0;9 258;3 922;6 662;13 180;1 959;8 580;;Elisan lento ylibookattu. Saanut Finnairilta korvauksen 375€;;;;;;4 873;789,0;1982,0;-23,4 %;-5 997;-94,45 %;42,6 %;;;;;;;;;;;1367;840;930,55;
15.10.25;15.10.25;Wednesday;0,51 %;18 010;6 460;0;1 311;25 781;21 811;-1 432;537;108;28;31;1 969;704;26 485;0;0;9 258;3 922;6 662;13 180;1 969;8 700;;;;;;;;4 674;789,0;2302,0;-22,8 %;-5 866;-93,46 %;66,0 %;;;;;;;;;;;1368;840;931,2;
16.10.25;16.10.25;Thursday;1,70 %;18 218;6 686;0;1 314;26 218;21 811;-1 002;967;108;28;31;1 969;1 134;27 352;0;0;9 258;3 922;6 662;13 180;1 969;8 700;;Mari maksoi Barcelona lennot ja hotellin 480€;;;;;;5 541;789,0;1872,0;-20,7 %;-5 429;-90,24 %;38,8 %;;;;;;;;;;;1369;840;931,85;
17.10.25;17.10.25;Friday;-1,23 %;18 016;6 579;0;1 300;25 895;21 917;-1 108;967;108;28;31;2 075;1 134;27 029;0;0;9 258;3 922;6 662;13 180;2 075;8 700;;;;;;;;5 112;789,0;1872,0;-22,2 %;-5 752;-92,61 %;38,8 %;;;;;;;;;;;1370;840;932,5;
20.10.25;20.10.25;Monday;1,46 %;18 301;6 663;0;1 309;26 273;21 959;-1 191;926;108;28;31;2 117;1 093;27 366;0;0;9 258;3 922;6 662;13 180;2 117;8 700;;;;;;;;5 407;789,0;1913,0;-20,5 %;-5 374;-89,84 %;41,4 %;;;;;;;;;;;1371;840;933,15;
21.10.25;21.10.25;Tuesday;0,74 %;18 445;6 700;0;1 323;26 468;21 970;-1 460;668;108;28;31;2 128;835;27 303;0;0;9 258;3 922;6 662;13 180;2 128;8 700;;Maksoin kitaratunnit 5kpl yht 245€;;;;;;5 333;789,0;2171,0;-19,6 %;-5 179;-88,44 %;57,7 %;;;;;;;;;;;1372;840;933,8;
22.10.25;22.10.25;Wednesday;-0,32 %;18 343;6 716;0;1 323;26 382;22 009;-1 477;690;108;28;31;2 167;857;27 239;0;0;9 258;3 922;6 662;13 180;2 167;8 700;;;;;;;;5 230;789,0;2149,0;-20,0 %;-5 265;-89,05 %;56,3 %;;;;;;;;;;;1373;840;934,45;
23.10.25;23.10.25;Thursday;0,55 %;18 487;6 716;0;1 323;26 526;22 009;-1 477;690;108;28;31;2 167;857;27 383;0;0;9 258;3 922;6 662;13 180;2 167;8 700;;;;;;;;5 374;789,0;2149,0;-19,3 %;-5 121;-88,03 %;56,3 %;;;;;;;;;;;1374;840;935,1;
24.10.25;24.10.25;Friday;-0,12 %;18 505;6 652;0;1 338;26 495;22 516;-2 198;476;108;28;31;2 674;643;27 138;0;0;9 258;3 922;6 662;13 180;2 674;8 700;;Ostin Elisalle psykologian kirjat 200€;;;;;;4 622;789,0;2363,0;-19,4 %;-5 152;-88,25 %;69,9 %;;;;;;;;;;;1375;840;935,75;
27.10.25;27.10.25;Monday;0,94 %;18 672;6 718;0;1 355;26 745;22 591;-2 273;476;108;28;31;2 749;643;27 388;0;0;9 258;3 922;6 662;13 180;2 749;8 700;;;;;;;;4 797;789,0;2363,0;-18,3 %;-4 902;-86,49 %;69,9 %;;;;;;;;;;;1376;840;936,4;
28.10.25;28.10.25;Tuesday;0,03 %;18 680;6 718;0;1 355;26 753;22 591;-2 273;476;108;28;31;2 749;643;27 396;0;0;9 258;3 922;6 662;13 180;2 749;8 700;;;;;;;;4 805;789,0;2363,0;-18,3 %;-4 894;-86,43 %;69,9 %;;;;;;;;;;;1377;840;937,05;
29.10.25;29.10.25;Wednesday;0,70 %;18 814;6 768;0;1 357;26 939;22 594;-2 276;476;108;28;31;2 752;643;27 582;0;0;9 258;3 922;6 662;13 180;2 752;8 700;;Jarnolta tekstiviesti: mulla mksa syöpä.;;;;;;4 988;789,0;2363,0;-17,5 %;-4 708;-85,14 %;69,9 %;;;;;;;;;;;1378;840;937,7;
30.10.25;30.10.25;Thursday;0,82 %;18 963;6 841;0;1 357;27 161;22 594;-2 276;476;108;28;31;2 752;643;27 804;0;0;9 258;3 922;6 662;13 180;2 752;8 700;;;;;;;;5 210;789,0;2363,0;-16,5 %;-4 486;-83,63 %;69,9 %;;;;;;;;;;;1379;840;938,35;
31.10.25;31.10.25;Friday;0,66 %;19 213;6 770;0;1 357;27 340;22 594;-2 276;476;108;28;31;2 752;643;27 983;0;0;9 258;3 922;6 662;13 180;2 752;8 700;;;;;;;;5 389;789,0;2363,0;-15,8 %;-4 307;-82,43 %;69,9 %;;;;;;;;;;;1380;840;939;
02.11.25;02.11.25;Sunday;0,00 %;19 213;6 770;0;1 357;27 340;22 594;579;3 331;108;28;31;2 752;3 498;30 838;0;0;9 258;3 922;6 662;13 180;2 752;8 700;;;;;;;;8 244;789,0;-492,0;-15,8 %;-4 307;-82,43 %;-110,8 %;;;;;;;;;;;1381;840;939,65;
03.11.25;03.11.25;Monday;1,48 %;19 581;6 796;0;1 368;27 745;20 434;375;967;108;28;31;592;1 134;28 879;0;0;9 258;3 922;6 662;13 180;592;8 700;;visalasku 2363;;;;;;8 445;789,0;1872,0;-14,1 %;-3 902;-79,77 %;38,8 %;;;;;;;;;;;1382;840;940,3;
04.11.25;04.11.25;Tuesday;-0,67 %;19 450;6 736;0;1 372;27 558;20 434;375;967;108;28;31;592;1 134;28 692;0;0;9 258;3 922;6 662;13 180;592;8 700;;;;;;;;8 258;789,0;1872,0;-14,8 %;-4 089;-80,99 %;38,8 %;;;;;;;;;;;1383;840;940,95;
05.11.25;05.11.25;Wednesday;-1,59 %;19 231;6 521;0;1 368;27 120;19 922;-329;317;108;28;31;646;484;27 604;0;0;9 104;3 801;6 371;12 905;646;8 700;;;;;;;;7 682;789,0;2522,0;-16,7 %;-4 527;-83,91 %;79,9 %;;;;;;;;;;;1384;840;941,6;
06.11.25;06.11.25;Thursday;0,33 %;19 212;6 629;0;1 369;27 210;19 984;-367;341;108;28;31;708;508;27 718;0;0;9 104;3 801;6 371;12 905;708;8 700;;Elisa palautti yo kuvista 15€, koska olin maksanut kuvauksen ja kiitos kortit. ilmainen kuvaa kuuluu näin ollen minulle. ;;;;;;7 734;789,0;2498,0;-16,3 %;-4 437;-83,30 %;78,4 %;;;;;;;;;;;1385;840;942,25;
07.11.25;07.11.25;Friday;-0,78 %;19 044;6 585;0;1 369;26 998;19 984;-367;341;108;28;31;708;508;27 506;0;0;9 104;3 801;6 371;12 905;708;8 700;;;;;;;;7 522;789,0;2498,0;-17,2 %;-4 649;-84,74 %;78,4 %;;;;;;;;;;;1386;840;942,9;
10.11.25;10.11.25;Monday;1,16 %;19 357;6 585;0;1 369;27 311;20 139;-785;78;108;28;31;863;245;27 556;0;0;9 104;3 801;6 371;12 905;863;8 700;;;;Myynti Amazon 4@246,36 yht985;;;;7 417;789,0;2761,0;-15,9 %;-4 336;-82,62 %;95,1 %;;;;;;;;;;;1387;840;943,55;
11.11.25;11.11.25;Tuesday;1,44 %;19 528;6 814;0;1 363;27 705;20 174;-820;78;108;28;31;898;245;27 950;0;0;9 104;3 801;6 371;12 905;898;8 700;;;;;;;;7 776;789,0;2761,0;-14,2 %;-3 942;-80,03 %;95,1 %;;;;;;;;;;;1388;840;944,2;
12.11.25;12.11.25;Wednesday;-2,17 %;18 830;6 910;0;1 363;27 103;20 202;-48;878;108;28;31;926;1 045;28 148;0;0;9 104;3 801;6 371;12 905;926;8 700;;;;;;Nosto 800€;;7 946;789,0;1961,0;-16,8 %;-4 544;-84,02 %;44,4 %;;;;;;;;;;;1389;840;944,85;
13.11.25;13.11.25;Thursday;-0,46 %;18 689;6 926;0;1 363;26 978;20 202;-48;878;108;28;31;926;1 045;28 023;0;0;9 104;3 801;6 371;12 905;926;8 700;;;;;;;;7 821;789,0;1961,0;-17,3 %;-4 669;-84,88 %;44,4 %;;;;;;;;;;;1390;840;945,5;
14.11.25;14.11.25;Friday;-1,29 %;18 474;6 793;0;1 363;26 630;20 202;-48;878;108;28;31;926;1 045;27 675;0;0;9 104;3 801;6 371;12 905;926;8 700;;;;;;;;7 473;789,0;1961,0;-18,8 %;-5 017;-87,29 %;44,4 %;;;;;;;;;;;1391;840;946,15;
17.11.25;17.11.25;Monday;-0,65 %;18 373;6 720;0;1 363;26 456;20 295;-735;284;108;28;31;1 019;451;26 907;0;0;9 104;3 801;6 371;12 905;1 019;8 820;;;;;;;;6 612;789,0;2555,0;-19,6 %;-5 191;-88,52 %;82,0 %;;;;;;;;;;;1392;840;946,8;
18.11.25;18.11.25;Tuesday;-1,71 %;18 037;6 604;0;1 363;26 004;20 295;-741;278;108;28;31;1 019;445;26 449;0;0;9 104;3 801;6 371;12 905;1 019;8 820;;Vanhemmat maksoi 50€;;;;;;6 154;789,0;2561,0;-21,7 %;-5 643;-91,80 %;82,4 %;;;;;;;;;;;1393;840;947,45;
19.11.25;19.11.25;Wednesday;0,14 %;18 088;6 590;0;1 363;26 041;20 295;-755;264;108;28;31;1 019;431;26 472;0;0;9 104;3 801;6 371;12 905;1 019;8 820;;;;;;;;6 177;789,0;2575,0;-21,5 %;-5 606;-91,53 %;83,3 %;;;;;;;;;;;1394;840;948,1;
20.11.25;20.11.25;Thursday;1,47 %;18 418;6 684;0;1 321;26 423;20 383;-843;264;108;28;31;1 107;431;26 854;0;0;9 104;3 801;6 371;12 905;1 107;8 820;;;;;;;;6 471;789,0;2575,0;-19,8 %;-5 224;-88,76 %;83,3 %;;;;;;;;;;;1395;840;948,75;
24.11.25;24.11.25;Monday;0,30 %;18 373;6 807;0;1 321;26 501;20 954;-1 414;264;108;28;31;1 678;431;26 932;0;0;9 104;3 801;6 371;12 905;1 678;8 820;;Barcelonan matka 21.-24.11.;;;;;;5 978;789,0;2575,0;-19,4 %;-5 146;-88,20 %;83,3 %;;;;;;;;;;;1396;840;949,4;
25.11.25;25.11.25;Tuesday;0,43 %;18 394;6 873;0;1 349;26 616;21 142;-1 619;247;108;28;31;1 866;414;27 030;0;0;9 104;3 801;6 371;12 905;1 866;8 820;;;;;;;;5 888;789,0;2592,0;-18,9 %;-5 031;-87,39 %;84,4 %;;;;;;;;;;;1397;840;950,05;
26.11.25;26.11.25;Wednesday;1,04 %;18 577;6 962;0;1 353;26 892;21 157;-1 634;247;108;28;31;1 881;414;27 306;0;0;9 104;3 801;6 371;12 905;1 881;8 820;;;;;;;;6 149;789,0;2592,0;-17,7 %;-4 755;-85,47 %;84,4 %;;;;;;;;;;;1398;840;950,7;
27.11.25;27.11.25;Thursday;0,09 %;18 578;6 985;0;1 353;26 916;21 157;-1 634;247;108;28;31;1 881;414;27 330;0;0;9 104;3 801;6 371;12 905;1 881;8 820;;;;;;;;6 173;789,0;2592,0;-17,6 %;-4 731;-85,30 %;84,4 %;;;;;;;;;;;1399;840;951,35;
28.11.25;28.11.25;Friday;-0,03 %;18 586;6 965;0;1 358;26 909;21 157;-1 634;247;108;28;31;1 881;414;27 323;0;0;9 104;3 801;6 371;12 905;1 881;8 820;;;;;;;;6 166;789,0;2592,0;-17,6 %;-4 738;-85,35 %;84,4 %;;;;;;;;;;;1400;840;952;
01.12.25;01.12.25;Monday;0,19 %;18 579;7 024;0;1 358;26 961;21 456;922;3 102;108;28;31;2 180;3 269;30 230;0;0;9 104;3 801;6 371;12 905;2 180;8 820;;Ostin oopperaliput 160€;;;;;;8 774;789,0;-263,0;-17,4 %;-4 686;-84,99 %;-96,3 %;;;;;;;;;;;1401;840;952,65;
02.12.25;02.12.25;Tuesday;0,33 %;18 608;7 084;0;1 358;27 050;19 888;921;1 533;108;28;31;612;1 700;28 750;0;0;9 104;3 801;6 371;12 905;612;8 820;;visalasku 1568;;;;;;8 862;789,0;1306,0;-17,0 %;-4 597;-84,38 %;3,0 %;;;;;;;;;;;1402;840;953,3;
03.12.25;03.12.25;Wednesday;-0,21 %;18 550;7 084;0;1 358;26 992;20 006;803;1 533;108;28;31;730;1 700;28 692;0;0;9 104;3 801;6 371;12 905;730;8 820;;;;;;;;8 686;789,0;1306,0;-17,2 %;-4 655;-84,78 %;3,0 %;;;;;;;;;;;1403;840;953,95;
04.12.25;04.12.25;Thursday;-0,55 %;18 443;7 042;0;1 358;26 843;20 006;803;1 533;108;28;31;730;1 700;28 543;0;0;9 104;3 801;6 371;12 905;730;8 820;;;;;;;;8 537;789,0;1306,0;-17,9 %;-4 804;-85,81 %;3,0 %;;;;;;;;;;;1404;840;954,6;
05.12.25;05.12.25;Friday;-0,02 %;18 440;7 042;0;1 356;26 838;19 479;114;885;108;28;31;771;1 052;27 890;0;0;8 950;3 679;6 079;12 629;771;8 820;;;;;;;;8 411;789,0;1954,0;-17,9 %;-4 809;-85,84 %;44,0 %;;;;;;;;;;;1405;840;955,25;
08.12.25;08.12.25;Monday;0,17 %;18 452;7 068;0;1 364;26 884;19 525;68;885;108;28;31;817;1 052;27 936;0;0;8 950;3 679;6 079;12 629;817;8 820;;;;;;;;8 411;789,0;1954,0;-17,7 %;-4 763;-85,52 %;44,0 %;;;;;;;;;;;1406;840;955,9;
09.12.25;09.12.25;Tuesday;0,03 %;18 457;7 077;0;1 359;26 893;19 539;54;885;108;28;31;831;1 052;27 945;0;0;8 950;3 679;6 079;12 629;831;8 820;;;;;;;;8 406;789,0;1954,0;-17,7 %;-4 754;-85,46 %;44,0 %;;;;;;;;;;;1407;840;956,55;
10.12.25;10.12.25;Wednesday;0,57 %;18 579;7 109;0;1 359;27 047;19 599;-268;623;108;28;31;891;790;27 837;0;0;8 950;3 679;6 079;12 629;891;8 820;;Vastike 263€;;;;;;8 238;789,0;2216,0;-17,0 %;-4 600;-84,40 %;60,6 %;;;;;;;;;;;1408;840;957,2;
11.12.25;11.12.25;Thursday;0,31 %;18 602;7 170;0;1 359;27 131;21 598;-2 267;623;108;28;31;2 890;790;27 921;0;0;8 950;3 679;6 079;12 629;2 890;8 820;;Tilasin kitaran. Fender Stratocaster pro ;;;;;;6 323;789,0;2216,0;-16,6 %;-4 516;-83,83 %;60,6 %;;;;;;;;;;;1409;840;957,85;
12.12.25;12.12.25;Friday;-1,00 %;18 461;7 049;0;1 351;26 861;21 792;-2 461;623;108;28;17;3 084;776;27 637;0;0;8 950;3 679;6 079;12 629;3 084;8 820;;Tilasin See See riders kyltin 31€;;;;;;5 845;789,0;2230,0;-17,8 %;-4 786;-85,68 %;60,6 %;;;;;;;;;;;1410;840;958,5;
15.12.25;15.12.25;Monday;0,16 %;18 505;7 047;0;1 351;26 903;21 792;-2 681;403;208;28;17;3 084;656;27 559;0;0;8 950;3 679;6 079;12 629;3 084;8 940;;;;;;;;5 767;789,0;2350,0;-17,6 %;-4 744;-85,39 %;74,5 %;;;;;;;;;;;1411;840;959,15;
16.12.25;16.12.25;Tuesday;-0,11 %;18 444;7 079;0;1 351;26 874;21 898;-787;2 403;208;28;17;3 190;2 656;29 530;0;0;8 950;3 679;6 079;12 629;3 190;8 940;;Lainasin Marilta 2000€ 2% korolla vuodeksi.;;;;;;7 632;789,0;350,0;-17,8 %;-4 773;-85,59 %;-52,1 %;;;;;;;;;;;1412;840;959,8;
17.12.25;17.12.25;Wednesday;-0,38 %;18 349;7 084;0;1 340;26 773;22 066;-1 010;2 348;8;28;17;3 358;2 401;29 174;0;0;8 950;3 679;6 079;12 629;3 358;8 940;;Ostin paidan 50€ ja kengät 120€;;;;;;7 108;789,0;605,0;-18,2 %;-4 874;-86,29 %;-48,6 %;;;;;;;;;;;1413;840;960,45;
18.12.25;18.12.25;Thursday;1,24 %;18 616;7 163;0;1 325;27 104;22 157;-1 101;2 348;8;28;17;3 449;2 401;29 505;0;0;8 950;3 679;6 079;12 629;3 449;8 940;;;;;;;;7 348;789,0;605,0;-16,8 %;-4 543;-84,02 %;-48,6 %;;;;;;;;;;;1414;840;961,1;
19.12.25;19.12.25;Friday;0,71 %;18 739;7 232;0;1 325;27 296;22 232;-1 176;2 348;8;28;17;3 524;2 401;29 697;0;0;8 950;3 679;6 079;12 629;3 524;8 940;;Sisiliassa 19.-27.12. Matleena ja Jari Egyptiin 19.-31.12. Matleenalle 100€ matkarahaa;;;;;;7 465;789,0;605,0;-15,9 %;-4 351;-82,72 %;-48,6 %;;;;;;;;;;;1415;840;961,75;
22.12.25;22.12.25;Monday;0,00 %;18 732;7 239;0;1 325;27 296;22 241;-1 185;2 348;8;28;17;3 533;2 401;29 697;0;0;8 950;3 679;6 079;12 629;3 533;8 940;;Tytöille 200€ molemmille joululahjaksi;;;;;;7 456;789,0;605,0;-15,9 %;-4 351;-82,72 %;-48,6 %;;;;;;;;;;;1416;840;962,4;
23.12.25;23.12.25;Tuesday;0,72 %;18 869;7 298;0;1 325;27 492;22 359;-1 303;2 348;8;28;17;3 651;2 401;29 893;0;0;8 950;3 679;6 079;12 629;3 651;8 940;;;;;;;;7 534;789,0;605,0;-15,1 %;-4 155;-81,42 %;-48,6 %;;;;;;;;;;;1417;840;963,05;
28.12.25;28.12.25;Sunday;0,08 %;18 892;7 298;0;1 325;27 515;22 598;-1 964;1 926;8;28;17;3 890;1 979;29 494;0;0;8 950;3 679;6 079;12 629;3 890;8 940;;;;;;;;6 896;789,0;1027,0;-15,0 %;-4 132;-81,27 %;-21,9 %;;;;;;;;;;;1418;840;963,7;
29.12.25;29.12.25;Monday;0,04 %;18 896;7 266;0;1 365;27 527;22 598;-1 964;1 926;8;28;17;3 890;1 979;29 506;0;0;8 950;3 679;6 079;12 629;3 890;8 940;;;;;;;;6 908;789,0;1027,0;-15,0 %;-4 120;-81,19 %;-21,9 %;;;;;;;;;;;1419;840;964,35;
30.12.25;30.12.25;Tuesday;0,76 %;19 019;7 351;0;1 365;27 735;22 643;-2 009;1 926;8;28;17;3 935;1 979;29 714;0;0;8 950;3 679;6 079;12 629;3 935;8 940;;;;;;;;7 071;789,0;1027,0;-14,1 %;-3 912;-79,83 %;-21,9 %;;;;;;;;;;;1420;840;965;
31.12.25;31.12.25;Wednesday;0,00 %;19 019;7 351;0;1 365;27 735;22 643;-2 009;1 926;8;28;17;3 935;1 979;29 714;0;0;8 950;3 679;6 079;12 629;3 935;8 940;;;;;;;;7 071;789,0;1027,0;-14,1 %;-3 912;-79,83 %;-21,9 %;;;;;;;;;;;1421;840;965,65;
02.01.26;02.01.26;Friday;0,81 %;19 128;7 479;0;1 354;27 961;22 878;615;4 785;8;28;17;4 170;4 838;32 799;0;0;8 950;3 679;6 079;12 629;4 170;8 940;;;;;;;;9 921;789,0;-1832,0;-13,2 %;-3 686;-78,38 %;-202,8 %;;;;;;;;;;;1422;840;966,3;
05.01.26;05.01.26;Monday;0,53 %;19 248;7 513;0;1 349;28 110;18 659;-118;401;8;28;17;519;454;28 564;0;0;8 797;3 557;5 786;12 354;519;8 940;;Visa lasku 3651€. ;;;;;;9 905;789,0;2552,0;-12,6 %;-3 537;-77,43 %;74,6 %;;;;;;;;;;;1423;840;966,95;
06.01.26;06.01.26;Tuesday;0,52 %;19 395;7 513;0;1 349;28 257;18 752;-211;401;8;28;17;612;454;28 711;0;0;8 797;3 557;5 786;12 354;612;8 940;;;;;;;;9 959;789,0;2552,0;-12,0 %;-3 390;-76,51 %;74,6 %;;;;;;;;;;;1424;840;967,6;
07.01.26;07.01.26;Wednesday;0,19 %;19 543;7 406;0;1 361;28 310;18 846;-305;401;8;28;17;706;454;28 764;0;0;8 797;3 557;5 786;12 354;706;8 940;;;;;;;;9 918;789,0;2552,0;-11,8 %;-3 337;-76,18 %;74,6 %;;;;;;;;;;;1425;840;968,25;
08.01.26;08.01.26;Thursday;0,00 %;19 543;7 406;0;1 361;28 310;18 846;-305;401;8;28;17;706;454;28 764;0;0;8 797;3 557;5 786;12 354;706;8 940;;;;;;;;9 918;789,0;2552,0;-11,8 %;-3 337;-76,18 %;74,6 %;;;;;;;;;;;1426;840;968,9;
09.01.26;09.01.26;Friday;0,29 %;19 563;7 467;0;1 361;28 391;18 846;-305;401;8;28;17;706;454;28 845;0;0;8 797;3 557;5 786;12 354;706;8 940;;;;;;;;9 999;789,0;2552,0;-11,5 %;-3 256;-75,68 %;74,6 %;;;;;;;;;;;1427;840;969,55;
12.01.26;12.01.26;Monday;0,20 %;19 602;7 474;0;1 371;28 447;19 018;-768;110;8;28;17;878;163;28 610;0;0;8 797;3 557;5 786;12 354;878;8 940;;Vastike 290€. Soitin Johannalle sanoin etten enää maksa elatusapua hänelle. Hän otti asian rauhallisesti eikä pistänyt vastaan. Olin kamppaillut asian ilmoittamisen kanssa pitkään. Tunsin vääryyttä maksaa rahaa hänelle. Tottakai haluan tukea lapsia, mutta hänelle maksamani rahoille ei ollut mitään tietoa mihin ne menivät. ;;;;;;9 592;789,0;2843,0;-11,2 %;-3 200;-75,33 %;93,0 %;;;;;;;;;;;1428;840;970,2;
13.01.26;13.01.26;Tuesday;0,05 %;19 541;7 550;0;1 371;28 462;19 018;-594;284;8;28;17;878;337;28 799;0;0;8 797;3 557;5 786;12 354;878;8 940;;Nosto 100€ Nordnetistä;;;;;;9 781;789,0;2669,0;-11,2 %;-3 185;-75,24 %;82,0 %;;;;;;;;;;;1429;840;970,85;
14.01.26;14.01.26;Wednesday;0,19 %;19 527;7 614;0;1 374;28 515;19 018;-594;284;8;28;17;878;337;28 852;0;0;8 797;3 557;5 786;12 354;878;8 940;;;;;;;;9 834;789,0;2669,0;-11,0 %;-3 132;-74,91 %;82,0 %;;;;;;;;;;;1430;840;971,5;
15.01.26;15.01.26;Thursday;0,65 %;19 625;7 710;0;1 364;28 699;19 084;-780;164;8;28;17;944;217;28 916;0;0;8 797;3 557;5 786;12 354;944;9 060;;;;;;;;9 832;789,0;2789,0;-10,3 %;-2 948;-73,79 %;89,6 %;;;;;;;;;;;1431;840;972,15;
16.01.26;16.01.26;Friday;-0,05 %;19 635;7 680;0;1 371;28 686;19 199;-1 022;37;8;28;17;1 059;90;28 776;0;0;8 797;3 557;5 786;12 354;1 059;9 060;;Ostin lennot Riikaan 115€;;;;;;9 577;789,0;2916,0;-10,3 %;-2 961;-73,87 %;97,7 %;;;;;;;;;;;1432;840;972,8;
19.01.26;19.01.26;Monday;-1,60 %;19 335;7 522;0;1 371;28 228;19 313;-1 136;37;8;28;17;1 173;90;28 318;0;0;8 797;3 557;5 786;12 354;1 173;9 060;;Trump Grönlanti tullit;;;;;;9 005;789,0;2916,0;-12,1 %;-3 419;-76,69 %;97,7 %;;;;;;;;;;;1433;840;973,45;
20.01.26;20.01.26;Tuesday;-0,96 %;19 083;7 502;0;1 371;27 956;19 336;-1 159;37;8;28;17;1 196;90;28 046;0;0;8 797;3 557;5 786;12 354;1 196;9 060;;;;;;;;8 710;789,0;2916,0;-13,2 %;-3 691;-78,41 %;97,7 %;;;;;;;;;;;1434;840;974,1;
21.01.26;21.01.26;Wednesday;0,63 %;19 266;7 543;0;1 323;28 132;19 349;-1 194;15;8;9;17;1 209;49;28 181;0;0;8 797;3 557;5 786;12 354;1 209;9 060;;;;;;;;8 832;789,0;2957,0;-12,5 %;-3 515;-77,29 %;99,1 %;;;;;;;;;;;1435;840;974,75;
22.01.26;22.01.26;Thursday;1,99 %;19 610;7 744;0;1 339;28 693;19 372;-1 217;15;8;9;17;1 232;49;28 742;0;0;8 797;3 557;5 786;12 354;1 232;9 060;;;;;;;;9 370;789,0;2957,0;-10,3 %;-2 954;-73,83 %;99,1 %;;;;;;;;;;;1436;840;975,4;
23.01.26;23.01.26;Friday;-0,75 %;19 534;7 600;0;1 345;28 479;19 372;-1 217;15;8;9;17;1 232;49;28 528;0;0;8 797;3 557;5 786;12 354;1 232;9 060;;;;;;;;9 156;789,0;2957,0;-11,1 %;-3 168;-75,13 %;99,1 %;;;;;;;;;;;1437;840;976,05;
26.01.26;26.01.26;Monday;0,47 %;19 587;7 680;0;1 345;28 612;19 611;-1 461;10;8;9;17;1 471;44;28 656;0;0;8 797;3 557;5 786;12 354;1 471;9 060;;;;;;;;9 045;789,0;2962,0;-10,6 %;-3 035;-74,32 %;99,4 %;;;;;;;;;;;1438;840;976,7;
27.01.26;27.01.26;Tuesday;0,52 %;19 648;7 778;0;1 336;28 762;19 996;-1 846;10;8;9;17;1 856;44;28 806;0;0;8 797;3 557;5 786;12 354;1 856;9 060;;Autohuolto ja katsastus 332€ visalla;;;;;;8 810;789,0;2962,0;-10,0 %;-2 885;-73,41 %;99,4 %;;;;;;;;;;;1439;840;977,35;
28.01.26;28.01.26;Wednesday;-1,04 %;19 487;7 652;0;1 323;28 462;20 016;-1 866;10;8;9;17;1 876;44;28 506;0;0;8 797;3 557;5 786;12 354;1 876;9 060;;;;;;;;8 490;789,0;2962,0;-11,2 %;-3 185;-75,24 %;99,4 %;;;;;;;;;;;1440;840;978;
29.01.26;29.01.26;Thursday;-1,90 %;19 194;7 406;0;1 322;27 922;19 996;-1 846;10;8;9;17;1 856;44;27 966;0;0;8 797;3 557;5 786;12 354;1 856;9 060;;;;;;;;7 970;789,0;2962,0;-13,3 %;-3 725;-78,63 %;99,4 %;;;;;;;;;;;1441;840;978,65;
30.01.26;30.01.26;Friday;0,59 %;19 276;7 490;0;1 322;28 088;20 394;-2 244;10;8;9;17;2 254;44;28 132;0;0;8 797;3 557;5 786;12 354;2 254;9 060;;Ostin sähköhammasharja 149€ prisma;;;;;;7 738;789,0;2962,0;-12,7 %;-3 559;-77,57 %;99,4 %;;;;;;;;;;;1442;840;979,3;
02.02.26;02.02.26;Monday;1,78 %;19 610;7 668;0;1 309;28 587;20 424;585;2 869;8;9;17;2 284;2 903;31 490;0;0;8 797;3 557;5 786;12 354;2 284;9 060;;Visalasku 1356;;;;;;11 066;789,0;103,0;-10,7 %;-3 060;-74,47 %;-81,6 %;;;;;;;;;;;1443;840;979,95;
03.02.26;03.02.26;Tuesday;-0,55 %;19 379;7 726;0;1 324;28 429;19 068;516;1 444;8;9;17;928;1 478;29 907;0;0;8 797;3 557;5 786;12 354;928;9 060;;Maksoin riistanhoitomaksun 43€;;;;;;10 839;789,0;1528,0;-11,3 %;-3 218;-75,44 %;8,6 %;;;;;;;;;;;1444;840;980,6;
04.02.26;04.02.26;Wednesday;0,19 %;19 493;7 694;0;1 297;28 484;19 139;445;1 444;8;9;17;999;1 478;29 962;0;0;8 797;3 557;5 786;12 354;999;9 060;;;;;;;;10 823;789,0;1528,0;-11,1 %;-3 163;-75,10 %;8,6 %;;;;;;;;;;;1445;840;981,25;
05.02.26;05.02.26;Thursday;-2,56 %;18 911;7 547;0;1 297;27 755;18 567;-499;500;8;9;17;999;534;28 289;0;0;8 642;3 435;5 491;12 077;999;9 060;;Maksoin kitaratunnit 245€;;;;;;9 722;789,0;2472,0;-14,0 %;-3 892;-79,70 %;68,4 %;;;;;;;;;;;1446;840;981,9;
06.02.26;06.02.26;Friday;0,72 %;19 036;7 643;0;1 275;27 954;18 713;-645;500;8;9;17;1 145;534;28 488;0;0;8 642;3 435;5 491;12 077;1 145;9 060;;;;;;;;9 775;789,0;2472,0;-13,2 %;-3 693;-78,42 %;68,4 %;;;;;;;;;;;1447;840;982,55;
09.02.26;09.02.26;Monday;0,37 %;19 065;7 696;0;1 297;28 058;18 713;-645;500;8;9;17;1 145;534;28 592;0;0;8 642;3 435;5 491;12 077;1 145;9 060;;;;;;;;9 879;789,0;2472,0;-12,8 %;-3 589;-77,76 %;68,4 %;;;;;;;;;;;1448;840;983,2;
10.02.26;10.02.26;Tuesday;-0,01 %;19 086;7 675;0;1 294;28 055;18 759;-1 060;131;8;9;17;1 191;165;28 220;0;0;8 642;3 435;5 491;12 077;1 191;9 060;;Vastike 290;;;;;;9 461;789,0;2841,0;-12,8 %;-3 592;-77,78 %;91,7 %;;;;;;;;;;;1449;840;983,85;
11.02.26;11.02.26;Wednesday;0,06 %;19 133;7 648;0;1 290;28 071;18 759;-1 060;131;8;9;17;1 191;165;28 236;0;0;8 642;3 435;5 491;12 077;1 191;9 060;;50e Elisalle käteinen;;;;;;9 477;789,0;2841,0;-12,7 %;-3 576;-77,68 %;91,7 %;;;;;;;;;;;1450;840;984,5;
12.02.26;12.02.26;Thursday;-2,11 %;18 685;7 506;0;1 288;27 479;19 377;-1 178;631;8;9;17;1 809;665;28 144;0;0;8 642;3 435;5 491;12 077;1 809;9 060;;100e Matleenalle tilille. Visa nosto 600€;;;;;;8 767;789,0;2341,0;-15,2 %;-4 168;-81,51 %;60,1 %;;;;;;;;;;;1451;840;985,15;
13.02.26;13.02.26;Friday;-0,86 %;18 557;7 397;0;1 288;27 242;19 628;-1 429;631;8;9;17;2 060;665;27 907;0;0;8 642;3 435;5 491;12 077;2 060;9 060;;;;;;;;8 279;789,0;2341,0;-16,2 %;-4 405;-83,08 %;60,1 %;;;;;;;;;;;1452;840;985,8;
16.02.26;16.02.26;Monday;1,10 %;18 717;7 538;0;1 288;27 543;19 869;-2 064;237;8;9;17;2 301;271;27 814;0;0;8 642;3 435;5 491;12 077;2 301;9 180;;Ostin kovalevyn 219€.;;;;;;7 945;789,0;2735,0;-14,9 %;-4 104;-81,08 %;85,0 %;;;;;;;;;;;1453;840;986,45;
17.02.26;17.02.26;Tuesday;0,42 %;18 815;7 556;0;1 288;27 659;19 869;-2 064;237;8;9;17;2 301;271;27 930;0;0;8 642;3 435;5 491;12 077;2 301;9 180;;;;;;;;8 061;789,0;2735,0;-14,4 %;-3 988;-80,32 %;85,0 %;;;;;;;;;;;1454;840;987,1;
18.02.26;18.02.26;Wednesday;1,38 %;19 094;7 655;0;1 291;28 040;19 884;-2 107;209;8;9;17;2 316;243;28 283;0;0;8 642;3 435;5 491;12 077;2 316;9 180;;;;;;;;8 399;789,0;2763,0;-12,9 %;-3 607;-77,87 %;86,8 %;;;;;;;;;;;1455;840;987,75;
19.02.26;19.02.26;Thursday;-0,88 %;18 943;7 559;0;1 291;27 793;19 884;-2 157;159;8;9;17;2 316;193;27 986;0;0;8 642;3 435;5 491;12 077;2 316;9 180;;Maksoin parkkisakko 50€ pori;;;;;;8 102;789,0;2813,0;-13,9 %;-3 854;-79,46 %;89,9 %;;;;;;;;;;;1456;840;988,4;
20.02.26;20.02.26;Friday;0,92 %;19 086;7 666;0;1 297;28 049;20 011;-2 284;159;8;9;17;2 443;193;28 242;0;0;8 642;3 435;5 491;12 077;2 443;9 180;;;;;;;;8 231;789,0;2813,0;-12,8 %;-3 598;-77,82 %;89,9 %;;;;;;;;;;;1457;840;989,05;
23.02.26;23.02.26;Monday;-0,37 %;18 989;7 655;0;1 301;27 945;20 088;-2 361;159;8;9;17;2 520;193;28 138;0;0;8 642;3 435;5 491;12 077;2 520;9 180;;;;;;;;8 050;789,0;2813,0;-13,2 %;-3 702;-78,48 %;89,9 %;;;;;;;;;;;1458;840;989,7;
24.02.26;24.02.26;Tuesday;-0,19 %;18 997;7 609;0;1 286;27 892;20 158;-2 431;159;8;9;17;2 590;193;28 085;0;0;8 642;3 435;5 491;12 077;2 590;9 180;;;;;;;;7 927;789,0;2813,0;-13,5 %;-3 755;-78,82 %;89,9 %;;;;;;;;;;;1459;840;990,35;
25.02.26;25.02.26;Wednesday;0,49 %;19 110;7 634;0;1 286;28 030;20 223;-2 496;159;8;9;17;2 655;193;28 223;0;0;8 642;3 435;5 491;12 077;2 655;9 180;;;;;;;;8 000;789,0;2813,0;-12,9 %;-3 617;-77,94 %;89,9 %;;;;;;;;;;;1460;840;991;
26.02.26;26.02.26;Thursday;-0,50 %;18 979;7 598;0;1 312;27 889;20 242;-2 515;159;8;9;17;2 674;193;28 082;0;0;8 642;3 435;5 491;12 077;2 674;9 180;;;;;;;;7 840;789,0;2813,0;-13,5 %;-3 758;-78,84 %;89,9 %;;;;;;;;;;;1461;840;991,65;
27.02.26;27.02.26;Friday;-0,13 %;19 030;7 518;0;1 305;27 853;20 320;-2 557;195;8;9;17;2 752;229;28 082;0;0;8 642;3 435;5 491;12 077;2 752;9 180;;Vanhemmilta 50€ kuluja kun kävin äidin kanssa laboratorio.;;;;;;7 762;789,0;2777,0;-13,6 %;-3 794;-79,07 %;87,7 %;;;;;;;;;;;1462;840;992,3;
02.03.26;02.03.26;Monday;-0,79 %;18 987;7 349;0;1 298;27 634;20 320;302;3 054;8;9;17;2 752;3 088;30 722;0;0;8 642;3 435;5 491;12 077;2 752;9 180;;USA IRAN SOTA. Maksoin Vialaskua osan 1520.;;;;;;10 402;789,0;-82,0;-14,5 %;-4 013;-80,49 %;-93,3 %;;;;;;;;;;;1463;840;992,95;
03.03.26;03.03.26;Tuesday;-2,29 %;18 587;7 115;0;1 298;27 000;18 821;281;1 534;8;9;17;1 253;1 568;28 568;0;0;8 642;3 435;5 491;12 077;1 253;9 180;;;;;;;;9 747;789,0;1438,0;-17,2 %;-4 647;-84,73 %;2,9 %;;;;;;;;;;;1464;840;993,6;
04.03.26;04.03.26;Wednesday;2,21 %;18 957;7 323;0;1 318;27 598;18 896;206;1 534;8;9;17;1 328;1 568;29 166;0;0;8 642;3 435;5 491;12 077;1 328;9 180;;Olin äidin kanssa Ulvilan tk nenäpatin näyte.;;;;;;10 270;789,0;1438,0;-14,7 %;-4 049;-80,72 %;2,9 %;;;;;;;;;;;1465;840;994,25;
05.03.26;05.03.26;Thursday;-0,96 %;18 786;7 230;0;1 318;27 334;18 319;-423;905;8;9;17;1 328;939;28 273;0;0;8 486;3 311;5 194;11 797;1 328;9 180;;;;;;;;9 954;789,0;2067,0;-15,8 %;-4 313;-82,47 %;42,7 %;;;;;;;;;;;1466;840;994,9;
06.03.26;06.03.26;Friday;-1,01 %;18 605;7 131;0;1 323;27 059;18 334;-481;862;8;9;17;1 343;896;27 955;0;0;8 486;3 311;5 194;11 797;1 343;9 180;;;;;;;;9 621;789,0;2110,0;-17,0 %;-4 588;-84,32 %;45,4 %;;;;;;;;;;;1467;840;995,55;
09.03.26;09.03.26;Monday;-0,18 %;18 574;7 122;0;1 314;27 010;18 619;-845;783;8;9;17;1 628;817;27 827;0;0;8 486;3 311;5 194;11 797;1 628;9 180;;Maksoin Riika hotellin 250€ Visalla;;;;;;9 208;789,0;2189,0;-17,2 %;-4 637;-84,66 %;50,4 %;;;;;;;;;;;1468;840;996,2;
10.03.26;10.03.26;Tuesday;1,92 %;18 935;7 280;0;1 314;27 529;18 619;-1 136;492;8;9;17;1 628;526;28 055;0;0;8 486;3 311;5 194;11 797;1 628;9 180;;Vastike 290€;;;;;;9 436;789,0;2480,0;-15,0 %;-4 118;-81,18 %;68,9 %;;;;;;;;;;;1469;840;996,85;
11.03.26;11.03.26;Wednesday;-0,19 %;18 877;7 287;0;1 313;27 477;18 694;-1 211;492;8;9;17;1 703;526;28 003;0;0;8 486;3 311;5 194;11 797;1 703;9 180;;;;;;;;9 309;789,0;2480,0;-15,2 %;-4 170;-81,52 %;68,9 %;;;;;;;;;;;1470;840;997,5;
12.03.26;12.03.26;Thursday;-0,59 %;18 808;7 195;0;1 313;27 316;18 694;-1 211;492;8;9;17;1 703;526;27 842;0;0;8 486;3 311;5 194;11 797;1 703;9 180;;;;;;;;9 148;789,0;2480,0;-15,9 %;-4 331;-82,59 %;68,9 %;;;;;;;;;;;1471;840;998,15;
13.03.26;13.03.26;Friday;-0,57 %;18 697;7 150;0;1 313;27 160;18 819;-1 579;249;8;9;17;1 828;283;27 443;0;0;8 486;3 311;5 194;11 797;1 828;9 180;;Matleenalle has Elisalle molemmille 50€;;;;;;8 624;789,0;2723,0;-16,5 %;-4 487;-83,64 %;84,2 %;;;;;;;;;;;1472;840;998,8;
16.03.26;16.03.26;Monday;0,97 %;18 884;7 227;0;1 313;27 424;18 851;-1 611;249;8;9;17;1 860;283;27 707;0;0;8 486;3 311;5 194;11 797;1 860;9 300;;;;;;;;8 856;789,0;2723,0;-15,4 %;-4 223;-81,87 %;84,2 %;;;;;;;;;;;1473;840;999,45;
17.03.26;17.03.26;Tuesday;0,38 %;18 950;7 264;0;1 313;27 527;18 912;-1 672;249;8;9;17;1 921;283;27 810;0;0;8 486;3 311;5 194;11 797;1 921;9 300;;;;;;;;8 898;789,0;2723,0;-15,0 %;-4 120;-81,19 %;84,2 %;;;;;;;;;;;1474;840;1000,1;
18.03.26;18.03.26;Wednesday;0,62 %;19 047;7 330;0;1 321;27 698;18 912;-1 672;249;8;9;17;1 921;283;27 981;0;0;8 486;3 311;5 194;11 797;1 921;9 300;;;;;;;;9 069;789,0;2723,0;-14,3 %;-3 949;-80,07 %;84,2 %;;;;;;;;;;;1475;840;1000,75;
19.03.26;19.03.26;Thursday;-2,27 %;18 611;7 138;0;1 321;27 070;18 912;-1 672;249;8;9;17;1 921;283;27 353;0;0;8 486;3 311;5 194;11 797;1 921;9 300;;;;;;;;8 441;789,0;2723,0;-16,9 %;-4 577;-84,25 %;84,2 %;;;;;;;;;;;1476;840;1001,4;
20.03.26;20.03.26;Friday;-1,46 %;18 351;7 004;0;1 321;26 676;19 262;-2 055;216;8;9;17;2 271;250;26 926;0;0;8 486;3 311;5 194;11 797;2 271;9 300;;Riikan matka;;;;;;7 664;789,0;2756,0;-18,6 %;-4 971;-86,97 %;86,3 %;;;;;;;;;;;1477;840;1002,05;
23.03.26;23.03.26;Monday;-0,24 %;18 279;7 056;0;1 277;26 612;19 286;-2 079;216;8;9;17;2 295;250;26 862;0;0;8 486;3 311;5 194;11 797;2 295;9 300;;;;;;;;7 576;789,0;2756,0;-18,9 %;-5 035;-87,42 %;86,3 %;;;;;;;;;;;1478;840;1002,7;
24.03.26;24.03.26;Tuesday;-1,19 %;18 133;6 885;0;1 277;26 295;19 319;-2 112;216;8;9;17;2 328;250;26 545;0;0;8 486;3 311;5 194;11 797;2 328;9 300;;;;;;;;7 226;789,0;2756,0;-20,4 %;-5 352;-89,68 %;86,3 %;;;;;;;;;;;1479;840;1003,35;
25.03.26;25.03.26;Wednesday;-1,10 %;18 126;6 604;0;1 277;26 007;19 336;-2 129;216;8;9;17;2 345;250;26 257;0;0;8 486;3 311;5 194;11 797;2 345;9 300;;Visalasku 2301€ eräpäivä ensi kuussa;;;;;;6 921;789,0;2756,0;-21,7 %;-5 640;-91,78 %;86,3 %;;;;;;;;;;;1480;840;1004;
26.03.26;26.03.26;Thursday;-1,05 %;17 925;6 531;0;1 277;25 733;19 340;-2 133;216;8;9;17;2 349;250;25 983;0;0;8 486;3 311;5 194;11 797;2 349;9 300;;;;;;;;6 643;789,0;2756,0;-23,0 %;-5 914;-93,82 %;86,3 %;;;;;;;;;;;1481;840;1004,65;
27.03.26;27.03.26;Friday;-1,05 %;17 656;6 531;0;1 277;25 464;19 373;-2 166;216;8;9;17;2 382;250;25 714;0;0;8 486;3 311;5 194;11 797;2 382;9 300;;;;;;;;6 341;789,0;2756,0;-24,3 %;-6 183;-95,87 %;86,3 %;;;;;;;;;;;1482;840;1005,3;
30.03.26;30.03.26;Monday;1,38 %;17 922;6 645;0;1 249;25 816;19 393;-2 201;201;8;9;17;2 402;235;26 051;0;0;8 486;3 311;5 194;11 797;2 402;9 300;;;;;;;;6 658;789,0;2771,0;-22,6 %;-5 831;-93,20 %;87,3 %;;;;;;;;;;;1483;840;1005,95;
31.03.26;31.03.26;Tuesday;1,16 %;18 161;6 706;0;1 249;26 116;19 733;-2 541;201;8;9;17;2 742;235;26 351;0;0;8 486;3 311;5 194;11 797;2 742;9 300;;Maksoin Elisalle pääsykoe valmennuskurssit 280€;;;;;;6 618;789,0;2771,0;-21,2 %;-5 531;-90,98 %;87,3 %;;;;;;;;;;;1484;840;1006,6;
01.04.26;01.04.26;Wednesday;2,21 %;18 450;6 958;0;1 285;26 693;19 904;347;3 260;8;9;17;2 913;3 294;29 987;0;0;8 486;3 311;5 194;11 797;2 913;9 300;;Vanhemmat maksoi 200€ bensa, lääke ym kuluja, mitä olen maksanut;;;;;;10 083;789,0;-288,0;-18,6 %;-4 954;-86,85 %;-106,3 %;;;;;;;;;;;1485;840;1007,25;
02.04.26;02.04.26;Thursday;1,65 %;18 928;6 921;0;1 285;27 134;17 603;674;1 286;8;9;17;612;1 320;28 454;0;0;8 486;3 311;5 194;11 797;612;9 300;;Nordea osingot nordnet + nordnet + Osuuspankki;;;;;694;10 851;789,0;1686,0;-16,6 %;-4 513;-83,81 %;18,6 %;;;;;;;;;;;1486;840;1007,9;
07.04.26;07.04.26;Tuesday;0,59 %;19 030;6 967;0;1 296;27 293;17 267;-217;633;8;9;17;850;667;27 960;0;0;8 331;3 188;4 898;11 519;850;9 300;;;;;;;;10 693;789,0;2339,0;-16,0 %;-4 354;-82,74 %;59,9 %;;;;;;;;;;;1487;840;1008,55;
08.04.26;08.04.26;Wednesday;1,80 %;19 302;7 186;0;1 297;27 785;17 326;-209;700;8;9;17;909;734;28 519;0;0;8 331;3 188;4 898;11 519;909;9 300;;Osinko Outokumpu. Vanhemmat maksoi 102€ kuluja;;;;;12;11 193;789,0;2272,0;-13,9 %;-3 862;-79,51 %;55,7 %;;;;;;;;;;;1488;840;1009,2;
09.04.26;09.04.26;Thursday;-0,03 %;19 394;7 074;0;1 310;27 778;17 407;-290;700;8;9;17;990;734;28 512;0;0;8 331;3 188;4 898;11 519;990;9 300;;;;;;;;11 105;789,0;2272,0;-13,9 %;-3 869;-79,55 %;55,7 %;;;;;;;;;;;1489;840;1009,85;
10.04.26;10.04.26;Friday;1,39 %;19 633;7 216;0;1 316;28 165;17 458;-631;410;8;9;17;1 041;444;28 609;0;0;8 331;3 188;4 898;11 519;1 041;9 300;;;;;;;;11 151;789,0;2562,0;-12,4 %;-3 482;-77,09 %;74,1 %;;;;;;;;;;;1490;840;1010,5;
13.04.26;13.04.26;Monday;0,02 %;19 595;7 262;0;1 313;28 170;17 559;-732;410;8;9;17;1 142;444;28 614;0;0;8 331;3 188;4 898;11 519;1 142;9 300;;;;;;;;11 055;789,0;2562,0;-12,3 %;-3 477;-77,05 %;74,1 %;;;;;;;;;;;1491;840;1011,15;
14.04.26;14.04.26;Tuesday;1,97 %;19 986;7 408;0;1 332;28 726;17 580;-753;410;8;9;17;1 163;444;29 170;0;0;8 331;3 188;4 898;11 519;1 163;9 300;;Osinko Fortum 109€;;;;;109;11 590;789,0;2562,0;-10,2 %;-2 921;-73,63 %;74,1 %;;;;;;;;;;;1492;840;1011,8;
15.04.26;15.04.26;Wednesday;-0,39 %;19 901;7 381;0;1 332;28 614;17 609;-906;286;8;9;17;1 192;320;28 934;0;0;8 331;3 188;4 898;11 519;1 192;9 420;;;;;;;;11 325;789,0;2686,0;-10,6 %;-3 033;-74,31 %;81,9 %;;;;;;;;;;;1493;840;1012,45;
16.04.26;16.04.26;Thursday;-0,60 %;19 849;7 262;0;1 332;28 443;17 609;-906;286;8;9;17;1 192;320;28 763;0;0;8 331;3 188;4 898;11 519;1 192;9 420;;;;;;;;11 154;789,0;2686,0;-11,3 %;-3 204;-75,35 %;81,9 %;;;;;;;;;;;1494;840;1013,1;
17.04.26;17.04.26;Friday;0,57 %;19 918;7 319;0;1 369;28 606;17 916;-1 213;286;8;9;17;1 499;320;28 926;0;0;8 331;3 188;4 898;11 519;1 499;9 420;;;;;;;;11 010;789,0;2686,0;-10,6 %;-3 041;-74,36 %;81,9 %;;;;;;;;;;;1495;840;1013,75;
20.04.26;20.04.26;Monday;-0,51 %;19 836;7 255;0;1 369;28 460;18 226;-1 309;500;8;9;17;1 809;534;28 994;0;0;8 331;3 188;4 898;11 519;1 809;9 420;;Myin vanhoja kirjoja Alfa Antikva divariin sain 25euroa;;;;;;10 768;789,0;2472,0;-11,2 %;-3 187;-75,25 %;68,4 %;;;;;;;;;;;1496;840;1014,4;
21.04.26;21.04.26;Tuesday;-0,03 %;19 817;7 266;0;1 369;28 452;18 226;-1 309;500;8;9;17;1 809;534;28 986;0;0;8 331;3 188;4 898;11 519;1 809;9 420;;;;;;;;10 760;789,0;2472,0;-11,2 %;-3 195;-75,30 %;68,4 %;;;;;;;;;;;1497;840;1015,05;
22.04.26;22.04.26;Wednesday;1,03 %;20 081;7 294;0;1 369;28 744;18 226;-1 309;500;8;9;17;1 809;534;29 278;0;0;8 331;3 188;4 898;11 519;1 809;9 420;;;;;;;;11 052;789,0;2472,0;-10,1 %;-2 903;-73,52 %;68,4 %;;;;;;;;;;;1498;840;1015,7;
23.04.26;23.04.26;Thursday;-0,26 %;20 073;7 227;0;1 369;28 669;18 455;-1 728;310;8;9;17;2 038;344;29 013;0;0;8 331;3 188;4 898;11 519;2 038;9 420;;;;;;;;10 558;789,0;2662,0;-10,4 %;-2 978;-73,97 %;80,4 %;;;;;;;;;;;1499;840;1016,35;
24.04.26;24.04.26;Friday;-0,38 %;19 989;7 166;0;1 404;28 559;18 473;-1 683;373;8;9;17;2 056;407;28 966;0;0;8 331;3 188;4 898;11 519;2 056;9 420;;Vanhemmat maksoivat 63€ kuluja 21.4.;;;;;;10 493;789,0;2599,0;-10,8 %;-3 088;-74,64 %;76,4 %;;;;;;;;;;;1500;840;1017;
27.04.26;27.04.26;Monday;0,19 %;19 989;7 221;0;1 404;28 614;18 560;-1 770;373;8;9;17;2 143;407;29 021;0;0;8 331;3 188;4 898;11 519;2 143;9 420;;;;;;;;10 461;789,0;2599,0;-10,6 %;-3 033;-74,31 %;76,4 %;;;;;;;;;;;1501;840;1017,65;
28.04.26;28.04.26;Tuesday;0,13 %;20 006;7 241;0;1 404;28 651;18 925;-2 135;373;8;9;17;2 508;407;29 058;0;0;8 331;3 188;4 898;11 519;2 508;9 420;;Ostin Matleenalle makuupussi ja makuualusta 290€ syntymäpäivälahja;;;;;;10 133;789,0;2599,0;-10,5 %;-2 996;-74,08 %;76,4 %;;;;;;;;;;;1502;840;1018,3;
04.05.26;04.05.26;Monday;0,95 %;20 362;7 157;0;1 404;28 923;19 440;47;3 070;8;9;17;3 023;3 104;32 027;0;0;8 331;3 188;4 898;11 519;3 023;9 420;;Pariisinmatka kolme yötä;;;;;;12 587;789,0;-98,0;-9,4 %;-2 724;-72,44 %;-94,3 %;;;;;;;;;;;1503;840;1018,95;
05.05.26;05.05.26;Tuesday;0,68 %;20 509;7 189;0;1 423;29 121;17 026;-766;420;8;9;17;1 186;454;29 575;0;0;8 176;3 065;4 599;11 241;1 186;9 420;;"Äidillä syöpä, Leena soitti. Soitin äidille. Hän sanoi että ei leikata. ""Näillä mennään"".";;;;;;12 549;789,0;2552,0;-8,7 %;-2 526;-71,27 %;73,4 %;;;;;;;;;;;1504;840;1019,6;
06.05.26;06.05.26;Wednesday;0,58 %;20 600;7 266;0;1 423;29 289;17 026;-766;420;8;9;17;1 186;454;29 743;0;0;8 176;3 065;4 599;11 241;1 186;9 420;;;;;;;;12 717;789,0;2552,0;-8,1 %;-2 358;-70,29 %;73,4 %;;;;;;;;;;;1505;840;1020,25;
07.05.26;07.05.26;Thursday;0,00 %;20 600;7 266;0;1 423;29 289;17 074;-814;420;8;9;17;1 234;454;29 743;0;0;8 176;3 065;4 599;11 241;1 234;9 420;;;;;;;;12 669;789,0;2552,0;-8,1 %;-2 358;-70,29 %;73,4 %;;;;;;;;;;;1506;840;1020,9;
08.05.26;08.05.26;Friday;-1,86 %;20 207;7 115;0;1 423;28 745;17 147;-887;420;8;9;17;1 307;454;29 199;0;0;8 176;3 065;4 599;11 241;1 307;9 420;;;;;;;;12 052;789,0;2552,0;-10,1 %;-2 902;-73,51 %;73,4 %;;;;;;;;;;;1507;840;1021,55;
11.05.26;11.05.26;Monday;-0,05 %;20 188;7 120;0;1 423;28 731;17 201;-1 231;130;8;9;17;1 361;164;28 895;0;0;8 176;3 065;4 599;11 241;1 361;9 420;;;;Myynti Fortum 97@20,46 yht.1985;;;;11 694;789,0;2842,0;-10,1 %;-2 916;-73,60 %;91,8 %;;;;;;;;;;;1508;840;1022,2;
13.05.26;13.05.26;Wednesday;0,02 %;20 257;7 058;0;1 423;28 738;17 284;-1 314;130;8;9;17;1 444;164;28 902;0;0;8 176;3 065;4 599;11 241;1 444;9 420;;;;;;;;11 618;789,0;2842,0;-10,1 %;-2 909;-73,55 %;91,8 %;;;;;;;;;;;1509;840;1022,85;
15.05.26;15.05.26;Friday;-5,60 %;18 660;7 045;0;1 423;27 128;17 284;-375;1 069;8;9;17;1 444;1 103;28 231;0;0;8 176;3 065;4 599;11 241;1 444;9 540;;Nosto 1500€ nordnetistä;;;;;;10 947;789,0;1903,0;-16,7 %;-4 519;-83,85 %;32,3 %;;;;;;;;;;;1510;840;1023,5;
18.05.26;18.05.26;Monday;1,05 %;18 747;7 191;0;1 476;27 414;17 344;-435;1 069;8;9;17;1 504;1 103;28 517;0;0;8 176;3 065;4 599;11 241;1 504;9 540;;;;;;;;11 173;789,0;1903,0;-15,4 %;-4 233;-81,94 %;32,3 %;;;;;;;;;;;1511;840;1024,15;
19.05.26;19.05.26;Tuesday;0,40 %;18 809;7 243;0;1 473;27 525;17 411;-515;1 056;8;9;17;1 571;1 090;28 615;0;0;8 176;3 065;4 599;11 241;1 571;9 540;;;;;;;;11 204;789,0;1916,0;-15,0 %;-4 122;-81,20 %;33,2 %;;;;;;;;;;;1512;840;1024,8;
20.05.26;20.05.26;Wednesday;0,00 %;18 809;7 243;0;1 473;27 525;17 411;-515;1 056;8;9;17;1 571;1 090;28 615;0;0;8 176;3 065;4 599;11 241;1 571;9 540;;;;;;;;11 204;789,0;1916,0;-15,0 %;-4 122;-81,20 %;33,2 %;;;;;;;;;;;1513;840;1025,45;
